OriginalIndex,TargetIndex,ProposedResidualScaleMode,ProposedResidualScaleGain,ProposedZoomEnabled,ProposedZoomPreserveOmniRMS,ProposedZoomDepthCoeff,ProposedZoomDistance_m,Original_RMS_dB,Original_IntegratedLoudness_LUFS,Original_WaveformErrorToTarget_dB,Original_PBC2ToTarget,Original_C50_dB,Original_DRR_dB,Original_T60_s,Original_T60Fit_R2,Original_T60FitRange,Original_EDCSimilarityRMSE_dB,Original_DirectArrival_ms,Baseline_RMS_dB,Baseline_IntegratedLoudness_LUFS,Baseline_WaveformErrorToTarget_dB,Baseline_PBC2ToTarget,Baseline_C50_dB,Baseline_DRR_dB,Baseline_T60_s,Baseline_T60Fit_R2,Baseline_T60FitRange,Baseline_EDCSimilarityRMSE_dB,Baseline_DirectArrival_ms,Proposed_RMS_dB,Proposed_IntegratedLoudness_LUFS,Proposed_WaveformErrorToTarget_dB,Proposed_PBC2ToTarget,Proposed_C50_dB,Proposed_DRR_dB,Proposed_T60_s,Proposed_T60Fit_R2,Proposed_T60FitRange,Proposed_EDCSimilarityRMSE_dB,Proposed_DirectArrival_ms,Target_RMS_dB,Target_IntegratedLoudness_LUFS,Target_WaveformErrorToTarget_dB,Target_PBC2ToTarget,Target_C50_dB,Target_DRR_dB,Target_T60_s,Target_T60Fit_R2,Target_T60FitRange,Target_EDCSimilarityRMSE_dB,Target_DirectArrival_ms
1,1,full,1,1,1,1,0,-46.2240927885674,-29.3581884478413,-Inf,-0.115347283891013,7.50738373283123,0.367883094910309,0.92841481643138,0.978361273675621,-5 to -55 dB,0,8.64583333333333,-46.1651612006712,-29.260252086982,-67.032363192496,7.13541450550621,7.58440551147453,0.10873751118023,0.927069210394659,0.978386341459459,-5 to -55 dB,0.0654969245925536,8.64583333333333,-46.0799445767542,-29.1802194280598,-65.0499750462842,9.1238144432935,7.69522159247559,-0.062153977198402,0.925460971015188,0.978396876437195,-5 to -55 dB,0.160033959852867,8.64583333333333,-46.2240927885674,-29.3581884478413,-Inf,0,7.50738373283123,0.367883094910309,0.92841481643138,0.978361273675621,-5 to -55 dB,0,8.64583333333333
1,2,full,1,1,1,1,0.05,-46.2240927885674,-29.3581884478413,-43.3901252083232,11.6434512820474,7.50738373283123,0.367883094910309,0.92841481643138,0.978361273675621,-5 to -55 dB,1.09614987647472,8.64583333333333,-46.3159827111469,-29.4075152391975,-45.379280218126,11.3763899604698,7.3739425873001,0.609635983511593,0.931371945840828,0.978336418226895,-5 to -55 dB,1.06536609518909,8.58333333333333,-46.262333801288,-29.371529953715,-45.36378953436,11.8606126687179,7.44469570429832,0.495062147936401,0.929418046232765,0.978362269055336,-5 to -55 dB,1.08037933161177,8.58333333333333,-46.2710811571203,-29.3956575092356,-Inf,0,7.53127222975191,0.108461412387513,0.946439491090746,0.983837818968868,-5 to -55 dB,0,8.58333333333333
1,3,full,1,1,1,1,0.1,-46.2240927885674,-29.3581884478413,-43.0000953928896,13.5466293199012,7.50738373283123,0.367883094910309,0.92841481643138,0.978361273675621,-5 to -55 dB,0.633910167568044,8.64583333333333,-46.293288370057,-29.4062282721471,-44.3138647465001,13.3213311055662,7.38944577076723,0.706314515147328,0.930817559332605,0.978348369370239,-5 to -55 dB,0.650092165669886,8.52083333333333,-46.2620809956638,-29.3766625173366,-44.3173535381554,13.6035080674972,7.43066928071755,0.638673189140344,0.930018119133802,0.978351836198519,-5 to -55 dB,0.642568279016813,8.52083333333333,-46.3633898560668,-29.3120204859389,-Inf,0,7.49742296735654,-0.43000341665159,0.922649664254588,0.982665627086205,-5 to -55 dB,0,8.52083333333333
1,4,full,1,1,1,1,0.15,-46.2240927885674,-29.3581884478413,-43.3713043969602,14.3337755037213,7.50738373283123,0.367883094910309,0.92841481643138,0.978361273675621,-5 to -55 dB,1.43385304055899,8.64583333333333,-46.3000715728398,-29.3908074448454,-45.0319961189901,16.7395875754442,7.33656580218782,0.857185784914845,0.931335557164241,0.978336957234681,-5 to -55 dB,1.38813988737501,8.45833333333333,-46.2626043402534,-29.3528985202905,-45.0378899578994,16.8227485816967,7.38623459609752,0.774508426816048,0.930391721609908,0.978343757034454,-5 to -55 dB,1.40367943289612,8.45833333333333,-46.2223901551396,-29.2064648108613,-Inf,0,7.46428101336516,-0.072386820901153,0.95668906546871,0.98540329961535,-5 to -55 dB,0,8.45833333333333
1,5,full,1,1,1,1,0.2,-46.2240927885674,-29.3581884478413,-43.5393299208191,13.9708394114543,7.50738373283123,0.367883094910309,0.92841481643138,0.978361273675621,-5 to -55 dB,0.91460651881521,8.64583333333333,-46.2832821302246,-29.4188992364481,-44.6026812991732,17.1031299855584,7.85978213606722,0.882926096659955,0.917365389034058,0.978373851364281,-5 to -55 dB,0.963368542293588,8.27083333333333,-46.2505511212609,-29.3795425788829,-44.601486726376,17.6406517467007,7.33715617994731,0.880712936561572,0.930193752800611,0.978349788842357,-5 to -55 dB,0.920489560456223,8.39583333333333,-46.3231588421517,-29.3447942584804,-Inf,0,7.32053682250371,-0.296551136924811,0.909333002487771,0.986386751112552,-5 to -55 dB,0,8.39583333333333
1,6,full,1,1,1,1,0.25,-46.2240927885674,-29.3581884478413,-43.4953940845792,17.7455800083551,7.50738373283123,0.367883094910309,0.92841481643138,0.978361273675621,-5 to -55 dB,0.928249662346819,8.64583333333333,-46.2350278011222,-29.3472333321169,-43.9806312684699,20.9093740454597,7.91083286645183,0.876018437155718,0.916599117073937,0.978333832331802,-5 to -55 dB,0.818142724213756,8.22916666666667,-46.2494467333186,-29.3664497550326,-44.0102830568113,20.7806608854007,7.87843968446817,0.908144212113792,0.917025512919247,0.978290616999606,-5 to -55 dB,0.817442055291694,8.22916666666667,-46.3942225149221,-29.1947183719681,-Inf,0,7.09484231567776,-0.612564455319111,0.891746149342017,0.983259253143438,-5 to -55 dB,0,8.35416666666667
1,7,full,1,1,1,1,0.3,-46.2240927885674,-29.3581884478413,-43.5911969652007,20.4648246846747,7.50738373283123,0.367883094910309,0.92841481643138,0.978361273675621,-5 to -55 dB,0.929863555602698,8.64583333333333,-46.215562424189,-29.2914929681837,-44.6956251373752,22.1418127268325,7.93295973114247,1.01169208631183,0.915561715633234,0.97830171806606,-5 to -55 dB,1.09357397803989,8.16666666666667,-46.2095891862341,-29.2622403024122,-44.7135407298736,21.4532376680031,7.92435496006139,0.998190426939862,0.91605510226041,0.978259733558937,-5 to -55 dB,1.09587912040983,8.16666666666667,-46.5739251906582,-29.2746222063988,-Inf,0,6.99627220546337,-0.925976369294485,0.90916972260853,0.987614145022487,-5 to -55 dB,0,8.29166666666667
1,8,full,1,1,1,1,0.35,-46.2240927885674,-29.3581884478413,-43.6335954334765,23.231000687175,7.50738373283123,0.367883094910309,0.92841481643138,0.978361273675621,-5 to -55 dB,1.20680429530335,8.64583333333333,-46.1694521604982,-29.2807586612922,-45.7388529143447,23.6100549228977,8.0037169931824,1.02363978843558,0.915284178292997,0.978326149033162,-5 to -55 dB,1.48574933024773,8.125,-46.1627953869673,-29.2621308604242,-45.7722890108773,23.5449480134548,7.97404033882536,1.00857149801885,0.915658064011756,0.97823792965867,-5 to -55 dB,1.48853969408332,8.125,-46.7932066041362,-29.2121360739947,-Inf,0,6.54756552097578,-1.05167843357296,0.902737973603224,0.989379537325857,-5 to -55 dB,0,8.25
1,9,full,1,1,1,1,0.4,-46.2240927885674,-29.3581884478413,-43.7503724179461,25.9582429575787,7.50738373283123,0.367883094910309,0.92841481643138,0.978361273675621,-5 to -55 dB,1.28020658530558,8.64583333333333,-46.1307994097198,-29.2286463036374,-44.9756179222449,26.6248627581091,8.01963187207297,1.00836485789505,0.914945230002434,0.978299993785996,-5 to -55 dB,1.51867784568256,8.0625,-46.1268025261299,-29.2165590709033,-44.9918973903592,26.6788404945528,7.98709545089279,0.999331735440187,0.915123680040749,0.978202062656098,-5 to -55 dB,1.51936198879632,8.0625,-46.8181060391979,-29.1884041787944,-Inf,0,6.70445251476121,-1.27764004142061,0.91274393070177,0.985239880335611,-5 to -55 dB,0,8.1875
1,10,full,1,1,1,1,0.45,-46.2240927885674,-29.3581884478413,-43.6700641749753,29.1413848698039,7.50738373283123,0.367883094910309,0.92841481643138,0.978361273675621,-5 to -55 dB,1.71391092542857,8.64583333333333,-46.0965464859175,-29.1921070039686,-45.1726157600439,29.4950374804968,8.05521153318727,1.00125906978672,0.91462895270774,0.978277535270059,-5 to -55 dB,2.16027943334276,8.02083333333333,-46.0821811500514,-29.1731091141018,-45.1666664440256,29.5966468159234,8.03478064897659,0.96887093774774,0.914738838759535,0.978180005240491,-5 to -55 dB,2.17162575487127,8.02083333333333,-46.8721112500335,-29.1488370827975,-Inf,0,6.66202218213184,-1.86473761069137,0.954176804334825,0.985978426743846,-5 to -55 dB,0,8.14583333333333
1,11,full,1,1,1,1,0.5,-46.2240927885674,-29.3581884478413,-43.5276583340613,30.1264234531972,7.50738373283123,0.367883094910309,0.92841481643138,0.978361273675621,-5 to -55 dB,1.63283328345283,8.64583333333333,-46.0687498023157,-29.1598791926865,-44.8484340329454,31.7093695412667,8.08670616744808,1.03229325281463,0.914086693856973,0.978254380198904,-5 to -55 dB,2.1033160787682,7.97916666666667,-46.0541814321593,-29.1319830597263,-44.8433761834205,31.9154944010596,8.06653864595628,0.999317527783125,0.914377591959135,0.978160809480889,-5 to -55 dB,2.11465240593065,7.97916666666667,-46.8720960514217,-29.0861995153498,-Inf,0,6.59800391272649,-1.67360797863122,0.966326343717234,0.98553716722873,-5 to -55 dB,0,8.10416666666667
1,12,full,1,1,1,1,0.55,-46.2240927885674,-29.3581884478413,-43.5822166076764,30.5756236521384,7.50738373283123,0.367883094910309,0.92841481643138,0.978361273675621,-5 to -55 dB,1.27247140718556,8.64583333333333,-46.0417840218461,-29.1333839834233,-44.2501832703756,32.5756681269047,8.11725871454753,1.06694861090633,0.913924284920449,0.97822674304841,-5 to -55 dB,1.81540954746402,7.9375,-46.0445770235153,-29.1342129384038,-44.2597593838975,32.5691321070401,8.07700015952967,1.07331503511818,0.914260848829591,0.978155478496376,-5 to -55 dB,1.81144885727754,7.9375,-46.9027689043639,-29.1361672178058,-Inf,0,6.86472368985495,-2.17226884632309,0.962432838562978,0.980609608266255,-5 to -55 dB,0,8.0625
1,13,full,1,1,1,1,0.6,-46.2240927885674,-29.3581884478413,-43.6012221682834,34.6283381317539,7.50738373283123,0.367883094910309,0.92841481643138,0.978361273675621,-5 to -55 dB,1.37617257664084,8.64583333333333,-46.022817983545,-29.1392636763507,-44.763627333846,37.3301340873626,8.14142037806918,1.11564025788306,0.912882796819581,0.978213943120356,-5 to -55 dB,1.76770066042563,7.89583333333333,-46.0100043947172,-29.1009571566705,-44.7822187316926,37.6557103391106,8.11316750910442,1.08631585503324,0.912162724022144,0.978103403294439,-5 to -55 dB,1.77534014225179,7.89583333333333,-46.8374941351623,-29.0246742858823,-Inf,0,6.33720606359897,-1.93091626864638,0.908992466557001,0.98834978025762,-5 to -55 dB,0,8.02083333333333
1,14,full,1,1,1,1,0.65,-46.2240927885674,-29.3581884478413,-43.5431113346364,38.2028050698581,7.50738373283123,0.367883094910309,0.92841481643138,0.978361273675621,-5 to -55 dB,1.21022494824911,8.64583333333333,-45.9872834551351,-29.086745111597,-44.2887890942907,37.6030017537533,8.18068131742969,1.12773493203945,0.911657614651503,0.978171432525799,-5 to -55 dB,1.69380462323566,7.875,-45.9835987319544,-29.0722856381971,-44.3030408199719,37.8862555957228,8.14192079203374,1.11927760394009,0.911616920447795,0.978075207823478,-5 to -55 dB,1.69469316977397,7.875,-46.8430550685355,-28.9934986501303,-Inf,0,6.34008615380387,-2.38802286982208,0.926659662480295,0.98472608756487,-5 to -55 dB,0,8
1,15,full,1,1,1,1,0.7,-46.2240927885674,-29.3581884478413,-43.4547067832204,40.9704238071311,7.50738373283123,0.367883094910309,0.92841481643138,0.978361273675621,-5 to -55 dB,1.53605738945595,8.64583333333333,-45.9818023217989,-29.0870449357939,-43.9303572160186,41.2924424500284,7.60590922012709,1.19463650915961,0.924756974935654,0.978467112692323,-5 to -55 dB,1.65144226232141,7.95833333333333,-45.9688799696024,-29.0553619918004,-43.9344121471864,41.0394718192036,8.1558036259498,1.16159899430101,0.911040039336211,0.978052050136892,-5 to -55 dB,2.08965254477273,7.83333333333333,-46.6288297897921,-28.7752891371434,-Inf,0,6.42752217223355,-2.20744656442677,0.955922260978906,0.983045306076388,-5 to -55 dB,0,7.95833333333333
1,16,full,1,1,1,1,0.75,-46.2240927885674,-29.3581884478413,-43.5346594754001,36.0909373844514,7.50738373283123,0.367883094910309,0.92841481643138,0.978361273675621,-5 to -55 dB,2.01958600339042,8.64583333333333,-45.9624941777664,-29.1227181080653,-43.8042837247195,37.4081505903455,7.62613551316623,1.23522372881695,0.924042813505035,0.978482713012669,-5 to -55 dB,2.15764513739932,7.9375,-45.9527862062981,-29.0931532557657,-43.8206073769853,37.7139334456432,8.16688572967621,1.20993618842138,0.910679366501908,0.978037282860745,-5 to -55 dB,2.60617006778094,7.8125,-46.5813575189225,-28.9178819870904,-Inf,0,6.58582868444044,-2.05597357946754,0.99584322594918,0.979854497901262,-5 to -55 dB,0,7.9375
1,17,full,1,1,1,1,0.8,-46.2240927885674,-29.3581884478413,-43.5554583302932,32.2428369121978,7.50738373283123,0.367883094910309,0.92841481643138,0.978361273675621,-5 to -55 dB,1.68817769733029,8.64583333333333,-45.9358086810771,-29.1081440324708,-43.3935448417275,34.9451291921426,7.8180525429755,1.24368947362489,0.918461123009552,0.978424203796744,-5 to -55 dB,1.93854419583218,7.875,-45.9357598245007,-29.0865237804432,-43.3978687629289,34.411632259303,7.60926809091919,1.2440523959413,0.923089484452243,0.978379335046645,-5 to -55 dB,1.82533728167489,7.89583333333333,-46.4325133592359,-29.0105043586862,-Inf,0,6.48157654638603,-2.09662012904444,0.94899071036939,0.983658457513422,-5 to -55 dB,0,7.89583333333333
1,18,full,1,1,1,1,0.85,-46.2240927885674,-29.3581884478413,-43.4164743819916,29.6951084035489,7.50738373283123,0.367883094910309,0.92841481643138,0.978361273675621,-5 to -55 dB,1.50999302885022,8.64583333333333,-45.9334097193274,-29.162894244496,-43.3332605899987,33.8359890865474,7.81792560294705,1.29918746790277,0.918329142198555,0.978436141007284,-5 to -55 dB,1.77074082729587,7.85416666666667,-45.936229169122,-29.1322542046069,-43.34547229951,32.9199096325087,7.60274253306957,1.30647809846428,0.923227036172614,0.978380515308117,-5 to -55 dB,1.6485026691923,7.875,-46.3718317377734,-28.9260026399122,-Inf,0,6.98235577523473,-2.13906267123435,0.949262808131282,0.986469621849793,-5 to -55 dB,0,7.875
1,19,full,1,1,1,1,0.9,-46.2240927885674,-29.3581884478413,-43.2651637697825,33.3512226768432,7.50738373283123,0.367883094910309,0.92841481643138,0.978361273675621,-5 to -55 dB,1.48851401784546,8.64583333333333,-45.9159693173961,-29.1378168171269,-43.1023418571486,36.0220922069335,7.83453606820607,1.32195466546045,0.917616801777634,0.9784179232,-5 to -55 dB,1.75722016749705,7.83333333333333,-45.9175346842357,-29.1199225936828,-43.1185280434885,35.5123502243713,7.62349128547189,1.32779544661976,0.92239647561235,0.978379107311434,-5 to -55 dB,1.64010659101484,7.85416666666667,-46.1252341136902,-28.834987672347,-Inf,0,7.17340949226551,-1.58464028548787,0.96862951403855,0.984632789427612,-5 to -55 dB,0,7.85416666666667
1,20,full,1,1,1,1,0.95,-46.2240927885674,-29.3581884478413,-43.2176486505702,30.1898288572377,7.50738373283123,0.367883094910309,0.92841481643138,0.978361273675621,-5 to -55 dB,1.45006601557078,8.64583333333333,-45.912862409756,-29.1453722877527,-42.9319111471685,32.6932742221752,7.8285405525739,1.37654547234497,0.917298353346628,0.978420695585081,-5 to -55 dB,1.71605582488581,7.8125,-45.9185477218785,-29.1199076787259,-42.9504637003059,31.8256065407329,7.61589808997099,1.39159921097837,0.922670525285001,0.978378142315367,-5 to -55 dB,1.59610071940758,7.83333333333333,-46.0431525225309,-28.8048735510328,-Inf,0,7.29460133803481,-1.81121369955504,0.963029430713793,0.983251233875828,-5 to -55 dB,0,7.83333333333333
1,21,full,1,1,1,1,1,-46.2240927885674,-29.3581884478413,-43.1860897380272,31.361109578181,7.50738373283123,0.367883094910309,0.92841481643138,0.978361273675621,-5 to -55 dB,0.834414978335523,8.64583333333333,-45.8949916484405,-29.1342989964337,-43.1805657208966,34.7586149226128,7.84631840823769,1.42153656273438,0.917159546491985,0.978412659485314,-5 to -55 dB,1.07532203024685,7.79166666666667,-45.8989055829142,-29.0937686797736,-43.2113716205527,33.5504886910632,7.63141747557271,1.43148973543136,0.921802016236101,0.978379739154811,-5 to -55 dB,0.964640009271623,7.8125,-46.0651387819634,-28.9218007032927,-Inf,0,7.32867850752205,-1.90031816248827,0.946932830221917,0.980470509261186,-5 to -55 dB,0,7.8125
1,22,full,1,1,1,1,1.05,-46.2240927885674,-29.3581884478413,-43.2148555849521,33.1328276805661,7.50738373283123,0.367883094910309,0.92841481643138,0.978361273675621,-5 to -55 dB,1.3594921237024,8.64583333333333,-45.8872393856044,-29.1186874359801,-42.9470742474602,36.7589967698613,7.85438315004818,1.44770996087016,0.917104665950344,0.978412422991218,-5 to -55 dB,1.62667099871479,7.77083333333333,-45.9036809330045,-29.0922603475669,-42.9705720380972,35.5297530873814,7.61983338225518,1.48904097843175,0.921974706607553,0.978379026976283,-5 to -55 dB,1.49956710763875,7.79166666666667,-46.0229569769829,-28.8254484347687,-Inf,0,7.16717174364251,-1.62364703933585,0.939681203321603,0.984563244727386,-5 to -55 dB,0,7.79166666666667
1,23,full,1,1,1,1,1.1,-46.2240927885674,-29.3581884478413,-43.09089176672,33.1793706954277,7.50738373283123,0.367883094910309,0.92841481643138,0.978361273675621,-5 to -55 dB,2.40340273769023,8.64583333333333,-45.8743394661675,-29.1189488286946,-42.7246625528219,37.3635440323326,7.86931715608131,1.44666567440067,0.916885048617992,0.978401412849209,-5 to -55 dB,2.70872996928523,7.77083333333333,-45.8633439896554,-29.0801503121617,-42.7305675742314,36.3875092150245,7.67116204239894,1.43129764427447,0.920848436558395,0.978364418496353,-5 to -55 dB,2.5999305419331,7.79166666666667,-46.0200913433622,-28.8365745768,-Inf,0,7.07975562964245,-1.48350492204433,1.02771742609428,0.975403747343197,-5 to -55 dB,0,7.79166666666667
1,24,full,1,1,1,1,1.15,-46.2240927885674,-29.3581884478413,-43.2529346588576,30.4184610810751,7.50738373283123,0.367883094910309,0.92841481643138,0.978361273675621,-5 to -55 dB,1.68296260628261,8.64583333333333,-45.8569924603276,-29.1209363516271,-43.2580851803916,33.6260414420899,7.89017890613842,1.47849746381224,0.916532374183371,0.978385911227845,-5 to -55 dB,2.01767131429625,7.75,-45.8282548023423,-29.0592926908761,-43.253560760096,32.4897433680829,7.71588907053731,1.39914359110286,0.919944725867404,0.978341665513263,-5 to -55 dB,1.91944096101411,7.77083333333333,-46.2629403579689,-28.8476650831288,-Inf,0,6.98913801494814,-1.46518117208895,0.963836064848384,0.984686468808182,-5 to -55 dB,0,7.77083333333333
1,25,full,1,1,1,1,1.2,-46.2240927885674,-29.3581884478413,-43.4052444431027,27.8485354267291,7.50738373283123,0.367883094910309,0.92841481643138,0.978361273675621,-5 to -55 dB,1.56438768444857,8.64583333333333,-45.8523120896871,-29.1140907302032,-43.7146200535501,33.5756916808344,7.89530700792685,1.48532447566395,0.916549350335285,0.978383340213108,-5 to -55 dB,1.90969498263417,7.75,-45.832641660569,-29.0868099003189,-43.6769449913524,33.2194526113642,7.70896087148301,1.44666457081873,0.920311377862919,0.978358678602182,-5 to -55 dB,1.79964061823288,7.77083333333333,-46.6555166572431,-29.0255380230743,-Inf,0,6.47257168530385,-1.87779134019521,0.943160191053424,0.984657936765223,-5 to -55 dB,0,7.77083333333333
1,26,full,1,1,1,1,1.25,-46.2240927885674,-29.3581884478413,-43.5746280029512,25.9557927375212,7.50738373283123,0.367883094910309,0.92841481643138,0.978361273675621,-5 to -55 dB,2.76791366864103,8.64583333333333,-45.853732807029,-29.1288198622434,-43.733148387973,28.1678557157727,7.89301377645305,1.49963403160226,0.916619350578258,0.978387585635639,-5 to -55 dB,3.12933921070073,7.75,-45.8266734000748,-29.0846659288726,-43.6968458367128,27.0470900487812,7.88421912260517,1.43956502453637,0.915921198507809,0.978253253881254,-5 to -55 dB,3.1556664538969,7.75,-47.1045155685638,-31.032943332383,-Inf,0,5.74039455177005,-1.96100381177933,0.972697019223046,0.988100345066493,-5 to -55 dB,0,7.77083333333333
1,27,full,1,1,1,1,1.3,-46.2240927885674,-29.3581884478413,-43.5660094597329,25.7387545741513,7.50738373283123,0.367883094910309,0.92841481643138,0.978361273675621,-5 to -55 dB,2.33536699125268,8.64583333333333,-45.8490079766271,-29.1248576016531,-43.7738200663524,28.0431525452844,7.89884892713746,1.49187439143903,0.916201114954065,0.978373347623662,-5 to -55 dB,2.69703024187817,7.75,-45.8245118505726,-29.081938405374,-43.7465818786178,27.7642540818917,7.88680054356816,1.44938169798523,0.915894737024217,0.978251796000129,-5 to -55 dB,2.72014413303303,7.75,-47.0548683333744,-29.259609340957,-Inf,0,5.53445029768267,-1.93340623011537,0.96960789437445,0.983335643205871,-5 to -55 dB,0,7.77083333333333
1,28,full,1,1,1,1,1.35,-46.2240927885674,-29.3581884478413,-43.5882384657153,25.7535164542037,7.50738373283123,0.367883094910309,0.92841481643138,0.978361273675621,-5 to -55 dB,2.48972506867439,8.64583333333333,-45.8548574546939,-29.1470228409798,-43.7123015124015,27.9685533353887,7.89158573145418,1.50234764879503,0.916639006534661,0.978388233258106,-5 to -55 dB,2.84412454033127,7.75,-45.8111173336376,-29.0621956979265,-43.6833386869415,27.1583999080531,7.90395584207087,1.46413410913663,0.915771738119756,0.978244740672989,-5 to -55 dB,2.88659729143292,7.75,-46.9628225980247,-29.2365354997164,-Inf,0,5.44202069796151,-2.51590708804813,0.954934820764532,0.985751079815796,-5 to -55 dB,0,7.77083333333333
1,29,full,1,1,1,1,1.4,-46.2240927885674,-29.3581884478413,-43.6005377520806,28.1021625381263,7.50738373283123,0.367883094910309,0.92841481643138,0.978361273675621,-5 to -55 dB,2.39255548557064,8.64583333333333,-45.8470126014808,-29.1466224271263,-43.6727023991843,29.815818220261,7.90203345264149,1.47257545699645,0.916248083202453,0.978371493040222,-5 to -55 dB,2.77104814101122,7.75,-45.8223169067935,-29.1007718433129,-43.6525962308234,29.9659778728732,7.89023382967367,1.46786239092408,0.915851218784641,0.97824909669245,-5 to -55 dB,2.79529455618712,7.75,-47.0848876275863,-29.4092519554927,-Inf,0,5.43542009447104,-2.19967961290307,0.975737833989945,0.983642558543494,-5 to -55 dB,0,7.77083333333333
1,30,full,1,1,1,1,1.45,-46.2240927885674,-29.3581884478413,-43.7292281868277,26.2516189531298,7.50738373283123,0.367883094910309,0.92841481643138,0.978361273675621,-5 to -55 dB,2.53453575759137,8.64583333333333,-45.8526895452397,-29.1681909640459,-44.1931662856523,27.1615982305643,7.89564116935272,1.46815373674147,0.916563001940083,0.978384842048355,-5 to -55 dB,2.90283750813306,7.75,-45.8222287324872,-29.1099154298027,-44.1539985593177,27.2986733362739,7.89115247724098,1.43249256667829,0.915851218784639,0.97824909669245,-5 to -55 dB,2.93283820681423,7.75,-47.1163605437242,-29.2702670433713,-Inf,0,5.13035129221784,-3.31743847336493,0.974673504096146,0.984766639671696,-5 to -55 dB,0,7.77083333333333
1,31,full,1,1,1,1,1.5,-46.2240927885674,-29.3581884478413,-43.5979064254615,26.3884216368903,7.50738373283123,0.367883094910309,0.92841481643138,0.978361273675621,-5 to -55 dB,3.01632117465909,8.64583333333333,-45.8673962288366,-29.1754492562492,-44.6255094959096,24.1980023409886,7.87813759760525,1.43005307318323,0.916787130758011,0.978391310594028,-5 to -55 dB,3.37368591148863,7.77083333333333,-45.8311208271803,-29.0967922846165,-44.5944393138009,24.6697420279252,7.88102879409871,1.35602839469881,0.915930601746842,0.97825346880609,-5 to -55 dB,3.40991435642858,7.77083333333333,-47.1624049065853,-31.066249255296,-Inf,0,5.32154899485891,-3.33030915661805,0.989326882505916,0.986110217395262,-5 to -55 dB,0,7.79166666666667
1,32,full,1,1,1,1,1.55,-46.2240927885674,-29.3581884478413,-43.768536981495,26.9226531667927,7.50738373283123,0.367883094910309,0.92841481643138,0.978361273675621,-5 to -55 dB,2.89394944039788,8.64583333333333,-45.8769693340294,-29.1747036224011,-44.891991629542,26.5802059151691,7.86743461252485,1.4231471728181,0.917145620900194,0.978394724762684,-5 to -55 dB,3.24405662228811,7.77083333333333,-45.8555842906109,-29.1362540470245,-44.8658148901632,26.2317365958292,7.85141248169301,1.39560904199248,0.916623262655927,0.978280012594679,-5 to -55 dB,3.26489923958445,7.77083333333333,-47.234874075978,-29.3848129066955,-Inf,0,5.31639780761628,-3.34058691919393,1.04193463302831,0.973916010042331,-5 to -55 dB,0,7.79166666666667
1,33,full,1,1,1,1,1.6,-46.2240927885674,-29.3581884478413,-43.7371049192666,26.8521214859552,7.50738373283123,0.367883094910309,0.92841481643138,0.978361273675621,-5 to -55 dB,3.18530804223777,8.64583333333333,-45.8985670349902,-29.2082375917658,-44.8432225817598,25.9012890643999,7.84177240611658,1.43007677099428,0.917325151649584,0.978409741033051,-5 to -55 dB,3.50288610038298,7.79166666666667,-45.8795502945931,-29.1616946517232,-44.8395839660899,25.716069737402,7.6570248896797,1.41177622033129,0.921188180283493,0.978376406935513,-5 to -55 dB,3.39244653218428,7.8125,-47.0008925925064,-29.1447226703639,-Inf,0,5.95943850659576,-2.73687340738665,1.03277896789218,0.979202048896331,-5 to -55 dB,0,7.8125
1,34,full,1,1,1,1,1.65,-46.2240927885674,-29.3581884478413,-43.5817899830627,27.9969438449264,7.50738373283123,0.367883094910309,0.92841481643138,0.978361273675621,-5 to -55 dB,2.29998190102776,8.64583333333333,-45.9036973227668,-29.2223525351708,-44.8251726250965,28.1948963764689,7.84019539316566,1.35482860806594,0.917417292716479,0.978411817201035,-5 to -55 dB,2.61784823019958,7.8125,-45.8813495386767,-29.1648922178356,-44.8124794469745,27.4928938216401,7.66510541419559,1.33013746638281,0.921157999445664,0.978376430989313,-5 to -55 dB,2.50929051526189,7.83333333333333,-46.9577857423135,-29.1713181838958,-Inf,0,6.31049455090869,-1.86058535309475,0.990847689274464,0.982957507491587,-5 to -55 dB,0,7.83333333333333
1,35,full,1,1,1,1,1.7,-46.2240927885674,-29.3581884478413,-43.3161844582696,29.895286017256,7.50738373283123,0.367883094910309,0.92841481643138,0.978361273675621,-5 to -55 dB,2.38086801048845,8.64583333333333,-45.9062367077658,-29.2408123337826,-44.0939058974213,27.0731424888199,7.84690493562877,1.2990613243395,0.917417366301466,0.978411853847353,-5 to -55 dB,2.68447134583775,7.83333333333333,-45.9006360179909,-29.2086851751047,-44.0930834318122,26.7322092027339,7.64584119316204,1.30336009997627,0.921781715121157,0.978379817097045,-5 to -55 dB,2.56602100273838,7.85416666666667,-46.5328122122073,-29.0537641454985,-Inf,0,7.01897326224007,-0.955698727354267,1.01116146779229,0.981515009560781,-5 to -55 dB,0,7.85416666666667
1,36,full,1,1,1,1,1.75,-46.2240927885674,-29.3581884478413,-43.3601331680291,27.8589222818955,7.50738373283123,0.367883094910309,0.92841481643138,0.978361273675621,-5 to -55 dB,2.45339535740023,8.64583333333333,-45.9333299876445,-29.278075215678,-44.1472906171312,28.7178705364245,7.81802700020716,1.29900020357837,0.918338309422347,0.978439431578107,-5 to -55 dB,2.7188113862818,7.85416666666667,-45.9229178775151,-29.2352659116324,-44.1399928281363,28.1366735803505,7.620359182195,1.28479320927959,0.922588048386603,0.978378887163358,-5 to -55 dB,2.61176890904425,7.875,-46.2652652829083,-28.9301515158191,-Inf,0,7.66837955163633,0.0770639027437842,1.01744831114569,0.985280219489,-5 to -55 dB,0,7.875
1,37,full,1,1,1,1,1.8,-46.2240927885674,-29.3581884478413,-42.8499192550887,36.7002073999108,7.50738373283123,0.367883094910309,0.92841481643138,0.978361273675621,-5 to -55 dB,2.05396940318172,8.64583333333333,-45.9431741787227,-29.244410624685,-44.5340547853736,34.4699561585499,7.8086885068329,1.26088219034251,0.918709252388125,0.978444787850063,-5 to -55 dB,2.27605546138829,7.875,-45.945803976887,-29.2110882151957,-44.5250042757774,34.7775497904123,7.59597782953587,1.29604030385369,0.923448873803073,0.978387663450631,-5 to -55 dB,2.1754769181083,7.89583333333333,-45.5567600280073,-28.4793276532638,-Inf,0,8.42995476482801,1.56664458363208,1.02204054782035,0.981093637676946,-5 to -55 dB,0,7.89583333333333
1,38,full,1,1,1,1,1.85,-46.2240927885674,-29.3581884478413,-42.7647006156149,41.1533224590936,7.50738373283123,0.367883094910309,0.92841481643138,0.978361273675621,-5 to -55 dB,2.44740878516748,8.64583333333333,-45.9620275636528,-29.2532611743804,-43.7712917125863,38.4991661691838,7.62675226161127,1.23413706584772,0.924077496052648,0.978489485040714,-5 to -55 dB,2.55643460266544,7.9375,-45.9741965185755,-29.2319586558035,-43.7791629346087,38.5862215547531,7.5667943346804,1.28002265359001,0.9246148223482,0.978392444669488,-5 to -55 dB,2.54929073616078,7.9375,-45.3824317732544,-28.4616946449513,-Inf,0,9.05965027364847,1.98969553863428,1.07431260358165,0.973098290379852,-5 to -55 dB,0,7.9375
1,39,full,1,1,1,1,1.9,-46.2240927885674,-29.3581884478413,-42.5118007340886,42.7688778065827,7.50738373283123,0.367883094910309,0.92841481643138,0.978361273675621,-5 to -55 dB,1.86734401020294,8.64583333333333,-45.9859057412587,-29.2320718104146,-44.045118118058,42.0296330479229,7.60048310886144,1.20414853223136,0.92484171176069,0.978481495230816,-5 to -55 dB,1.92887095499652,7.95833333333333,-45.9849490025768,-29.1988443313971,-44.0357137166112,42.1204948516426,7.55786343349725,1.21281555951213,0.925095467149867,0.97839763299937,-5 to -55 dB,1.93272232218969,7.95833333333333,-45.128424921096,-28.2593958019364,-Inf,0,9.42613470825459,2.15277278087345,1.05201444400872,0.975099996582624,-5 to -55 dB,0,7.95833333333333
1,40,full,1,1,1,1,1.95,-46.2240927885674,-29.3581884478413,-43.2009654238426,39.9536175231934,7.50738373283123,0.367883094910309,0.92841481643138,0.978361273675621,-5 to -55 dB,2.81979547205863,8.64583333333333,-46.0079087706238,-29.270524105514,-43.9008075562017,39.2457533802282,8.15684097282375,1.17524768700577,0.911673376397615,0.978200803857562,-5 to -55 dB,3.29570877245282,7.875,-45.9954751437237,-29.230004013956,-43.8702406204543,40.2579007015101,7.54956867009385,1.17170155382831,0.925252542756545,0.978399355395014,-5 to -55 dB,2.92505638923734,8,-46.0673558903725,-28.9472888863003,-Inf,0,8.73567976443444,1.50827651374416,1.09804133292762,0.972718378139285,-5 to -55 dB,0,8
1,41,full,1,1,1,1,2,-46.2240927885674,-29.3581884478413,-43.0294526110764,33.6866231071109,7.50738373283123,0.367883094910309,0.92841481643138,0.978361273675621,-5 to -55 dB,3.85063490884233,8.64583333333333,-46.0099578080521,-29.2761238313428,-44.876526237073,34.35534802698,8.15629399932656,1.08620944265448,0.912147019149923,0.978206499570171,-5 to -55 dB,4.36389708002253,7.89583333333333,-46.011628187327,-29.2754424094951,-44.865005780899,34.8814551183488,7.5344010383266,1.11637265987517,0.925433458879554,0.978395851528848,-5 to -55 dB,3.95605496185595,8.02083333333333,-46.6189285436852,-29.6383084480836,-Inf,0,8.25892177253554,0.806926150634619,1.12207559076676,0.974565614376463,-5 to -55 dB,0,8.02083333333333
1,42,full,1,1,1,1,2.05,-46.2240927885674,-29.3581884478413,-43.1370794781918,32.2148976284329,7.50738373283123,0.367883094910309,0.92841481643138,0.978361273675621,-5 to -55 dB,4.29063708989158,8.64583333333333,-46.0533513450899,-29.3406206471991,-45.6030341955706,30.3851766227373,8.10386471438138,1.09334957290484,0.913935206473457,0.9782467750848,-5 to -55 dB,4.78961117903918,7.9375,-46.0343767079316,-29.3012415362437,-45.5676664728715,30.9143926588294,7.51437196330735,1.08798284219583,0.925609601528879,0.978394100553746,-5 to -55 dB,4.38482482389956,8.0625,-47.0929219115471,-30.1244190494027,-Inf,0,7.69986899037575,0.207043919504775,1.11808095717353,0.980294555151356,-5 to -55 dB,0,8.0625
1,43,full,1,1,1,1,2.1,-46.2240927885674,-29.3581884478413,-43.5486638500729,30.0789579285984,7.50738373283123,0.367883094910309,0.92841481643138,0.978361273675621,-5 to -55 dB,6.65869532398417,8.64583333333333,-46.0532031526228,-29.3296970346729,-45.9083165879653,30.0339255303664,8.10471578230843,0.997108173978837,0.914212994027043,0.978253117888607,-5 to -55 dB,7.16422004281252,7.97916666666667,-46.048725230432,-29.3173467860995,-45.8749502228809,30.526331227411,8.07286429702235,0.987569653293441,0.914341082437857,0.978159403008643,-5 to -55 dB,7.16791157055318,7.97916666666667,-47.6166177898682,-30.6309088381136,-Inf,0,7.10898622019825,-0.543992993559318,1.27897644717842,0.965046601912372,-5 to -55 dB,0,8.10416666666667
1,44,full,1,1,1,1,2.15,-46.2240927885674,-29.3581884478413,-43.9695832153087,32.1131122255319,7.50738373283123,0.367883094910309,0.92841481643138,0.978361273675621,-5 to -55 dB,6.38129949453953,8.64583333333333,-46.0879265749978,-29.3901112961839,-44.5849586847902,29.1399038201414,8.06520794862992,0.981808469167227,0.914814623878292,0.978287111974483,-5 to -55 dB,6.86855451787634,8.02083333333333,-46.0725029016542,-29.3645992290403,-44.557227257351,29.5761111778699,8.04601123206194,0.950500823270592,0.914651490847102,0.978174884235766,-5 to -55 dB,6.88210787966795,8.02083333333333,-48.0477514031787,-30.8938097783615,-Inf,0,7.11296893029041,-1.26178709172726,1.20607721043593,0.975518832335163,-5 to -55 dB,0,8.14583333333333
1,45,full,1,1,1,1,2.2,-46.2240927885674,-29.3581884478413,-43.989956451093,32.4326719095304,7.50738373283123,0.367883094910309,0.92841481643138,0.978361273675621,-5 to -55 dB,5.86063587825033,8.64583333333333,-46.122980710146,-29.4264987179432,-46.5384521433523,27.3982856906656,8.02870926288675,0.990704054602565,0.915191941913931,0.978303036164352,-5 to -55 dB,6.32283205592335,8.0625,-46.1058673483195,-29.412617449096,-46.4836976579489,27.8666659771495,8.011419740848,0.947215258126284,0.914940022172415,0.97819165148079,-5 to -55 dB,6.33797903281696,8.0625,-47.8735033009655,-30.9711121105729,-Inf,0,7.12317190200417,-0.484844678530937,1.18871941497955,0.97659634865075,-5 to -55 dB,0,8.1875
1,46,full,1,1,1,1,2.25,-46.2240927885674,-29.3581884478413,-44.1366323029927,35.2035224015968,7.50738373283123,0.367883094910309,0.92841481643138,0.978361273675621,-5 to -55 dB,7.76946635084157,8.64583333333333,-46.1693836625902,-29.48711801638,-46.3117695946626,31.9943420509492,8.0037965688052,1.02348458764689,0.915454288419891,0.978323141586849,-5 to -55 dB,8.18366782618045,8.125,-46.1418008920207,-29.4529660499187,-46.269302820147,32.3159418900607,7.99844333266357,0.964880404399224,0.915483320404856,0.978227124740488,-5 to -55 dB,8.20771282915322,8.125,-48.2114890734133,-33.0123715470171,-Inf,0,6.72699991157196,-0.279480597486781,1.26839331472933,0.971084614033523,-5 to -55 dB,0,8.25
1,47,full,1,1,1,1,2.3,-46.2240927885674,-29.3581884478413,-44.2719727801208,36.750183025876,7.50738373283123,0.367883094910309,0.92841481643138,0.978361273675621,-5 to -55 dB,8.12478819413524,8.64583333333333,-46.2035143435855,-29.5009236517319,-45.3539030511797,32.7668961919585,7.94698446314577,0.984483051361405,0.915981660284137,0.978318972846299,-5 to -55 dB,8.52097599720066,8.16666666666667,-46.1890522004503,-29.4827663090283,-45.3468672115082,33.1245929576157,7.94826394899911,0.938277581327031,0.915851218784639,0.97824909669245,-5 to -55 dB,8.53388656368183,8.16666666666667,-48.6251380530231,-33.2561726614979,-Inf,0,6.69346911851393,-0.44612427724198,1.28255281320221,0.97831744986726,-5 to -55 dB,0,8.29166666666667
1,48,full,1,1,1,1,2.35,-46.2240927885674,-29.3581884478413,-44.585725760846,37.569937188394,7.50738373283123,0.367883094910309,0.92841481643138,0.978361273675621,-5 to -55 dB,9.0247710890238,8.64583333333333,-46.2113888861838,-29.5531359392021,-46.0072072922252,33.047981271091,7.93836283477703,0.823631380836925,0.916221690107163,0.978325202044914,-5 to -55 dB,9.42428456127822,8.22916666666667,-46.2052098847048,-29.550237628949,-46.0176738215099,32.7963629074277,7.92999190129575,0.81395746334766,0.915975833083857,0.978255363695526,-5 to -55 dB,9.42982059985403,8.22916666666667,-49.3599252318923,-33.4534199243125,-Inf,0,6.11563174600318,-0.61695553013677,1.3236564935218,0.975951890167171,-5 to -55 dB,0,8.35416666666667
1,49,full,1,1,1,1,2.4,-46.2240927885674,-29.3581884478413,-44.8810920436469,59.717643373145,7.50738373283123,0.367883094910309,0.92841481643138,0.978361273675621,-5 to -55 dB,8.42912623235441,8.64583333333333,-46.2733318132898,-29.6375141536254,-44.8409165141899,57.3740517523181,7.87139231633681,0.860813252245567,0.91739640784979,0.978372143508019,-5 to -55 dB,8.77053810417615,8.27083333333333,-46.2509100061392,-29.6128250328646,-44.8246347555147,56.8201708096478,7.88192960518554,0.84353098242731,0.91703501749005,0.978290796547106,-5 to -55 dB,8.79074509735126,8.27083333333333,-49.9002956025465,-34.3035960763851,-Inf,0,6.65078892423493,-2.51536295764757,1.26363493985831,0.981890427175989,-5 to -55 dB,0,8.39583333333333
1,50,full,1,1,1,1,2.45,-46.2240927885674,-29.3581884478413,-44.7979079956609,84.0155940141927,7.50738373283123,0.367883094910309,0.92841481643138,0.978361273675621,-5 to -55 dB,8.96830721723795,8.64583333333333,-46.2834413250797,-29.5967319818264,-45.7262518609635,81.6866085784898,7.3586176933416,0.820382234910425,0.931299147725252,0.978388695361175,-5 to -55 dB,8.87862803609614,8.45833333333333,-46.28204848865,-29.6034686276514,-45.7293577611622,81.4267356327231,7.36048892969048,0.827553377960649,0.931064898004942,0.978348286479651,-5 to -55 dB,8.8800398504246,8.45833333333333,-50.3035042467684,-35.3552143198746,-Inf,0,5.970053950782,-3.30559076949527,1.27345117179554,0.985822709704801,-5 to -55 dB,0,8.45833333333333
1,51,full,1,1,1,1,2.5,-46.2240927885674,-29.3581884478413,-44.9380903289148,91.0659831530567,7.50738373283123,0.367883094910309,0.92841481643138,0.978361273675621,-5 to -55 dB,8.62172214071748,8.64583333333333,-46.2917236606611,-29.6460459747057,-44.5521049617891,93.2927726801531,7.39151406733246,0.702909479211499,0.930805947695004,0.978358589582267,-5 to -55 dB,8.53503836799808,8.52083333333333,-46.236394525282,-31.5793963516218,-44.4872390670316,63.2065589781097,7.49195499688021,0.482635499696005,0.897590355757363,0.988622302486546,-5 to -55 dB,8.07904217086361,8.52083333333333,-50.1404187913133,-34.8334106056945,-Inf,0,6.83562842731036,-0.416202418910763,1.27958096038419,0.983665545219747,-5 to -55 dB,0,8.52083333333333
1,52,full,1,1,1,1,2.55,-46.2240927885674,-29.3581884478413,-45.0412920619504,105.398473505612,7.50738373283123,0.367883094910309,0.92841481643138,0.978361273675621,-5 to -55 dB,9.50296530291664,8.64583333333333,-46.3016568211321,-29.6287507856931,-45.1463746163969,99.9738786828728,7.39286073535467,0.578883499439312,0.931305828088634,0.978384658024952,-5 to -55 dB,9.41301403836891,8.58333333333333,-46.3760679208893,-32.3827786430014,-45.1073409325685,67.6454307933542,7.56886023883943,0.457778991191171,0.896839853596444,0.988609104289475,-5 to -55 dB,8.94451486450746,8.66666666666667,-51.2342364879576,-36.4507652969588,-Inf,0,5.89525038722976,-1.62330331474791,1.27730714142387,0.988871175743639,-5 to -55 dB,0,8.66666666666667
1,53,full,1,1,1,1,2.6,-46.2240927885674,-29.3581884478413,-45.2273866898985,127.906703139357,7.50738373283123,0.367883094910309,0.92841481643138,0.978361273675621,-5 to -55 dB,10.5356776979926,8.64583333333333,-46.2076595476504,-29.5574761926668,-45.2186916796474,121.214588627003,7.52889378512374,0.195247865957255,0.928378198236905,0.978406109667606,-5 to -55 dB,10.5527281322189,8.64583333333333,-46.5531585188722,-32.5988846484729,-45.4300670022672,87.0001859166426,7.54370801817134,0.51899634999347,0.897662526417602,0.988580313498216,-5 to -55 dB,9.76903487389843,8.8125,-51.9462596950547,-37.3476320750052,-Inf,0,5.38184717145857,-3.55137474335155,1.2873051706024,0.990636172685613,-5 to -55 dB,0,8.8125
1,54,full,1,1,1,1,2.65,-46.2240927885674,-29.3581884478413,-45.3275463367147,137.070205174268,7.50738373283123,0.367883094910309,0.92841481643138,0.978361273675621,-5 to -55 dB,12.2387575840231,8.64583333333333,-46.4048704241043,-29.6760517931455,-45.4965533160142,128.943903845769,7.29206292179789,0.433259428687314,0.933287775565519,0.978366114323605,-5 to -55 dB,12.0604158699219,8.70833333333333,-46.756721027712,-32.759047899911,-45.7510162337953,96.3378273099445,7.46972432858381,0.673862472668308,0.899495106459721,0.988568098682208,-5 to -55 dB,11.3002316260601,8.95833333333333,-52.8791023318691,-38.114699935458,-Inf,0,4.74318633629646,-3.85805240746765,1.36264099815651,0.988745060299235,-5 to -55 dB,0,8.95833333333333
1,55,full,1,1,1,1,2.7,-46.2240927885674,-29.3581884478413,-45.483510642926,142.880941807359,7.50738373283123,0.367883094910309,0.92841481643138,0.978361273675621,-5 to -55 dB,11.9262425277304,8.64583333333333,-46.4492150219206,-29.8156770421561,-45.6817414922171,132.03866934642,7.285971503613,0.380267134211755,0.93399612153586,0.978358232291162,-5 to -55 dB,11.7082129325788,8.77083333333333,-46.8529391317998,-32.8860477830123,-45.9341605050643,101.892593082447,7.53649794663456,0.64691771002271,0.898766155289652,0.988558632371315,-5 to -55 dB,11.1410083667597,9.10416666666667,-53.6790707721516,-38.4026063850236,-Inf,0,3.76404709299871,-7.28909036015987,1.31688893110746,0.991667501120392,-5 to -55 dB,0,9.10416666666667
1,56,full,1,1,1,1,2.75,-46.2240927885674,-29.3581884478413,-45.5561385851063,142.875169541959,7.50738373283123,0.367883094910309,0.92841481643138,0.978361273675621,-5 to -55 dB,13.0730887956096,8.64583333333333,-46.4998308076176,-29.8830815518922,-45.7656393726644,129.476287864673,7.2645661464873,0.344441325614149,0.934600471578593,0.978405866079452,-5 to -55 dB,12.8131306839688,8.83333333333333,-47.0260060515683,-33.0774774005889,-46.2690515062937,101.061789465291,7.50264086467076,0.797152777462175,0.900005215821134,0.988537645171485,-5 to -55 dB,12.1911946816878,9.25,-53.8608478535953,-38.4695162353883,-Inf,0,3.72873953239585,-8.12576284826843,1.38237581146695,0.99201444604832,-5 to -55 dB,0,9.25
1,57,full,1,1,1,1,2.8,-46.2240927885674,-29.3581884478413,-45.6083975313854,135.031422733542,7.50738373283123,0.367883094910309,0.92841481643138,0.978361273675621,-5 to -55 dB,12.7756774964078,8.64583333333333,-46.5510752008351,-29.8909851015615,-45.8818613053728,119.537919661022,7.21093686845902,0.334289701382594,0.935642291558829,0.978391383188854,-5 to -55 dB,12.4728147963746,8.91666666666667,-47.1905114244888,-33.2392399998929,-46.37667567426,94.5099918465568,7.49421984650242,0.849164359126964,0.900584012160978,0.988506885080705,-5 to -55 dB,11.8695795659204,9.39583333333333,-53.9588715726988,-38.3974400234749,-Inf,0,3.94868608191199,-9.20829537461765,1.33224179896092,0.99567687003344,-5 to -55 dB,0,9.39583333333333
1,58,full,1,1,1,1,2.85,-46.2240927885674,-29.3581884478413,-45.5924806098919,133.685053181634,7.50738373283123,0.367883094910309,0.92841481643138,0.978361273675621,-5 to -55 dB,12.9384665873192,8.64583333333333,-46.6017633015367,-29.9379861085671,-45.9193909877876,116.41439023582,7.15459051765228,0.307423114018985,0.937019130002415,0.978363106559974,-5 to -55 dB,12.5923505320677,8.97916666666667,-47.3104028338841,-33.3940785101862,-46.4083949446969,91.8740406223938,7.49230887300573,0.776682978246288,0.901055578681411,0.988488686574251,-5 to -55 dB,12.0654737429261,9.54166666666667,-53.9999515223045,-38.382623345732,-Inf,0,3.98605864487247,-9.3091060021918,1.34450711490059,0.995633361609706,-5 to -55 dB,0,9.54166666666667
1,59,full,1,1,1,1,2.9,-46.2240927885674,-29.3581884478413,-45.5448061587986,132.352941023301,7.50738373283123,0.367883094910309,0.92841481643138,0.978361273675621,-5 to -55 dB,12.5392127077431,8.64583333333333,-46.6853980883502,-30.0043151927027,-45.8917922099067,114.574333401228,7.07439391853927,0.40755905980225,0.940674275020706,0.978295730917845,-5 to -55 dB,12.1165287784328,9.0625,-47.4752082781679,-33.5130089198397,-46.6155944567869,91.1662737099939,7.4210423643249,0.819532525285185,0.902380279985446,0.988435131162695,-5 to -55 dB,11.5913714972208,9.6875,-54.0989074431467,-38.3997423809909,-Inf,0,3.93392551371703,-9.4246217601667,1.32777203610135,0.993634950554079,-5 to -55 dB,0,9.6875
1,60,full,1,1,1,1,2.95,-46.2240927885674,-29.3581884478413,-45.520443894862,141.680235564106,7.50738373283123,0.367883094910309,0.92841481643138,0.978361273675621,-5 to -55 dB,13.1928294682881,8.64583333333333,-46.7189660949497,-30.0396662218153,-45.895147725086,122.490522897068,7.04902177360472,0.350753273199598,0.942003346902025,0.978232300806424,-5 to -55 dB,12.7427303903206,9.125,-47.6527033689274,-33.6989864735702,-46.7098131735778,96.5032681856834,7.38963572043433,0.899091799588968,0.902893375200772,0.988434711034627,-5 to -55 dB,12.2301461995411,9.83333333333333,-54.3723991933243,-38.723922761514,-Inf,0,3.44956572382848,-9.84362463095,1.33558239399523,0.99666133565744,-5 to -55 dB,0,9.83333333333333
1,61,full,1,1,1,1,3,-46.2240927885674,-29.3581884478413,-45.5479772632975,150.97523815708,7.50738373283123,0.367883094910309,0.92841481643138,0.978361273675621,-5 to -55 dB,13.0595766651772,8.64583333333333,-46.7501742958975,-30.0297849839343,-46.0226994140811,132.908030868418,7.0216205047646,0.322026590866222,0.942486265939504,0.978235499661793,-5 to -55 dB,12.5875782188892,9.20833333333333,-47.7495687101565,-33.7987974793452,-46.8395828959368,101.179973929569,7.42945805522868,0.796953656411407,0.902927126301751,0.988415097363032,-5 to -55 dB,12.1487546968312,9.97916666666667,-54.8060483976383,-39.1645015023508,-Inf,0,3.26554757288495,-10.0228816955391,1.32635782067436,0.995839865131743,-5 to -55 dB,0,9.97916666666667
1,62,full,1,1,1,1,3.05,-46.2240927885674,-29.3581884478413,-45.6302749207755,158.989644592973,7.50738373283123,0.367883094910309,0.92841481643138,0.978361273675621,-5 to -55 dB,13.8659519052644,8.64583333333333,-46.8082524124652,-30.0494428561357,-46.1607148024479,140.194827712549,6.9702910669042,0.254306810288651,0.943641396707408,0.978224510298097,-5 to -55 dB,13.3429350073453,9.29166666666667,-47.8739119268948,-33.8956846986231,-47.0961171546508,106.799884872991,7.44329869480459,0.836319345401229,0.903134036426507,0.988403356716245,-5 to -55 dB,12.9531468311521,10.125,-55.1765558052908,-39.4563362836076,-Inf,0,2.724638004181,-10.5447443317998,1.34964260574734,0.996754259331999,-5 to -55 dB,0,10.125
1,63,full,1,1,1,1,3.1,-46.2240927885674,-29.3581884478413,-45.6737251572667,168.499610442397,7.50738373283123,0.367883094910309,0.92841481643138,0.978361273675621,-5 to -55 dB,14.0649260828304,8.64583333333333,-46.8574484283929,-30.1362789614153,-46.2351659343175,147.535406621898,6.91987700506744,0.151500444079892,0.947211235566468,0.978072871395423,-5 to -55 dB,13.5011702825883,9.375,-47.950014744485,-34.0674472805731,-47.2300260951912,114.29611258664,7.51248085382274,0.740119423711973,0.903082686911341,0.988386425829585,-5 to -55 dB,13.1100271069179,10.2708333333333,-55.4425921823083,-39.7974072384086,-Inf,0,2.62286111356248,-10.9235649696063,1.35009225640957,0.996037615333635,-5 to -55 dB,0,10.2708333333333
1,64,full,1,1,1,1,3.15,-46.2240927885674,-29.3581884478413,-45.6748913958959,175.977268177483,7.50738373283123,0.367883094910309,0.92841481643138,0.978361273675621,-5 to -55 dB,14.7673784660625,8.64583333333333,-46.925388562948,-31.8886006693849,-46.2921599163423,154.540505568501,6.8427376505029,0.0798953043473133,0.949380365630656,0.978045315879935,-5 to -55 dB,14.1436086206315,9.45833333333333,-48.0901479572011,-34.1545544545381,-47.3396279189249,120.473123991362,7.51522546810792,0.732411578275893,0.903353231063893,0.988380022101664,-5 to -55 dB,13.7226191050382,10.4166666666667,-55.7680868761819,-41.2988528052305,-Inf,0,2.53958792918313,-11.1401572525145,1.36456072255285,0.996155316203825,-5 to -55 dB,0,10.4166666666667
1,65,full,1,1,1,1,3.2,-46.2240927885674,-29.3581884478413,-45.7351480130081,182.666048445058,7.50738373283123,0.367883094910309,0.92841481643138,0.978361273675621,-5 to -55 dB,14.9699007549492,8.64583333333333,-46.9366434257129,-30.1914546162272,-46.3690820633692,160.521659378931,6.85813047958397,-0.0558108018822865,0.949545042197461,0.97804943674991,-5 to -55 dB,14.345221273486,9.54166666666667,-48.2942138943071,-34.366074242487,-47.6001837460134,123.783385632451,7.43812465677488,0.960622581942918,0.904525816607275,0.988331702122311,-5 to -55 dB,13.8941675369512,10.5625,-55.9076170559564,-41.5064283695023,-Inf,0,2.40774732962669,-11.448337503289,1.37088084798436,0.997409584130992,-5 to -55 dB,0,10.5625
1,66,full,1,1,1,1,3.25,-46.2240927885674,-29.3581884478413,-45.802325321684,183.785358803468,7.50738373283123,0.367883094910309,0.92841481643138,0.978361273675621,-5 to -55 dB,15.2277662142946,8.64583333333333,-46.9848647898102,-31.9078444820691,-46.5039382346118,160.751038449998,6.81242638310862,-0.0850305490134929,0.951485684311759,0.977952929542881,-5 to -55 dB,14.5640456208216,9.625,-48.372865445822,-34.4629292158077,-47.7516907729076,124.748970632889,7.50354979113886,0.914762744330147,0.903900241972156,0.988363910644073,-5 to -55 dB,14.2009915475035,10.7083333333333,-56.0518126474526,-41.6022101824781,-Inf,0,2.27247585695833,-11.7535197451008,1.38628855900762,0.996597009871608,-5 to -55 dB,0,10.7083333333333
1,67,full,1,1,1,1,3.3,-46.2240927885674,-29.3581884478413,-45.792114646288,185.304351546378,7.50738373283123,0.367883094910309,0.92841481643138,0.978361273675621,-5 to -55 dB,15.4047992104691,8.64583333333333,-47.052219712422,-31.9794109217675,-46.4844224428411,160.71990262222,6.74657378323234,-0.106172765390665,0.953975416412829,0.977832677214415,-5 to -55 dB,14.6802013851353,9.70833333333333,-48.5129858787228,-34.5798182326525,-47.8865940888836,124.6016235317,7.46801148767319,0.877478160334981,0.904843564799908,0.988313123639236,-5 to -55 dB,14.3621739607852,10.8541666666667,-56.193324271076,-41.8085065477098,-Inf,0,2.00523767841772,-12.1738537219089,1.38667549793408,0.99704026043588,-5 to -55 dB,0,10.8541666666667
1,68,full,1,1,1,1,3.35,-46.2240927885674,-29.3581884478413,-45.7768864105225,187.837757898967,7.50738373283123,0.367883094910309,0.92841481643138,0.978361273675621,-5 to -55 dB,15.4780885438008,8.64583333333333,-47.0663390788485,-32.0033504776831,-46.5284061371851,161.667502813092,6.73396466801737,-0.248851802647597,0.954086890315628,0.97780901124734,-5 to -55 dB,14.7514241725269,9.79166666666667,-48.6670396974741,-34.7408858307991,-48.0158606244277,125.967189180929,7.43792653936771,1.0084819038033,0.906347402368703,0.98819598527471,-5 to -55 dB,14.320420280191,11,-56.4339543568693,-41.913182986472,-Inf,0,1.91212793540782,-12.4712518100887,1.38241913686549,0.997060001126468,-5 to -55 dB,0,11
1,69,full,1,1,1,1,3.4,-46.2240927885674,-29.3581884478413,-45.8239175799334,190.228040419343,7.50738373283123,0.367883094910309,0.92841481643138,0.978361273675621,-5 to -55 dB,16.4367094688894,8.64583333333333,-47.121585431626,-32.0332104400647,-46.6410455238479,164.836678430655,6.6810269910153,-0.315306333424795,0.955947995779232,0.977689588698993,-5 to -55 dB,15.666622623477,9.875,-48.7231995407599,-34.7939743317594,-48.0942707177745,127.12684145928,7.54698656588035,0.891485083357873,0.904580065444018,0.988337359013273,-5 to -55 dB,15.3554330912294,11.1458333333333,-56.5978840732822,-42.0304367755926,-Inf,0,1.78214185298104,-12.8287068109958,1.45021503641525,0.995191522182002,-5 to -55 dB,0,11.1458333333333
1,70,full,1,1,1,1,3.45,-46.2240927885674,-29.3581884478413,-45.8238992832129,196.381433271215,7.50738373283123,0.367883094910309,0.92841481643138,0.978361273675621,-5 to -55 dB,16.1678304955544,8.64583333333333,-47.1863357991951,-32.1074312792071,-46.6712661767139,168.635456667887,6.60774497062519,-0.357125223542463,0.958684391452706,0.977514621370544,-5 to -55 dB,15.3376889338925,9.97916666666667,-48.8207029290174,-34.9311552100092,-48.1990117765335,132.477053726774,7.54954122169388,0.801386770963966,0.904852191030852,0.988319594087901,-5 to -55 dB,15.0815204649149,11.2916666666667,-56.9074681057692,-42.3367516814597,-Inf,0,1.61884455674096,-13.0377029706479,1.39928772858532,0.997397301536582,-5 to -55 dB,0,11.2916666666667
1,71,full,1,1,1,1,3.5,-46.2240927885674,-29.3581884478413,-45.8943832488544,199.964524173323,7.50738373283123,0.367883094910309,0.92841481643138,0.978361273675621,-5 to -55 dB,16.2366917370869,8.64583333333333,-47.2023208422887,-32.0964555904143,-46.7541159729228,171.47884102368,6.6039434745506,-0.450319077340495,0.959102126775586,0.977487111903853,-5 to -55 dB,15.3997503211929,10.0625,-48.9709755629821,-35.0549886566175,-48.3130651484328,131.930988560245,7.52510737880726,0.870192913278116,0.906273568640529,0.988207941426634,-5 to -55 dB,15.1433451769706,11.4375,-56.9964972298658,-42.3761103807074,-Inf,0,1.57562904949405,-13.2958503691155,1.38423419768981,0.998226129604018,-5 to -55 dB,0,11.4375
1,72,full,1,1,1,1,3.55,-46.2240927885674,-29.3581884478413,-45.8388933004757,201.222500957813,7.50738373283123,0.367883094910309,0.92841481643138,0.978361273675621,-5 to -55 dB,16.7641093444159,8.64583333333333,-47.2764882203084,-32.1911518458989,-46.7809993020267,171.282153591143,6.5255947968916,-0.462855968423976,0.961895754380404,0.977391546517913,-5 to -55 dB,15.8615347233825,10.1666666666667,-49.08084692818,-35.1684601333313,-48.4779703550422,130.873791780375,7.55070191315557,0.868492398606693,0.90634384899944,0.988203227180754,-5 to -55 dB,15.6504192798689,11.5833333333333,-57.2013804484146,-42.5674360928486,-Inf,0,1.53271302513312,-13.3976003358857,1.40223083709597,0.99817680820308,-5 to -55 dB,0,11.5833333333333
1,73,full,1,1,1,1,3.6,-46.2240927885674,-29.3581884478413,-45.8226750894947,204.164706852332,7.50738373283123,0.367883094910309,0.92841481643138,0.978361273675621,-5 to -55 dB,16.9485026722876,8.64583333333333,-47.3009598222222,-32.1992702914949,-46.8048940671595,173.615908471026,6.51467997249398,-0.529063324580148,0.96273187405236,0.977377998971696,-5 to -55 dB,16.0337419913867,10.25,-49.1865163035025,-35.2795678843945,-48.6157031938201,131.810875945806,7.56688186432281,0.883054650618925,0.906346741923993,0.988205627132507,-5 to -55 dB,15.825776521676,11.7291666666667,-57.4254179606848,-42.8872890149375,-Inf,0,1.65404580509801,-13.5488416659835,1.41098879378166,0.997542805827273,-5 to -55 dB,0,11.7291666666667
1,74,full,1,1,1,1,3.65,-46.2240927885674,-29.3581884478413,-45.8980072837685,209.063449800035,7.50738373283123,0.367883094910309,0.92841481643138,0.978361273675621,-5 to -55 dB,16.5844688215771,8.64583333333333,-47.2908992381404,-32.2229668510101,-46.8826711392247,177.232416425246,6.54863843946357,-0.70539618456445,0.961785123427973,0.977408650893607,-5 to -55 dB,15.6896055462921,10.3541666666667,-49.2946739280311,-35.3866579579917,-48.7227745054816,135.38392302949,7.5900139936223,0.961508696131835,0.905757230635221,0.988254885928676,-5 to -55 dB,15.5060248924028,11.875,-57.5923948350969,-42.9043163729482,-Inf,0,1.46537049084655,-13.5844777082966,1.36272124921102,0.998795737094778,-5 to -55 dB,0,11.875
1,75,full,1,1,1,1,3.7,-46.2240927885674,-29.3581884478413,-45.9291643517788,212.757626696745,7.50738373283123,0.367883094910309,0.92841481643138,0.978361273675621,-5 to -55 dB,17.5886112401962,8.64583333333333,-47.3849638671688,-32.2627509624113,-47.0023680632395,180.340662984602,6.44255175299604,-0.748419124995795,0.966224300048059,0.977185062042117,-5 to -55 dB,16.6112498115552,10.4375,-49.409080639894,-35.5164965121315,-48.8998492366017,137.392364995407,7.56548210012325,0.955936681439295,0.906781967754966,0.988173649014156,-5 to -55 dB,16.4598386289725,12.0208333333333,-57.7371450915938,-43.0283457531843,-Inf,0,1.22747544959051,-13.6669300178792,1.43618019510994,0.997687774230496,-5 to -55 dB,0,12.0208333333333
1,76,full,1,1,1,1,3.75,-46.2240927885674,-29.3581884478413,-45.9541274517124,214.02929795204,7.50738373283123,0.367883094910309,0.92841481643138,0.978361273675621,-5 to -55 dB,17.9851346429942,8.64583333333333,-47.4161636851456,-32.286171149719,-47.0712057295236,180.348955086779,6.41275948513927,-0.809245408694821,0.967212558166988,0.977145870355218,-5 to -55 dB,16.9858833100031,10.5416666666667,-49.4706298477009,-35.610068357564,-48.9320927709538,136.31298450977,7.5936359345958,0.812241788767022,0.906707679923612,0.988182006740854,-5 to -55 dB,16.883716695857,12.1666666666667,-57.886352260917,-43.1176703851075,-Inf,0,1.11168640353389,-13.7469962020831,1.44075921071172,0.997921399830198,-5 to -55 dB,0,12.1666666666667
1,77,full,1,1,1,1,3.8,-46.2240927885674,-29.3581884478413,-45.9806581851866,215.822039862311,7.50738373283123,0.367883094910309,0.92841481643138,0.978361273675621,-5 to -55 dB,17.5302836040181,8.64583333333333,-47.410092143171,-32.2779315536072,-47.076791318585,182.738284269628,6.57134932522456,-0.915216022206297,0.961734321760786,0.97740649328601,-5 to -55 dB,16.6536853752966,10.625,-49.6192755958073,-35.7514958607736,-49.1561779231906,136.872602791643,7.57011095947692,0.8989185557275,0.907369396402391,0.988128348024434,-5 to -55 dB,16.4069401740575,12.3125,-58.0480528018791,-43.1899379179902,-Inf,0,1.34638284359838,-13.6277441696444,1.41864828048927,0.998391845616133,-5 to -55 dB,0,12.3125
1,78,full,1,1,1,1,3.85,-46.2240927885674,-29.3581884478413,-45.9823596542256,217.884342706317,7.50738373283123,0.367883094910309,0.92841481643138,0.978361273675621,-5 to -55 dB,18.285179691954,8.64583333333333,-47.4997485465056,-32.3136048441591,-47.1763876170554,183.292080022396,6.46604036122298,-0.883920391974352,0.965532151881458,0.977216665925747,-5 to -55 dB,17.3284696975827,10.7291666666667,-49.7428826095168,-35.865238199329,-49.2558389923397,136.964671635171,7.53822894885946,0.943614620401536,0.907787975485172,0.988103126461358,-5 to -55 dB,17.1162169519083,12.4583333333333,-58.1876680772331,-43.3241684090829,-Inf,0,1.05415326430717,-13.7740484073716,1.43976840104541,0.998214222748581,-5 to -55 dB,0,12.4583333333333
1,79,full,1,1,1,1,3.9,-46.2240927885674,-29.3581884478413,-46.01902075024,220.847432651551,7.50738373283123,0.367883094910309,0.92841481643138,0.978361273675621,-5 to -55 dB,18.9951546014423,8.64583333333333,-47.5438871636864,-32.3943949117464,-47.2521256350171,184.099769208512,6.42116167788478,-1.00899805187371,0.967684685867396,0.977102231949134,-5 to -55 dB,18.004655602292,10.8333333333333,-49.8423191995916,-35.9569518093772,-49.3294317935736,136.389281370176,7.55391202672436,0.930582822112013,0.907871538868652,0.988099452474397,-5 to -55 dB,17.8292094070807,12.6041666666667,-58.3265918224942,-43.4595006896834,-Inf,0,0.886013759898953,-13.9720232000229,1.46125145914608,0.998810988632181,-5 to -55 dB,0,12.6041666666667
1,80,full,1,1,1,1,3.95,-46.2240927885674,-29.3581884478413,-46.0203985629678,226.718642772231,7.50738373283123,0.367883094910309,0.92841481643138,0.978361273675621,-5 to -55 dB,18.7570591773591,8.64583333333333,-47.6053411616348,-32.4189934311414,-47.3398290505806,188.460924845017,6.35235428970063,-0.95223445824804,0.970436454414226,0.976907221100155,-5 to -55 dB,17.7078403909857,10.9166666666667,-49.9535969097371,-36.0867647081216,-49.4323452457824,141.579963473092,7.56605125780771,0.95879466023876,0.908608869977518,0.988038829106035,-5 to -55 dB,17.5921857526851,12.75,-58.52741040168,-43.564254306738,-Inf,0,0.495469801775222,-13.9614716186138,1.44104429774812,0.998688810368837,-5 to -55 dB,0,12.75
1,81,full,1,1,1,1,4,-46.2240927885674,-29.3581884478413,-46.1010327096516,230.87221598459,7.50738373283123,0.367883094910309,0.92841481643138,0.978361273675621,-5 to -55 dB,18.7510501214837,8.64583333333333,-47.686252489972,-32.5066290556608,-47.5156552037072,191.241414699174,6.1506115061261,-1.05373330492324,0.976180655658068,0.97658320187982,-5 to -55 dB,17.5259696976486,11.0416666666667,-50.0347917761517,-36.1407416239255,-49.6134034064541,144.012496252776,7.61142554600751,0.958388689165611,0.907982041159044,0.988088961213002,-5 to -55 dB,17.6220505755342,12.8958333333333,-58.6674715014828,-43.7444113987305,-Inf,0,0.482213436972361,-14.1062975458601,1.4282519039455,0.999046450436011,-5 to -55 dB,0,12.8958333333333
1,82,full,1,1,1,1,4.05,-46.2240927885674,-29.3581884478413,-46.0785514183307,234.753708993948,7.50738373283123,0.367883094910309,0.92841481643138,0.978361273675621,-5 to -55 dB,19.3415475539704,8.64583333333333,-47.6952961847343,-32.5000291341171,-47.4851985533481,194.945984752663,6.61031776282531,-1.19119716340878,0.962195446765449,0.977384979322999,-5 to -55 dB,18.4808462429073,11.0208333333333,-50.0708180398594,-36.2070177271021,-49.5621519926941,147.940929230235,7.71203308703121,0.822433928031462,0.906758141454604,0.988194193226184,-5 to -55 dB,18.2685323991218,13.0416666666667,-58.9607421687767,-43.9320540956233,-Inf,0,0.187418382656807,-14.1012890194798,1.44355653473993,0.999110274791368,-5 to -55 dB,0,13.0416666666667
1,83,full,1,1,1,1,4.1,-46.2240927885674,-29.3581884478413,-46.0621535264495,240.170845240272,7.50738373283123,0.367883094910309,0.92841481643138,0.978361273675621,-5 to -55 dB,19.3319981036923,8.64583333333333,-47.7452090183312,-32.5638050441833,-47.5334069031638,199.814625554978,6.56158474510145,-1.23618216351063,0.963421687404124,0.977350658795615,-5 to -55 dB,18.4323914761648,11.125,-50.1825423999218,-36.3446277863239,-49.7191331755104,150.487205069383,7.70306076006351,0.817772675300706,0.907529643639445,0.988130435417725,-5 to -55 dB,18.2226946643473,13.1875,-59.1362574262751,-44.0481833768437,-Inf,0,0.336549839323734,-14.1017171581604,1.44494723677324,0.998781710578154,-5 to -55 dB,0,13.1875
1,84,full,1,1,1,1,4.15,-46.2240927885674,-29.3581884478413,-46.0537688547473,245.567063805722,7.50738373283123,0.367883094910309,0.92841481643138,0.978361273675621,-5 to -55 dB,19.9644437387473,8.64583333333333,-47.7672409050382,-32.5557815716903,-47.5284570607468,203.784881551392,6.55897147375987,-1.35341264861789,0.964358403698886,0.977317301587415,-5 to -55 dB,19.0473972103604,11.25,-50.2743431135863,-36.4141875850074,-49.8110036501157,153.874836200329,7.7256260521127,0.813938630523359,0.907562430153911,0.988126757431984,-5 to -55 dB,18.8881324060951,13.3333333333333,-59.4286658967646,-44.175569356094,-Inf,0,-0.45621418556999,-14.0366138827923,1.46575350984694,0.99871589619043,-5 to -55 dB,0,13.3333333333333
1,85,full,1,1,1,1,4.2,-46.2240927885674,-29.3581884478413,-46.0397548829727,247.500140578222,7.50738373283123,0.367883094910309,0.92841481643138,0.978361273675621,-5 to -55 dB,19.8403087765277,8.64583333333333,-47.7830735685219,-32.5694966573387,-47.5288975093186,205.842070531984,6.11714329524298,-1.43423534853635,0.979340585006741,0.976407159028079,-5 to -55 dB,18.5678439422749,11.4791666666667,-50.4345693163318,-36.5574039320393,-49.9165652535722,152.000184939871,7.64356610929341,0.968693420618441,0.909305651339066,0.98802495798387,-5 to -55 dB,18.6981114864865,13.4791666666667,-59.5202669956077,-44.1867408319407,-Inf,0,-0.595032495012543,-14.1516755231926,1.43961622696077,0.999472227125558,-5 to -55 dB,0,13.4791666666667
1,86,full,1,1,1,1,4.25,-46.2240927885674,-29.3581884478413,-46.0206540862362,250.651709532706,7.50738373283123,0.367883094910309,0.92841481643138,0.978361273675621,-5 to -55 dB,19.8743136724667,8.64583333333333,-47.9007832442711,-32.6609703632233,-47.617258717501,207.120083968069,5.97441429829228,-1.39168453090718,0.984909667973347,0.975961452350969,-5 to -55 dB,18.4869679964885,11.5833333333333,-50.4718022246307,-36.6229086001515,-49.9985485371141,155.017193662044,7.72439565610483,0.820078915217441,0.908094587151988,0.98812611794757,-5 to -55 dB,18.8254072544518,13.625,-59.611913589773,-44.3017259074132,-Inf,0,-0.59959235263886,-14.307115435172,1.4507059492111,0.99887781501493,-5 to -55 dB,0,13.625
1,87,full,1,1,1,1,4.3,-46.2240927885674,-29.3581884478413,-46.0431057753455,254.657004951378,7.50738373283123,0.367883094910309,0.92841481643138,0.978361273675621,-5 to -55 dB,20.0005946094056,8.64583333333333,-47.8836815817182,-32.6421802263606,-47.6217895159262,210.905153761818,6.00202450103269,-1.55015061827106,0.98325930218944,0.97611149726598,-5 to -55 dB,18.6453378394165,11.6875,-50.5288052498991,-36.6815761342269,-50.0519142846049,156.545333455095,7.777248358577,0.761453211529961,0.906747175801726,0.988236094035474,-5 to -55 dB,18.9878636796338,13.7708333333333,-59.6568750213167,-44.3979051409193,-Inf,0,-0.714089348384297,-14.4397318915038,1.46436101211508,0.999268621130083,-5 to -55 dB,0,13.7708333333333
1,88,full,1,1,1,1,4.35,-46.2240927885674,-29.3581884478413,-46.0601335858642,261.026024756842,7.50738373283123,0.367883094910309,0.92841481643138,0.978361273675621,-5 to -55 dB,20.7179326326385,8.64583333333333,-47.9074363832702,-32.6603213289223,-47.6750035791859,216.942576016897,5.98520339484694,-1.65437493903414,0.984261738467288,0.97600006517814,-5 to -55 dB,19.3581837279641,11.7916666666667,-50.7348616375683,-36.8860089781134,-50.2562403080612,160.819962632706,7.6348037645095,1.02594871348574,0.910024989429441,0.988003287811061,-5 to -55 dB,19.5283325766184,13.9166666666667,-59.8960082468696,-44.5342428833797,-Inf,0,-1.07299028282542,-14.4509813767043,1.4759511018309,0.999253366215818,-5 to -55 dB,0,13.9166666666667
1,89,full,1,1,1,1,4.4,-46.2240927885674,-29.3581884478413,-46.0815633431982,260.122230611526,7.50738373283123,0.367883094910309,0.92841481643138,0.978361273675621,-5 to -55 dB,20.5318915954698,8.64583333333333,-47.9543443661389,-32.6788940591189,-47.7467363827176,214.940251954779,5.96181612300378,-1.70453556631294,0.985596227498108,0.975858816996094,-5 to -55 dB,19.1309154784289,11.9166666666667,-50.7528881939315,-36.8852323759573,-50.311148152782,158.84978134931,7.73651167955046,0.84221633260159,0.908608164267801,0.988087060848873,-5 to -55 dB,19.4471434078618,14.0625,-60.0685906347361,-44.5536379229876,-Inf,0,-1.34794798224012,-14.5420080810094,1.4740697277705,0.999224955240912,-5 to -55 dB,0,14.0625
1,90,full,1,1,1,1,4.45,-46.2240927885674,-29.3581884478413,-46.09357498268,262.077458773318,7.50738373283123,0.367883094910309,0.92841481643138,0.978361273675621,-5 to -55 dB,20.5348110550472,8.64583333333333,-48.0246115782042,-32.7727418852903,-47.8264592841048,215.271171599817,5.90439665510283,-1.73231553722162,0.987868511835615,0.975644861831708,-5 to -55 dB,19.0700366355487,12.0208333333333,-50.9064487274923,-37.076494343331,-50.4425738563584,157.686932605132,7.6625703856786,1.03637034334321,0.90970382691561,0.98799830787063,-5 to -55 dB,19.4118018140815,14.2083333333333,-60.1437987685612,-44.6540624166934,-Inf,0,-1.22998686070106,-14.7058317594532,1.46533227365036,0.999445485869255,-5 to -55 dB,0,14.2083333333333
1,91,full,1,1,1,1,4.5,-46.2240927885674,-29.3581884478413,-46.083801161971,265.590945347356,7.50738373283123,0.367883094910309,0.92841481643138,0.978361273675621,-5 to -55 dB,20.7774522807421,8.64583333333333,-48.0172725333068,-32.7500881719021,-47.8067881920059,217.978019550909,6.04867937933877,-1.83121890938939,0.984719406400162,0.975961924141215,-5 to -55 dB,19.4274716863649,12.1041666666667,-51.0411424935516,-37.1583555665885,-50.5932545169407,160.513908598473,7.61577721814096,1.13328030878897,0.910519323371011,0.987930489374548,-5 to -55 dB,19.6078173159906,14.3541666666667,-60.2943814999468,-44.7043503781797,-Inf,0,-1.66583706411402,-14.765505354122,1.47137666134703,0.998990734632244,-5 to -55 dB,0,14.3541666666667
1,92,full,1,1,1,1,4.55,-46.2240927885674,-29.3581884478413,-46.1049706285103,266.343926375652,7.50738373283123,0.367883094910309,0.92841481643138,0.978361273675621,-5 to -55 dB,21.444985930189,8.64583333333333,-48.0127553286291,-32.7488358689206,-47.8275253096282,217.916795038689,6.06381468313042,-1.94632951445217,0.983883060653019,0.976049156204935,-5 to -55 dB,20.1150097372856,12.2291666666667,-51.1001267462738,-37.2384135496114,-50.601242221027,159.293049903916,7.62949369905913,1.0602138946111,0.910916064207853,0.987946379282439,-5 to -55 dB,20.2507324827022,14.5,-60.4227983750245,-44.8945139944688,-Inf,0,-1.81281790467711,-14.919868233761,1.50966375026511,0.998560507968363,-5 to -55 dB,0,14.5
1,93,full,1,1,1,1,4.6,-46.2240927885674,-29.3581884478413,-46.1007028107261,266.862013982579,7.50738373283123,0.367883094910309,0.92841481643138,0.978361273675621,-5 to -55 dB,21.3447739572986,8.64583333333333,-48.1080941023553,-32.833783404097,-47.9197014153444,217.555053386965,5.94068745831862,-1.94042027012095,0.987218050961907,0.975707844798048,-5 to -55 dB,19.9341574070818,12.3333333333333,-51.1417661255839,-37.290166517592,-50.6623938503561,160.20367133226,7.70686086394128,1.04590625273843,0.910195337102693,0.987983625556259,-5 to -55 dB,20.1522086535386,14.6458333333333,-60.3995655661909,-44.8923775338951,-Inf,0,-1.93431247323649,-15.1178132281899,1.51042837622336,0.998951110952785,-5 to -55 dB,0,14.6458333333333
1,94,full,1,1,1,1,4.65,-46.2240927885674,-29.3581884478413,-46.077461347054,272.309906999026,7.50738373283123,0.367883094910309,0.92841481643138,0.978361273675621,-5 to -55 dB,21.4203420797785,8.64583333333333,-48.1508921689024,-32.8332608798794,-47.9303130982549,222.588070516298,5.94534648662485,-1.97162159120429,0.988160484087903,0.975615348289803,-5 to -55 dB,19.9686557002014,12.4583333333333,-51.2666937941217,-37.428200862118,-50.8434017392198,164.177515149531,7.64746413138059,1.12116287413783,0.910903950443908,0.987923439861412,-5 to -55 dB,20.2326149561496,14.7916666666667,-60.4821036056103,-44.9795977514292,-Inf,0,-1.90036070695391,-15.1622253618126,1.50799690944652,0.99894517981104,-5 to -55 dB,0,14.7916666666667
1,95,full,1,1,1,1,4.7,-46.2240927885674,-29.3581884478413,-46.078028043814,271.393255740348,7.50738373283123,0.367883094910309,0.92841481643138,0.978361273675621,-5 to -55 dB,21.049020978068,8.64583333333333,-48.2280611055907,-32.8680713970039,-47.9971390147831,220.609949620107,5.73368464242225,-2.03177274988423,0.991556401119192,0.97539018684576,-5 to -55 dB,19.4426775974453,12.5833333333333,-51.3317995799513,-37.5068826021207,-50.8577347840362,161.198453590583,7.65091761776593,1.09549348919666,0.911162379458501,0.987927640384296,-5 to -55 dB,19.8369666535451,14.9375,-60.5411603757837,-44.9843293602578,-Inf,0,-1.69055247316315,-15.3478726278558,1.47173858705575,0.999547415804702,-5 to -55 dB,0,14.9375
1,96,full,1,1,1,1,4.75,-46.2240927885674,-29.3581884478413,-46.0680269257462,272.760104523014,7.50738373283123,0.367883094910309,0.92841481643138,0.978361273675621,-5 to -55 dB,21.2204331683765,8.64583333333333,-48.2795521758549,-32.9328974920494,-48.0275488665664,219.762225112218,5.6768446231292,-2.05366410744903,0.993107865137132,0.975369264224124,-5 to -55 dB,19.5687664572429,12.7083333333333,-51.4092692613979,-37.5887752267997,-50.9366248148668,161.561049369054,7.61429838711383,0.99388217926236,0.911592242322577,0.987936362257447,-5 to -55 dB,19.9764447705994,15.0833333333333,-60.6225392596903,-44.9002677198564,-Inf,0,-1.64878585886057,-15.421401235978,1.4782693680674,0.998565573811993,-5 to -55 dB,0,15.0833333333333
1,97,full,1,1,1,1,4.8,-46.2240927885674,-29.3581884478413,-46.1002840285112,275.276655315492,7.50738373283123,0.367883094910309,0.92841481643138,0.978361273675621,-5 to -55 dB,21.7732878607152,8.64583333333333,-48.2901592685724,-32.8932056848099,-48.0919990934984,221.684962145486,5.67748713367006,-2.16410271581813,0.993182974764948,0.975361352441363,-5 to -55 dB,20.1203262168608,12.8125,-51.5185339003,-37.6863707632427,-51.1242574493265,162.392072544249,7.60017501491194,1.02116990117628,0.911867481870375,0.987935939595864,-5 to -55 dB,20.5015233875079,15.2291666666667,-60.8786575510721,-45.1425040347876,-Inf,0,-1.77395416939298,-15.2776117380943,1.50949896963304,0.998916416150633,-5 to -55 dB,0,15.2291666666667
1,98,full,1,1,1,1,4.85,-46.2240927885674,-29.3581884478413,-46.0809280457383,273.29565485588,7.50738373283123,0.367883094910309,0.92841481643138,0.978361273675621,-5 to -55 dB,22.1034013164647,8.64583333333333,-48.2670938696692,-32.9025098401247,-48.0396461094541,220.078810898511,5.72929875732057,-2.27373939213075,0.99250300869261,0.975387152106864,-5 to -55 dB,20.4941294183201,12.9375,-51.6116598670642,-37.7470494785731,-51.2673205853968,158.000837734003,7.58605902113975,1.04635153699678,0.912199170666557,0.987927623144271,-5 to -55 dB,20.8160595903272,15.375,-60.9686654638056,-45.149001024175,-Inf,0,-1.87646655393042,-15.3231649191822,1.50916077560463,0.997681768515787,-5 to -55 dB,0,15.375
1,99,full,1,1,1,1,4.9,-46.2240927885674,-29.3581884478413,-46.0571737149653,276.361607372511,7.50738373283123,0.367883094910309,0.92841481643138,0.978361273675621,-5 to -55 dB,22.0222607797636,8.64583333333333,-48.2992192308002,-32.9127215792668,-48.0370462888833,223.242021961003,5.71816921854877,-2.37504856782259,0.993182671114661,0.97538662252692,-5 to -55 dB,20.3830224076514,13.0416666666667,-51.6892914988048,-37.8628684753802,-51.2670096362586,161.041876348271,7.60915584049905,1.07974698443608,0.912042025453737,0.987922301495646,-5 to -55 dB,20.7510982437942,15.5208333333333,-61.0025263658756,-45.1821978114307,-Inf,0,-2.09466128685483,-15.3988192879872,1.49020968072866,0.998946871088236,-5 to -55 dB,0,15.5208333333333
1,100,full,1,1,1,1,4.95,-46.2240927885674,-29.3581884478413,-46.0605721913111,278.477680346425,7.50738373283123,0.367883094910309,0.92841481643138,0.978361273675621,-5 to -55 dB,21.6991633424377,8.64583333333333,-48.3605250397772,-32.9879324433667,-48.1014186065163,224.049379845057,5.67359811557378,-2.43819044941312,0.994036286925359,0.97540006395225,-5 to -55 dB,20.0147730588188,13.1666666666667,-51.7366958655791,-37.9236937390868,-51.3685120228705,161.297820514013,7.64188935259392,0.969042937304586,0.912392439284751,0.987949305535109,-5 to -55 dB,20.4277046460536,15.6666666666667,-61.0183243109357,-45.2709880825495,-Inf,0,-1.81638056634702,-15.4816535288506,1.46402671914901,0.999439138211046,-5 to -55 dB,0,15.6666666666667
10,1,full,1,1,1,1,-0.45,-46.8721112500335,-29.1488370827975,-43.6700641749753,29.1413848698039,6.66202218213184,-1.86473761069137,0.954176804334825,0.985978426743846,-5 to -55 dB,1.48417282262558,8.14583333333333,-47.6563823622509,-29.8309663696132,-45.4913000840011,24.4775313726574,5.69604544680035,-2.64120856925376,0.967451466257572,0.986590357297133,-5 to -55 dB,2.17899323847971,8.64583333333333,-47.658287507857,-29.8123897158929,-45.5091159731207,24.0656910877527,5.67593322260589,-2.63826600405163,0.967541677667664,0.986580857145819,-5 to -55 dB,2.18181900892113,8.64583333333333,-46.2240927885674,-29.3581884478413,-Inf,0,7.50738373283123,0.367883094910309,0.92841481643138,0.978361273675621,-5 to -55 dB,0,8.64583333333333
10,2,full,1,1,1,1,-0.4,-46.8721112500335,-29.1488370827975,-43.740311460946,30.0322087125182,6.66202218213184,-1.86473761069137,0.954176804334825,0.985978426743846,-5 to -55 dB,1.06933878897779,8.14583333333333,-47.6617893857913,-29.9349724742608,-44.7873271709704,24.2603853582469,5.6678378073921,-2.51297388847768,0.967766309202372,0.986616104545949,-5 to -55 dB,1.81117315347105,8.58333333333333,-47.6579684868928,-29.9323564808471,-44.8060516644617,23.6634273206774,5.6563074006392,-2.5189355577388,0.96771515212493,0.986595486120217,-5 to -55 dB,1.80799008366484,8.58333333333333,-46.2710811571203,-29.3956575092356,-Inf,0,7.53127222975191,0.108461412387513,0.946439491090746,0.983837818968868,-5 to -55 dB,0,8.58333333333333
10,3,full,1,1,1,1,-0.35,-46.8721112500335,-29.1488370827975,-43.7328781941799,28.1409871601007,6.66202218213184,-1.86473761069137,0.954176804334825,0.985978426743846,-5 to -55 dB,1.35934326686408,8.14583333333333,-47.6340877009891,-29.8771224753208,-44.6696892007542,21.8578000131428,5.69156928041386,-2.58295874992067,0.967411245635509,0.986588783571814,-5 to -55 dB,2.12167657374496,8.52083333333333,-47.6331827793371,-29.8754620624932,-44.7003754695074,21.1629349963322,5.67569658704567,-2.58436283746295,0.967344664501565,0.986564778800489,-5 to -55 dB,2.12135787382536,8.52083333333333,-46.3633898560668,-29.3120204859389,-Inf,0,7.49742296735654,-0.43000341665159,0.922649664254588,0.982665627086205,-5 to -55 dB,0,8.52083333333333
10,4,full,1,1,1,1,-0.3,-46.8721112500335,-29.1488370827975,-43.710024894707,29.0404509757839,6.66202218213184,-1.86473761069137,0.954176804334825,0.985978426743846,-5 to -55 dB,0.900512763629696,8.14583333333333,-47.6474407054097,-29.8745758406542,-45.0602799710533,23.3029014228794,5.64524083414551,-2.51728246753995,0.967901649983168,0.98662418826003,-5 to -55 dB,1.57635448503308,8.45833333333333,-47.6552079241202,-29.8584200577372,-45.0911841998122,22.4343924362112,5.61627732333835,-2.50515869067161,0.968063603222119,0.986603341224555,-5 to -55 dB,1.58582825046665,8.45833333333333,-46.2223901551396,-29.2064648108613,-Inf,0,7.46428101336516,-0.072386820901153,0.95668906546871,0.98540329961535,-5 to -55 dB,0,8.45833333333333
10,5,full,1,1,1,1,-0.25,-46.8721112500335,-29.1488370827975,-43.8531014487098,28.5433694393063,6.66202218213184,-1.86473761069137,0.954176804334825,0.985978426743846,-5 to -55 dB,1.43888139229971,8.14583333333333,-47.5776096476444,-29.9120241590553,-45.1007773227775,22.795490856014,5.71963392969628,-2.53703010871671,0.966639164475857,0.986509765768363,-5 to -55 dB,2.16046255261045,8.39583333333333,-47.5733014069643,-29.9070908287288,-45.1406441913142,21.7777693355524,5.71925277960538,-2.54373862733087,0.966578963709989,0.986497197078856,-5 to -55 dB,2.15606353021408,8.39583333333333,-46.3231588421517,-29.3447942584804,-Inf,0,7.32053682250371,-0.296551136924811,0.909333002487771,0.986386751112552,-5 to -55 dB,0,8.39583333333333
10,6,full,1,1,1,1,-0.2,-46.8721112500335,-29.1488370827975,-43.8122368214477,21.5358127095632,6.66202218213184,-1.86473761069137,0.954176804334825,0.985978426743846,-5 to -55 dB,1.80259865414203,8.14583333333333,-47.4686851280991,-29.7851652922337,-44.789923539241,20.4414012185448,5.86927604138634,-2.68198334406655,0.965247141641962,0.986461029201384,-5 to -55 dB,2.40763481757374,8.35416666666667,-47.4840480159946,-29.7647029951516,-44.8277904273117,20.1968547032605,5.83958115282512,-2.65831318867515,0.96540448054276,0.986458886928523,-5 to -55 dB,2.42519231851384,8.35416666666667,-46.3942225149221,-29.1947183719681,-Inf,0,7.09484231567776,-0.612564455319111,0.891746149342017,0.983259253143438,-5 to -55 dB,0,8.35416666666667
10,7,full,1,1,1,1,-0.15,-46.8721112500335,-29.1488370827975,-44.0488855616444,18.4741512674793,6.66202218213184,-1.86473761069137,0.954176804334825,0.985978426743846,-5 to -55 dB,1.15738888455412,8.14583333333333,-47.3835104387884,-29.6542873862672,-45.454920694067,18.3064069015981,5.98276563085307,-2.44036804362147,0.964476063000463,0.98639939579009,-5 to -55 dB,1.67231744706649,8.29166666666667,-47.3899704955586,-29.6394096317141,-45.4954970445958,17.6173493190188,5.966445341608,-2.43022070000315,0.964471887865228,0.986389599668601,-5 to -55 dB,1.67988202614763,8.29166666666667,-46.5739251906582,-29.2746222063988,-Inf,0,6.99627220546337,-0.925976369294485,0.90916972260853,0.987614145022487,-5 to -55 dB,0,8.29166666666667
10,8,full,1,1,1,1,-0.1,-46.8721112500335,-29.1488370827975,-44.0567723320298,14.6149787111664,6.66202218213184,-1.86473761069137,0.954176804334825,0.985978426743846,-5 to -55 dB,1.00742171030663,8.14583333333333,-47.274195205618,-29.5171291207457,-46.5910064804744,15.1510425787694,6.1212659949711,-2.32818660773161,0.962456306876378,0.986344355262866,-5 to -55 dB,1.33118646452322,8.25,-47.2865439580428,-29.4976362990391,-46.6448545421911,14.4624390872692,6.10314725150128,-2.30859709794592,0.96273332934644,0.986348715638083,-5 to -55 dB,1.34293401881642,8.25,-46.7932066041362,-29.2121360739947,-Inf,0,6.54756552097578,-1.05167843357296,0.902737973603224,0.989379537325857,-5 to -55 dB,0,8.25
10,9,full,1,1,1,1,-0.05,-46.8721112500335,-29.1488370827975,-44.5776854669693,13.7265693554312,6.66202218213184,-1.86473761069137,0.954176804334825,0.985978426743846,-5 to -55 dB,1.16379749742583,8.14583333333333,-47.1894415263099,-29.4012912290238,-46.372531367087,15.780061404517,6.22376688622122,-2.18634041519527,0.960242559602358,0.986253213689739,-5 to -55 dB,1.43449499110233,8.1875,-47.1048293803027,-29.3119404492588,-46.3886905118202,18.0657939895825,6.34650304483495,-2.32130896148372,0.958871287332695,0.986186853713214,-5 to -55 dB,1.35590606372523,8.1875,-46.8181060391979,-29.1884041787944,-Inf,0,6.70445251476121,-1.27764004142061,0.91274393070177,0.985239880335611,-5 to -55 dB,0,8.1875
10,10,full,1,1,1,1,0,-46.8721112500335,-29.1488370827975,-Inf,-0.115347283891013,6.66202218213184,-1.86473761069137,0.954176804334825,0.985978426743846,-5 to -55 dB,0,8.14583333333333,-46.7372365643021,-29.0095326920305,-67.8415461476372,8.51617096995669,6.85167286780069,-2.14869723488396,0.9523262956469,0.985893347510247,-5 to -55 dB,0.156603203911796,8.14583333333333,-46.5540197833864,-28.8608993161307,-63.9420067404994,13.5963708867804,7.10559613475088,-2.4399464280197,0.950441535136187,0.985762943910823,-5 to -55 dB,0.368112640754847,8.14583333333333,-46.8721112500335,-29.1488370827975,-Inf,0,6.66202218213184,-1.86473761069137,0.954176804334825,0.985978426743846,-5 to -55 dB,0,8.14583333333333
10,11,full,1,1,1,1,0.05,-46.8721112500335,-29.1488370827975,-45.1915619982742,13.7557769626095,6.66202218213184,-1.86473761069137,0.954176804334825,0.985978426743846,-5 to -55 dB,0.508738042722024,8.14583333333333,-46.9283694057493,-29.0451543388,-47.1822054632707,16.7515418079319,6.54375121323415,-1.87247709726282,0.954706702296648,0.986003572256864,-5 to -55 dB,0.501241983982064,8.10416666666667,-46.8515903646522,-29.0253266383376,-47.1141526599162,17.6783159393805,6.65295225988091,-1.9984262115326,0.953884659772002,0.985965879221412,-5 to -55 dB,0.511009948269607,8.10416666666667,-46.8720960514217,-29.0861995153498,-Inf,0,6.59800391272649,-1.67360797863122,0.966326343717234,0.98553716722873,-5 to -55 dB,0,8.10416666666667
10,12,full,1,1,1,1,0.1,-46.8721112500335,-29.1488370827975,-44.7104078184996,17.1762541513735,6.66202218213184,-1.86473761069137,0.954176804334825,0.985978426743846,-5 to -55 dB,0.606549399337768,8.14583333333333,-47.1565356923227,-29.4015766599422,-45.7177465240812,21.5035101989283,6.19176912846292,-1.95146149899438,0.960087519020441,0.986247335768241,-5 to -55 dB,0.769632239138641,8.0625,-47.1325492901255,-29.4048723992501,-45.7018266493764,21.3131204006896,6.22687901222829,-1.99068345317153,0.959691377386977,0.986237543742098,-5 to -55 dB,0.752004190449822,8.0625,-46.9027689043639,-29.1361672178058,-Inf,0,6.86472368985495,-2.17226884632309,0.962432838562978,0.980609608266255,-5 to -55 dB,0,8.0625
10,13,full,1,1,1,1,0.15,-46.8721112500335,-29.1488370827975,-44.3931558976816,20.5585047126308,6.66202218213184,-1.86473761069137,0.954176804334825,0.985978426743846,-5 to -55 dB,0.905887373732683,8.14583333333333,-47.1099555764886,-29.4624039800731,-46.6006982297406,25.5003610554702,6.25967555167076,-1.99142342572978,0.959095118800204,0.986197341392058,-5 to -55 dB,1.09488637349021,8.02083333333333,-47.1014517571665,-29.4451403397952,-46.6207746478524,25.5575259103259,6.26014896438177,-2.00529482045067,0.959230772931102,0.986201346683766,-5 to -55 dB,1.08786667843231,8.02083333333333,-46.8374941351623,-29.0246742858823,-Inf,0,6.33720606359897,-1.93091626864638,0.908992466557001,0.98834978025762,-5 to -55 dB,0,8.02083333333333
10,14,full,1,1,1,1,0.2,-46.8721112500335,-29.1488370827975,-44.1193772835407,23.9483166512431,6.66202218213184,-1.86473761069137,0.954176804334825,0.985978426743846,-5 to -55 dB,0.726589271032049,8.14583333333333,-47.093711651914,-29.4073010885717,-45.88586062098,30.5570008711919,6.27261544811544,-1.96281628366145,0.9588810385632,0.986182232740528,-5 to -55 dB,0.926531486426272,8,-47.0875590825927,-29.3869414290734,-45.9236867013235,31.416565426212,6.26967190675512,-1.97287970819397,0.959090794801615,0.986197230043319,-5 to -55 dB,0.921106481187063,8,-46.8430550685355,-28.9934986501303,-Inf,0,6.34008615380387,-2.38802286982208,0.926659662480295,0.98472608756487,-5 to -55 dB,0,8
10,15,full,1,1,1,1,0.25,-46.8721112500335,-29.1488370827975,-44.136114911851,28.6524760995294,6.66202218213184,-1.86473761069137,0.954176804334825,0.985978426743846,-5 to -55 dB,0.438104276502386,8.14583333333333,-47.1508235977502,-29.3225208714945,-45.4246802383818,31.5571445206627,6.17831310239518,-2.13421439949684,0.960302338381374,0.986271710264451,-5 to -55 dB,0.594767525225904,7.95833333333333,-47.1158309282329,-29.2992074465479,-45.437945617865,31.1080335906436,6.21781298853138,-2.1904758844086,0.959699788700773,0.986237501479353,-5 to -55 dB,0.567549797998453,7.95833333333333,-46.6288297897921,-28.7752891371434,-Inf,0,6.42752217223355,-2.20744656442677,0.955922260978906,0.983045306076388,-5 to -55 dB,0,7.95833333333333
10,16,full,1,1,1,1,0.3,-46.8721112500335,-29.1488370827975,-43.9271612609054,28.4878186005652,6.66202218213184,-1.86473761069137,0.954176804334825,0.985978426743846,-5 to -55 dB,0.973257852855973,8.14583333333333,-47.168223321983,-29.3794300193805,-45.0643507713715,29.7918234479772,6.14430310736574,-2.11054667403004,0.960872267212467,0.986307453996573,-5 to -55 dB,0.842994881707742,7.9375,-47.1245094429721,-29.340298354959,-45.0915949761687,29.3141321261751,6.1968257781502,-2.18093199912552,0.96001993638048,0.986247674746049,-5 to -55 dB,0.850542184947637,7.9375,-46.5813575189225,-28.9178819870904,-Inf,0,6.58582868444044,-2.05597357946754,0.99584322594918,0.979854497901262,-5 to -55 dB,0,7.9375
10,17,full,1,1,1,1,0.35,-46.8721112500335,-29.1488370827975,-43.7782428981071,27.425969873266,6.66202218213184,-1.86473761069137,0.954176804334825,0.985978426743846,-5 to -55 dB,0.612879319421241,8.14583333333333,-47.1549031418021,-29.4108866186151,-44.9784438156447,28.0936048859289,6.15651823074721,-2.32107792461711,0.960714548148946,0.986292962244638,-5 to -55 dB,0.78756548446146,7.89583333333333,-47.096342616534,-29.3781385959195,-44.9548425623905,28.0109815611487,6.23090977613466,-2.41359110143433,0.959532579528408,0.986224869538406,-5 to -55 dB,0.745018088898764,7.89583333333333,-46.4325133592359,-29.0105043586862,-Inf,0,6.48157654638603,-2.09662012904444,0.94899071036939,0.983658457513422,-5 to -55 dB,0,7.89583333333333
10,18,full,1,1,1,1,0.4,-46.8721112500335,-29.1488370827975,-43.6473571407879,26.9740723294653,6.66202218213184,-1.86473761069137,0.954176804334825,0.985978426743846,-5 to -55 dB,0.589162104731365,8.14583333333333,-47.1156893784135,-29.3570096109155,-44.6666685959671,26.7158490136801,6.20778631704182,-2.34497379105884,0.95998631537072,0.986256643165514,-5 to -55 dB,0.735891099622608,7.875,-47.0414407833464,-29.3119873891331,-44.6110593515841,27.3343081111335,6.30495264289666,-2.46191447134496,0.958742238487175,0.986179272445957,-5 to -55 dB,0.685894425024589,7.875,-46.3718317377734,-28.9260026399122,-Inf,0,6.98235577523473,-2.13906267123435,0.949262808131282,0.986469621849793,-5 to -55 dB,0,7.875
10,19,full,1,1,1,1,0.45,-46.8721112500335,-29.1488370827975,-43.4505397758306,31.0514822487911,6.66202218213184,-1.86473761069137,0.954176804334825,0.985978426743846,-5 to -55 dB,0.56190978992922,8.14583333333333,-47.0833911191732,-29.3473251638079,-44.4385683154423,27.2451906905007,6.24899936456998,-2.31543067263089,0.959180609718357,0.986204911953086,-5 to -55 dB,0.698536706966648,7.85416666666667,-47.019552152692,-29.3039161115635,-44.4200404129917,27.1983186297117,6.33074462385645,-2.41629524264007,0.958496598018734,0.986158907982793,-5 to -55 dB,0.655405078747051,7.85416666666667,-46.1252341136902,-28.834987672347,-Inf,0,7.17340949226551,-1.58464028548787,0.96862951403855,0.984632789427612,-5 to -55 dB,0,7.85416666666667
10,20,full,1,1,1,1,0.5,-46.8721112500335,-29.1488370827975,-43.3934403953609,27.7259249448508,6.66202218213184,-1.86473761069137,0.954176804334825,0.985978426743846,-5 to -55 dB,0.742663349580253,8.14583333333333,-47.0114636053099,-29.2695306236645,-44.3869544479663,23.076934052732,6.34922035325704,-2.41884512672355,0.957862596453911,0.986114103054538,-5 to -55 dB,0.824015119323876,7.83333333333333,-46.902292093632,-29.1309567449361,-44.3526509935884,23.6292732830126,6.4961311853833,-2.5893514899465,0.955572563800576,0.98605409861061,-5 to -55 dB,0.772944506939187,7.83333333333333,-46.0431525225309,-28.8048735510328,-Inf,0,7.29460133803481,-1.81121369955504,0.963029430713793,0.983251233875828,-5 to -55 dB,0,7.83333333333333
10,21,full,1,1,1,1,0.55,-46.8721112500335,-29.1488370827975,-43.4686291857558,26.8493322921711,6.66202218213184,-1.86473761069137,0.954176804334825,0.985978426743846,-5 to -55 dB,0.969692665129109,8.14583333333333,-47.0294846658591,-29.2240672964643,-44.4536589457015,24.1974660233399,6.33396146019406,-2.42667556583233,0.958257398933549,0.986164076116194,-5 to -55 dB,1.18907004339988,7.8125,-47.0229189365861,-29.1906211714269,-44.4662979313017,23.8540539202886,6.31596634137123,-2.43348121926902,0.958709565356198,0.98617781240366,-5 to -55 dB,1.1834633243985,7.8125,-46.0651387819634,-28.9218007032927,-Inf,0,7.32867850752205,-1.90031816248827,0.946932830221917,0.980470509261186,-5 to -55 dB,0,7.8125
10,22,full,1,1,1,1,0.6,-46.8721112500335,-29.1488370827975,-43.5350832262461,27.7224648910453,6.66202218213184,-1.86473761069137,0.954176804334825,0.985978426743846,-5 to -55 dB,0.623935737371887,8.14583333333333,-47.0301286493176,-29.2309097605436,-44.1813276559558,27.2091645885508,6.32744409567388,-2.39853181833792,0.958342593165693,0.986171502903763,-5 to -55 dB,0.821952340046333,7.79166666666667,-47.0899908379883,-29.2596920457166,-44.2074308027691,27.8180652790839,6.21161042163121,-2.2870066625362,0.959739498795242,0.986240684506135,-5 to -55 dB,0.881833651128992,7.79166666666667,-46.0229569769829,-28.8254484347687,-Inf,0,7.16717174364251,-1.62364703933585,0.939681203321603,0.984563244727386,-5 to -55 dB,0,7.79166666666667
10,23,full,1,1,1,1,0.65,-46.8721112500335,-29.1488370827975,-43.4745250734822,25.762099798287,6.66202218213184,-1.86473761069137,0.954176804334825,0.985978426743846,-5 to -55 dB,1.0661633864951,8.14583333333333,-47.1084098596493,-29.2485279227355,-44.3107238091304,27.1675420541623,6.20884071578606,-2.26329539847152,0.960134610941575,0.986283014504627,-5 to -55 dB,0.968648304716747,7.79166666666667,-47.1370089845151,-29.2449468993846,-44.3115095966195,27.8136277889801,6.13860611505785,-2.20624724214289,0.960788825440247,0.986287473923399,-5 to -55 dB,0.967173981215455,7.79166666666667,-46.0200913433622,-28.8365745768,-Inf,0,7.07975562964245,-1.48350492204433,1.02771742609428,0.975403747343197,-5 to -55 dB,0,7.79166666666667
10,24,full,1,1,1,1,0.7,-46.8721112500335,-29.1488370827975,-43.641040145397,27.1298427400779,6.66202218213184,-1.86473761069137,0.954176804334825,0.985978426743846,-5 to -55 dB,0.58440102590254,8.14583333333333,-47.1125931145716,-29.2523571442452,-44.5443631818077,23.0824661923421,6.19990239116082,-2.23252869374963,0.960278636421073,0.986292285727406,-5 to -55 dB,0.587554231671153,7.77083333333333,-47.1134074883827,-29.2087939653675,-44.5395954375692,23.5066802153451,6.17091536393455,-2.263129955553,0.960208860117773,0.986253376029642,-5 to -55 dB,0.589876816841987,7.77083333333333,-46.2629403579689,-28.8476650831288,-Inf,0,6.98913801494814,-1.46518117208895,0.963836064848384,0.984686468808182,-5 to -55 dB,0,7.77083333333333
10,25,full,1,1,1,1,0.75,-46.8721112500335,-29.1488370827975,-43.8080159819773,28.6171005901453,6.66202218213184,-1.86473761069137,0.954176804334825,0.985978426743846,-5 to -55 dB,0.548269155861459,8.14583333333333,-47.0971289796983,-29.2394505349149,-44.7868468539104,26.5006133186933,6.2209712103492,-2.24528192042392,0.95993557660065,0.986269104226472,-5 to -55 dB,0.586093365498311,7.77083333333333,-47.106111333591,-29.242045367203,-44.7597176763635,26.6739581276522,6.17989914249188,-2.22222299061494,0.960127089763795,0.986250455151255,-5 to -55 dB,0.591047561306171,7.77083333333333,-46.6555166572431,-29.0255380230743,-Inf,0,6.47257168530385,-1.87779134019521,0.943160191053424,0.984657936765223,-5 to -55 dB,0,7.77083333333333
10,26,full,1,1,1,1,0.8,-46.8721112500335,-29.1488370827975,-44.2165016425904,28.2137983406305,6.66202218213184,-1.86473761069137,0.954176804334825,0.985978426743846,-5 to -55 dB,1.25904233760105,8.14583333333333,-47.1069527472139,-29.2534546329722,-45.326923519275,23.3466479414417,6.20531369644796,-2.22240386100775,0.960175449364134,0.986284458680478,-5 to -55 dB,0.941833924794437,7.77083333333333,-47.0780365374644,-29.2152381314467,-45.2712846402182,23.1345576725004,6.22038992414893,-2.23702545787442,0.959604744238039,0.986229541332179,-5 to -55 dB,0.968870839689359,7.77083333333333,-47.1045155685638,-31.032943332383,-Inf,0,5.74039455177005,-1.96100381177933,0.972697019223046,0.988100345066493,-5 to -55 dB,0,7.77083333333333
10,27,full,1,1,1,1,0.85,-46.8721112500335,-29.1488370827975,-44.0611439688341,28.609335022713,6.66202218213184,-1.86473761069137,0.954176804334825,0.985978426743846,-5 to -55 dB,1.11305101327525,8.14583333333333,-47.108221884458,-29.2589519300885,-45.3660967188202,25.2571223694242,6.20306251009517,-2.21797540588771,0.960207867493547,0.986285952721596,-5 to -55 dB,0.856185148322075,7.77083333333333,-47.0627243022852,-29.2099165537541,-45.2968715155296,26.3087822346134,6.24265943096881,-2.2889801360631,0.959373773561565,0.986212248441895,-5 to -55 dB,0.887057439454044,7.77083333333333,-47.0548683333744,-29.259609340957,-Inf,0,5.53445029768267,-1.93340623011537,0.96960789437445,0.983335643205871,-5 to -55 dB,0,7.77083333333333
10,28,full,1,1,1,1,0.9,-46.8721112500335,-29.1488370827975,-44.1178737848459,27.1043102323596,6.66202218213184,-1.86473761069137,0.954176804334825,0.985978426743846,-5 to -55 dB,0.895240612978017,8.14583333333333,-47.0907405774977,-29.2587494697667,-45.3326011580543,25.1714906151452,6.22932385782919,-2.2483056302746,0.959617292811328,0.986247806859513,-5 to -55 dB,0.614454308353898,7.77083333333333,-47.0425478440274,-29.2124024551163,-45.2640194583927,26.3260426552701,6.27279003090995,-2.29347345225508,0.959017202182112,0.986194332754799,-5 to -55 dB,0.654037798990817,7.77083333333333,-46.9628225980247,-29.2365354997164,-Inf,0,5.44202069796151,-2.51590708804813,0.954934820764532,0.985751079815796,-5 to -55 dB,0,7.77083333333333
10,29,full,1,1,1,1,0.95,-46.8721112500335,-29.1488370827975,-44.1315207693096,35.564672033788,6.66202218213184,-1.86473761069137,0.954176804334825,0.985978426743846,-5 to -55 dB,1.18812650889786,8.14583333333333,-47.0921798169842,-29.2635901349456,-45.2323457221333,31.2480761861667,6.22829563835101,-2.25317963431326,0.959665086451545,0.986250813467758,-5 to -55 dB,0.922309267196017,7.77083333333333,-47.0087282708047,-29.1841694720128,-45.1854024620728,32.5055795103446,6.32360918612199,-2.29286915475152,0.958583116655059,0.98616676740856,-5 to -55 dB,0.990057692999748,7.77083333333333,-47.0848876275863,-29.4092519554927,-Inf,0,5.43542009447104,-2.19967961290307,0.975737833989945,0.983642558543494,-5 to -55 dB,0,7.77083333333333
10,30,full,1,1,1,1,1,-46.8721112500335,-29.1488370827975,-44.009663637199,32.29381552203,6.66202218213184,-1.86473761069137,0.954176804334825,0.985978426743846,-5 to -55 dB,1.03750822125639,8.14583333333333,-47.1180074354303,-29.2703896481937,-45.2029162604553,29.775603817596,6.19187460332237,-2.2238730378783,0.960336284406354,0.986293655473551,-5 to -55 dB,0.69874027097294,7.77083333333333,-47.0579371555502,-29.2322653324313,-45.1829217174656,30.0403558432301,6.25299329477376,-2.22237208669705,0.95920671840485,0.986199819318201,-5 to -55 dB,0.757571375907148,7.77083333333333,-47.1163605437242,-29.2702670433713,-Inf,0,5.13035129221784,-3.31743847336493,0.974673504096146,0.984766639671696,-5 to -55 dB,0,7.77083333333333
10,31,full,1,1,1,1,1.05,-46.8721112500335,-29.1488370827975,-44.0812218422039,35.1639807534564,6.66202218213184,-1.86473761069137,0.954176804334825,0.985978426743846,-5 to -55 dB,1.5304014016091,8.14583333333333,-47.111804313935,-29.2797521012965,-45.5324112829089,31.3183383649879,6.20381368604682,-2.2578839204661,0.960207871109575,0.986285953800947,-5 to -55 dB,1.19820503471501,7.79166666666667,-47.0717965014397,-29.2595575084077,-45.4885473293869,32.4328822743526,6.23524212821333,-2.22064217014971,0.95950007182879,0.986223366078158,-5 to -55 dB,1.23870822261699,7.79166666666667,-47.1624049065853,-31.066249255296,-Inf,0,5.32154899485891,-3.33030915661805,0.989326882505916,0.986110217395262,-5 to -55 dB,0,7.79166666666667
10,32,full,1,1,1,1,1.1,-46.8721112500335,-29.1488370827975,-44.0436613060924,30.5717139366538,6.66202218213184,-1.86473761069137,0.954176804334825,0.985978426743846,-5 to -55 dB,1.54024575605323,8.14583333333333,-47.0424266062729,-29.2768616774188,-45.5802087019015,27.6803715642757,6.3093911432598,-2.3791389082808,0.958524981934529,0.986183122157568,-5 to -55 dB,1.31326647278991,7.79166666666667,-47.0056827260701,-29.2350937198118,-45.5545572293651,28.2775595750906,6.33567823746594,-2.40418694322447,0.958463857049067,0.986157486074179,-5 to -55 dB,1.34593834079101,7.79166666666667,-47.234874075978,-29.3848129066955,-Inf,0,5.31639780761628,-3.34058691919393,1.04193463302831,0.973916010042331,-5 to -55 dB,0,7.79166666666667
10,33,full,1,1,1,1,1.15,-46.8721112500335,-29.1488370827975,-43.9326669292877,30.4279312106468,6.66202218213184,-1.86473761069137,0.954176804334825,0.985978426743846,-5 to -55 dB,1.61667490079411,8.14583333333333,-47.0391995099679,-29.2728998646299,-45.3604084801713,27.9087678220329,6.31971716938339,-2.41139486047624,0.958422732728781,0.986175780579215,-5 to -55 dB,1.39159692363623,7.8125,-47.0221807749548,-29.257230163341,-45.3600463278358,28.1991523194515,6.31704859512309,-2.41357640758762,0.958709565356197,0.98617781240366,-5 to -55 dB,1.40707605043552,7.8125,-47.0008925925064,-29.1447226703639,-Inf,0,5.95943850659576,-2.73687340738665,1.03277896789218,0.979202048896331,-5 to -55 dB,0,7.8125
10,34,full,1,1,1,1,1.2,-46.8721112500335,-29.1488370827975,-43.9355687434593,32.5468077931308,6.66202218213184,-1.86473761069137,0.954176804334825,0.985978426743846,-5 to -55 dB,0.809687616837604,8.14583333333333,-47.0114988329883,-29.3352161727209,-45.1714600731662,31.0977607341309,6.34916884573837,-2.4187897152756,0.957969146766153,0.986124282146381,-5 to -55 dB,0.625738496251975,7.83333333333333,-46.9632978501955,-29.2946777549092,-45.1505297866871,31.461765439882,6.40762172027039,-2.47781401633595,0.957703228793149,0.98611326843305,-5 to -55 dB,0.666042377948683,7.83333333333333,-46.9577857423135,-29.1713181838958,-Inf,0,6.31049455090869,-1.86058535309475,0.990847689274464,0.982957507491587,-5 to -55 dB,0,7.83333333333333
10,35,full,1,1,1,1,1.25,-46.8721112500335,-29.1488370827975,-43.5211128129931,36.4257110282103,6.66202218213184,-1.86473761069137,0.954176804334825,0.985978426743846,-5 to -55 dB,0.97065989959511,8.14583333333333,-47.0748706441536,-29.4166359780738,-44.5726472419329,32.1728367092044,6.26153323036394,-2.32894280975178,0.958976876044926,0.986188213442261,-5 to -55 dB,0.816680678559724,7.85416666666667,-47.0673492372654,-29.3838229063298,-44.5786038898879,33.0580815428998,6.26066690160472,-2.30842027954702,0.959141652078095,0.986196886653616,-5 to -55 dB,0.820605780515427,7.85416666666667,-46.5328122122073,-29.0537641454985,-Inf,0,7.01897326224007,-0.955698727354267,1.01116146779229,0.981515009560781,-5 to -55 dB,0,7.85416666666667
10,36,full,1,1,1,1,1.3,-46.8721112500335,-29.1488370827975,-43.6178896142519,37.3082534340381,6.66202218213184,-1.86473761069137,0.954176804334825,0.985978426743846,-5 to -55 dB,1.2605569179173,8.14583333333333,-47.0956966791877,-29.4211689005228,-44.595772595443,33.5544873985191,6.23724049923267,-2.37657547457049,0.959338202845003,0.986217123605582,-5 to -55 dB,1.13720388032385,7.875,-47.0818982217123,-29.3949167719478,-44.6051519045117,34.1277607722165,6.24560081301075,-2.36383258433156,0.959373773561567,0.986212248441895,-5 to -55 dB,1.14258400592323,7.875,-46.2652652829083,-28.9301515158191,-Inf,0,7.66837955163633,0.0770639027437842,1.01744831114569,0.985280219489,-5 to -55 dB,0,7.875
10,37,full,1,1,1,1,1.35,-46.8721112500335,-29.1488370827975,-43.2268759096072,47.2637564073499,6.66202218213184,-1.86473761069137,0.954176804334825,0.985978426743846,-5 to -55 dB,1.02692213936395,8.14583333333333,-47.1577092744325,-29.4891697063358,-44.4000941444173,44.2912944685346,6.15236742646831,-2.31662657579968,0.960801193841924,0.986300999413574,-5 to -55 dB,1.13706313091212,7.89583333333333,-47.137290359194,-29.4777729783972,-44.4131020795312,45.2801848521919,6.17056955882633,-2.32747547587002,0.960264123080061,0.986258134619136,-5 to -55 dB,1.12875984543062,7.89583333333333,-45.5567600280073,-28.4793276532638,-Inf,0,8.42995476482801,1.56664458363208,1.02204054782035,0.981093637676946,-5 to -55 dB,0,7.89583333333333
10,38,full,1,1,1,1,1.4,-46.8721112500335,-29.1488370827975,-42.8829754152722,48.9327215114472,6.66202218213184,-1.86473761069137,0.954176804334825,0.985978426743846,-5 to -55 dB,1.61407054282902,8.14583333333333,-47.1728482087992,-29.4712551104103,-44.1173128620145,46.6108337448014,6.13746280363711,-2.10307457355,0.960904700419625,0.986308994432472,-5 to -55 dB,1.63660598971825,7.9375,-47.1465666372492,-29.4291901120234,-44.1220160240254,46.551597672434,6.16431026820332,-2.02810208351822,0.960321810608474,0.986259515635722,-5 to -55 dB,1.63356846119652,7.9375,-45.3824317732544,-28.4616946449513,-Inf,0,9.05965027364847,1.98969553863428,1.07431260358165,0.973098290379852,-5 to -55 dB,0,7.9375
10,39,full,1,1,1,1,1.45,-46.8721112500335,-29.1488370827975,-42.8051002067127,49.8105727972022,6.66202218213184,-1.86473761069137,0.954176804334825,0.985978426743846,-5 to -55 dB,1.58476704592652,8.14583333333333,-47.1475229671462,-29.4077065441714,-44.0584584068796,49.0260891438668,6.18317450970238,-2.13953297619183,0.960253106105526,0.986270298190372,-5 to -55 dB,1.74877682008647,7.95833333333333,-47.1360117235166,-29.3696415359335,-44.0449897740309,49.5171428979649,6.18814831974993,-2.07791404028413,0.96010180982722,0.986250597012514,-5 to -55 dB,1.74403590353464,7.95833333333333,-45.128424921096,-28.2593958019364,-Inf,0,9.42613470825459,2.15277278087345,1.05201444400872,0.975099996582624,-5 to -55 dB,0,7.95833333333333
10,40,full,1,1,1,1,1.5,-46.8721112500335,-29.1488370827975,-43.5214661813198,45.9342858974767,6.66202218213184,-1.86473761069137,0.954176804334825,0.985978426743846,-5 to -55 dB,1.80104304172206,8.14583333333333,-47.0941891267825,-29.4782288339906,-44.3292359764543,46.7689921269327,6.27191774889775,-1.96203492470685,0.958850590203529,0.986179321855495,-5 to -55 dB,1.72493632543955,8,-47.1058117842813,-29.4660770616796,-44.3350162278594,45.9769831661322,6.24297876669974,-1.94505856102467,0.959500071828792,0.986223366078158,-5 to -55 dB,1.72442291045156,8,-46.0673558903725,-28.9472888863003,-Inf,0,8.73567976443444,1.50827651374416,1.09804133292762,0.972718378139285,-5 to -55 dB,0,8
10,41,full,1,1,1,1,1.55,-46.8721112500335,-29.1488370827975,-43.3390897514135,40.6789387107601,6.66202218213184,-1.86473761069137,0.954176804334825,0.985978426743846,-5 to -55 dB,2.49019653209143,8.14583333333333,-47.1205462514385,-29.5505453227032,-45.0880743563335,38.1177775980378,6.24419754723754,-1.97412392775475,0.959338245678573,0.986217136413696,-5 to -55 dB,2.29913319471116,8.02083333333333,-47.0958804294532,-29.5406420206187,-45.0611398862941,37.6215553352242,6.26828128995259,-2.02363184413238,0.95910774067107,0.986197117337386,-5 to -55 dB,2.31636338021907,8.02083333333333,-46.6189285436852,-29.6383084480836,-Inf,0,8.25892177253554,0.806926150634619,1.12207559076676,0.974565614376463,-5 to -55 dB,0,8.02083333333333
10,42,full,1,1,1,1,1.6,-46.8721112500335,-29.1488370827975,-44.4250672355375,39.9269801962497,6.66202218213184,-1.86473761069137,0.954176804334825,0.985978426743846,-5 to -55 dB,2.69914381802559,8.14583333333333,-47.1644849078415,-29.5116784335359,-45.7865940927779,35.154974456138,6.18011544841148,-1.93843268249314,0.960201719520406,0.98625175531838,-5 to -55 dB,2.43236627450833,8.0625,-47.1335001815245,-29.4684162523861,-45.7547506224498,35.7932110472709,6.22548907679741,-1.93836819424656,0.959699788700774,0.986237501479353,-5 to -55 dB,2.45865914099347,8.0625,-47.0929219115471,-30.1244190494027,-Inf,0,7.69986899037575,0.207043919504775,1.11808095717353,0.980294555151356,-5 to -55 dB,0,8.0625
10,43,full,1,1,1,1,1.65,-46.8721112500335,-29.1488370827975,-43.9994833720624,35.0542034776579,6.66202218213184,-1.86473761069137,0.954176804334825,0.985978426743846,-5 to -55 dB,5.06289971266182,8.14583333333333,-46.9331791263563,-29.1998822143364,-46.1173001079203,35.4216660588187,6.5368833341186,-1.86453936012722,0.954580730874445,0.985992591573309,-5 to -55 dB,4.99776178100336,8.10416666666667,-46.9174888252566,-29.1796943726436,-46.0749317049025,35.8044074995285,6.55927855142739,-1.79258494958519,0.955037095291402,0.986033583667524,-5 to -55 dB,5.01254523443371,8.10416666666667,-47.6166177898682,-30.6309088381136,-Inf,0,7.10898622019825,-0.543992993559318,1.27897644717842,0.965046601912372,-5 to -55 dB,0,8.10416666666667
10,44,full,1,1,1,1,1.7,-46.8721112500335,-29.1488370827975,-45.1286333808071,36.4809669148721,6.66202218213184,-1.86473761069137,0.954176804334825,0.985978426743846,-5 to -55 dB,4.72716852999416,8.14583333333333,-46.7454306802533,-29.1570157012081,-45.0554220593247,36.7821194901016,6.84021860147043,-2.1354994068344,0.952171677384462,0.985888969026793,-5 to -55 dB,4.85163827898142,8.14583333333333,-46.7307440775418,-29.1446533577969,-45.0416394250155,36.3338815044967,6.86074238999993,-2.23109119514924,0.95229336386169,0.985892004972944,-5 to -55 dB,4.86615016662495,8.14583333333333,-48.0477514031787,-30.8938097783615,-Inf,0,7.11296893029041,-1.26178709172726,1.20607721043593,0.975518832335163,-5 to -55 dB,0,8.14583333333333
10,45,full,1,1,1,1,1.75,-46.8721112500335,-29.1488370827975,-44.3310651133969,36.2784144226,6.66202218213184,-1.86473761069137,0.954176804334825,0.985978426743846,-5 to -55 dB,4.21943141388921,8.14583333333333,-47.2005772474025,-29.5420299376408,-46.4413914166502,28.4890146915726,6.20753244143277,-2.1684597491117,0.960693617668672,0.986279451427453,-5 to -55 dB,3.90715403408558,8.1875,-47.1661096871898,-29.5077391523615,-46.4138285915209,29.1362548592608,6.25771716552127,-2.15458494314987,0.960003061932226,0.986247773893794,-5 to -55 dB,3.94056835794739,8.1875,-47.8735033009655,-30.9711121105729,-Inf,0,7.12317190200417,-0.484844678530937,1.18871941497955,0.97659634865075,-5 to -55 dB,0,8.1875
10,46,full,1,1,1,1,1.8,-46.8721112500335,-29.1488370827975,-44.4255565891505,39.5339815488926,6.66202218213184,-1.86473761069137,0.954176804334825,0.985978426743846,-5 to -55 dB,5.85791694590351,8.14583333333333,-47.2743069167684,-29.6725420968386,-46.5786297055269,28.4462739991909,6.12110225025337,-2.32800954039266,0.962480590146997,0.986345918185472,-5 to -55 dB,5.48330603950121,8.25,-47.2964444869936,-29.6725055821124,-46.6038985388798,28.2020819211751,6.08860823976637,-2.3508163617962,0.963009338625561,0.986365724819295,-5 to -55 dB,5.46193089130037,8.25,-48.2114890734133,-33.0123715470171,-Inf,0,6.72699991157196,-0.279480597486781,1.26839331472933,0.971084614033523,-5 to -55 dB,0,8.25
10,47,full,1,1,1,1,1.85,-46.8721112500335,-29.1488370827975,-44.7059919100701,41.8319335747765,6.66202218213184,-1.86473761069137,0.954176804334825,0.985978426743846,-5 to -55 dB,6.2609403297852,8.14583333333333,-47.365114893531,-29.7916083258754,-45.6891890438989,29.0916092413752,6.00993734198918,-2.46921641346006,0.964259526294366,0.986384223139907,-5 to -55 dB,5.78885170828668,8.29166666666667,-47.3439961017893,-29.7720298209319,-45.6791544736561,29.2870746634098,6.03432008398335,-2.42376564743896,0.963525378245385,0.986378453957534,-5 to -55 dB,5.81023574460784,8.29166666666667,-48.6251380530231,-33.2561726614979,-Inf,0,6.69346911851393,-0.44612427724198,1.28255281320221,0.97831744986726,-5 to -55 dB,0,8.29166666666667
10,48,full,1,1,1,1,1.9,-46.8721112500335,-29.1488370827975,-45.0192760319307,42.5673247449631,6.66202218213184,-1.86473761069137,0.954176804334825,0.985978426743846,-5 to -55 dB,7.23366445713166,8.14583333333333,-47.4812208896763,-29.9452572171458,-46.6426265128147,31.3340772725062,5.85060497503871,-2.66267244612525,0.965400506138789,0.986468569346725,-5 to -55 dB,6.64205803888987,8.35416666666667,-47.4731277637076,-29.9304398845026,-46.6633908105096,31.2002214551553,5.85585796983418,-2.66359239528688,0.965289471073109,0.986456199641236,-5 to -55 dB,6.65043932282425,8.35416666666667,-49.3599252318923,-33.4534199243125,-Inf,0,6.11563174600318,-0.61695553013677,1.3236564935218,0.975951890167171,-5 to -55 dB,0,8.35416666666667
10,49,full,1,1,1,1,1.95,-46.8721112500335,-29.1488370827975,-45.1652140528299,59.3701694744023,6.66202218213184,-1.86473761069137,0.954176804334825,0.985978426743846,-5 to -55 dB,6.51378721692092,8.14583333333333,-47.5925395235864,-30.0716003602927,-45.5855532991477,46.1529976561064,5.69718327394314,-2.51375348737897,0.966950327440094,0.986537691002966,-5 to -55 dB,5.82307984460656,8.39583333333333,-47.5789027764945,-30.0609276193852,-45.5880369342717,45.6332183287285,5.71083571896566,-2.49740043613222,0.96664900222449,0.986503364869483,-5 to -55 dB,5.83707207305009,8.39583333333333,-49.9002956025465,-34.3035960763851,-Inf,0,6.65078892423493,-2.51536295764757,1.26363493985831,0.981890427175989,-5 to -55 dB,0,8.39583333333333
10,50,full,1,1,1,1,2,-46.8721112500335,-29.1488370827975,-45.2371308745211,84.3972650086806,6.66202218213184,-1.86473761069137,0.954176804334825,0.985978426743846,-5 to -55 dB,7.07040457089288,8.14583333333333,-47.6460905336449,-30.0397181500139,-46.5559996044939,67.138032386069,5.64727764295698,-2.51938869791665,0.967877842000258,0.986622564177796,-5 to -55 dB,6.3126027448084,8.45833333333333,-47.6624942118433,-30.044776013725,-46.5844385510658,66.9808857084054,5.6052605451375,-2.49859726454006,0.968421141337967,0.986629369053696,-5 to -55 dB,6.29527787614118,8.45833333333333,-50.3035042467684,-35.3552143198746,-Inf,0,5.970053950782,-3.30559076949527,1.27345117179554,0.985822709704801,-5 to -55 dB,0,8.45833333333333
10,51,full,1,1,1,1,2.05,-46.8721112500335,-29.1488370827975,-45.0585680076784,96.1996059090745,6.66202218213184,-1.86473761069137,0.954176804334825,0.985978426743846,-5 to -55 dB,6.74411004450457,8.14583333333333,-47.6340567640414,-30.0443432133344,-45.7845596859648,82.4688896039491,5.69161570389007,-2.58300675473298,0.96741124563551,0.986588783571814,-5 to -55 dB,6.03173192215255,8.52083333333333,-47.9228596279531,-32.0570993188898,-45.9673726233786,68.9569830615417,5.6747915870113,-2.2205871381186,0.979575246655751,0.985639503236552,-5 to -55 dB,5.54583315055467,8.52083333333333,-50.1404187913133,-34.8334106056945,-Inf,0,6.83562842731036,-0.416202418910763,1.27958096038419,0.983665545219747,-5 to -55 dB,0,8.52083333333333
10,52,full,1,1,1,1,2.1,-46.8721112500335,-29.1488370827975,-45.5333764771795,105.230079105314,6.66202218213184,-1.86473761069137,0.954176804334825,0.985978426743846,-5 to -55 dB,7.59831758481423,8.14583333333333,-47.6536015109769,-30.1149754309708,-46.0444357483941,85.1629858875926,5.68011555067769,-2.52574566462037,0.967600590377485,0.986603174781099,-5 to -55 dB,6.84569539063752,8.58333333333333,-47.968369554573,-33.0772970208902,-46.3056624437099,55.1413346934683,5.83928780363012,-2.22476580144786,0.978024754548937,0.985759974285873,-5 to -55 dB,6.44585108838863,8.66666666666667,-51.2342364879576,-36.4507652969588,-Inf,0,5.89525038722976,-1.62330331474791,1.27730714142387,0.988871175743639,-5 to -55 dB,0,8.66666666666667
10,53,full,1,1,1,1,2.15,-46.8721112500335,-29.1488370827975,-45.629152312789,126.791963384102,6.66202218213184,-1.86473761069137,0.954176804334825,0.985978426743846,-5 to -55 dB,8.52033104022708,8.14583333333333,-47.6583325476853,-30.0285452349313,-46.1589730252621,106.149121416492,5.69313170872469,-2.63819642992703,0.967459667672231,0.986590344608362,-5 to -55 dB,7.76548600592906,8.64583333333333,-48.1471408776474,-33.2804419213175,-46.5501974928105,73.3097984065596,5.84502012963083,-1.885519714264,0.978193976540855,0.985833079930977,-5 to -55 dB,7.34610182419758,8.8125,-51.9462596950547,-37.3476320750052,-Inf,0,5.38184717145857,-3.55137474335155,1.2873051706024,0.990636172685613,-5 to -55 dB,0,8.8125
10,54,full,1,1,1,1,2.2,-46.8721112500335,-29.1488370827975,-45.9105716090125,135.946083914178,6.66202218213184,-1.86473761069137,0.954176804334825,0.985978426743846,-5 to -55 dB,10.1368205333666,8.14583333333333,-47.7504364573211,-30.1272278111015,-46.5715327749172,112.191101891015,5.59594040818328,-2.69221604542871,0.969283211249725,0.986683772744796,-5 to -55 dB,9.29069248992294,8.70833333333333,-48.3678366865078,-33.4634477971134,-47.1087259968024,82.5163261250147,5.75702830212673,-1.83697460680396,0.979336366913427,0.985880825657068,-5 to -55 dB,8.90694192822898,8.95833333333333,-52.8791023318691,-38.114699935458,-Inf,0,4.74318633629646,-3.85805240746765,1.36264099815651,0.988745060299235,-5 to -55 dB,0,8.95833333333333
10,55,full,1,1,1,1,2.25,-46.8721112500335,-29.1488370827975,-46.0091824037126,141.13635187698,6.66202218213184,-1.86473761069137,0.954176804334825,0.985978426743846,-5 to -55 dB,9.90485160245148,8.14583333333333,-47.6831801403892,-30.1055752368713,-46.6682875147239,118.778247589905,5.72596608680397,-2.81672711595745,0.96759855690901,0.986605708315091,-5 to -55 dB,9.13288253713821,8.77083333333333,-48.4122260459297,-33.5209619376588,-47.2653464489175,88.2835852769283,5.79693199252966,-2.31353669613216,0.979192457552067,0.985949845878073,-5 to -55 dB,8.6766138378387,9.10416666666667,-53.6790707721516,-38.4026063850236,-Inf,0,3.76404709299871,-7.28909036015987,1.31688893110746,0.991667501120392,-5 to -55 dB,0,9.10416666666667
10,56,full,1,1,1,1,2.3,-46.8721112500335,-29.1488370827975,-46.1878083054159,140.903889441209,6.66202218213184,-1.86473761069137,0.954176804334825,0.985978426743846,-5 to -55 dB,11.0103749233582,8.14583333333333,-47.7757228818359,-30.0874597373622,-46.848281985937,117.785361177027,5.61857968987949,-2.85491395433901,0.969660504652626,0.986695403452255,-5 to -55 dB,10.1542686788807,8.83333333333333,-48.6649298658183,-33.805538968725,-47.4940463231668,85.8677071515958,5.64641939480738,-2.17537071728564,0.980867003037986,0.985988917154316,-5 to -55 dB,9.68340764701859,9.25,-53.8608478535953,-38.4695162353883,-Inf,0,3.72873953239585,-8.12576284826843,1.38237581146695,0.99201444604832,-5 to -55 dB,0,9.25
10,57,full,1,1,1,1,2.35,-46.8721112500335,-29.1488370827975,-45.9565073917178,132.772715177146,6.66202218213184,-1.86473761069137,0.954176804334825,0.985978426743846,-5 to -55 dB,10.7020941146339,8.14583333333333,-47.8637628953708,-30.2529214936411,-46.8645032375489,107.753670387,5.50654161640481,-2.89400918317784,0.970684371694035,0.986769274475569,-5 to -55 dB,9.75939561719827,8.91666666666667,-48.8297034684102,-33.9092463725407,-47.5721495445767,79.6561548318039,5.63900698279238,-2.02145694790084,0.981278918732083,0.986048816936141,-5 to -55 dB,9.36120848806318,9.39583333333333,-53.9588715726988,-38.3974400234749,-Inf,0,3.94868608191199,-9.20829537461765,1.33224179896092,0.99567687003344,-5 to -55 dB,0,9.39583333333333
10,58,full,1,1,1,1,2.4,-46.8721112500335,-29.1488370827975,-46.1019743514951,131.357997379826,6.66202218213184,-1.86473761069137,0.954176804334825,0.985978426743846,-5 to -55 dB,10.9012074411729,8.14583333333333,-47.8664209529143,-30.279004108081,-46.8851336638261,105.853858948631,5.5337380493468,-2.97400041227442,0.970644348203535,0.986767647858206,-5 to -55 dB,9.97124881266257,8.97916666666667,-48.9972530492554,-34.069092130079,-47.7655202284363,75.3979468050648,5.59400101503405,-1.95715592911803,0.982301859171781,0.986073147336136,-5 to -55 dB,9.52801017049432,9.54166666666667,-53.9999515223045,-38.382623345732,-Inf,0,3.98605864487247,-9.3091060021918,1.34450711490059,0.995633361609706,-5 to -55 dB,0,9.54166666666667
10,59,full,1,1,1,1,2.45,-46.8721112500335,-29.1488370827975,-46.0812157041253,129.853529006687,6.66202218213184,-1.86473761069137,0.954176804334825,0.985978426743846,-5 to -55 dB,10.4878980650946,8.14583333333333,-47.9581534412959,-30.3668715699354,-46.8735932020484,102.891576181583,5.42199466665485,-2.96932999412246,0.971556167496053,0.986847220449974,-5 to -55 dB,9.46914193789028,9.0625,-49.1064301855837,-34.2186244279628,-47.8278714241613,73.9848991355193,5.6192815363966,-1.88475378442634,0.981858427904348,0.986130717840548,-5 to -55 dB,9.13389766375805,9.6875,-54.0989074431467,-38.3997423809909,-Inf,0,3.93392551371703,-9.4246217601667,1.32777203610135,0.993634950554079,-5 to -55 dB,0,9.6875
10,60,full,1,1,1,1,2.5,-46.8721112500335,-29.1488370827975,-46.0988803949658,139.126559345943,6.66202218213184,-1.86473761069137,0.954176804334825,0.985978426743846,-5 to -55 dB,11.1598063629311,8.14583333333333,-47.9385725601664,-30.2648732440389,-47.0515778323774,112.307882382084,5.47102331290526,-3.03610909278592,0.971249861564982,0.986822088193788,-5 to -55 dB,10.1726048212551,9.125,-49.1849970210648,-34.3073836330103,-47.9135804399548,81.7106030024885,5.6674738487053,-2.01945793175719,0.980984115496253,0.986203966429718,-5 to -55 dB,9.83156781640855,9.83333333333333,-54.3723991933243,-38.723922761514,-Inf,0,3.44956572382848,-9.84362463095,1.33558239399523,0.99666133565744,-5 to -55 dB,0,9.83333333333333
10,61,full,1,1,1,1,2.55,-46.8721112500335,-29.1488370827975,-46.1924664147919,148.701671526089,6.66202218213184,-1.86473761069137,0.954176804334825,0.985978426743846,-5 to -55 dB,11.0553134409942,8.14583333333333,-47.9809320285596,-32.099882493367,-47.1047360324746,118.59914664208,5.42703908406882,-3.1404061189459,0.971564097431935,0.986847270446462,-5 to -55 dB,10.0330292368217,9.20833333333333,-49.3061797855545,-34.4458670728961,-48.0638285327409,88.0459758544225,5.73306776618346,-2.22032991538227,0.980226875315131,0.986238263843681,-5 to -55 dB,9.7579343354964,9.97916666666667,-54.8060483976383,-39.1645015023508,-Inf,0,3.26554757288495,-10.0228816955391,1.32635782067436,0.995839865131743,-5 to -55 dB,0,9.97916666666667
10,62,full,1,1,1,1,2.6,-46.8721112500335,-29.1488370827975,-46.2713762558587,156.776483770561,6.66202218213184,-1.86473761069137,0.954176804334825,0.985978426743846,-5 to -55 dB,11.8493678746273,8.14583333333333,-47.9020439535059,-30.3361082290611,-47.1262890630433,128.55390747671,5.56148222377807,-3.3640518624945,0.970630698497845,0.986774694096365,-5 to -55 dB,10.9288581695508,9.29166666666667,-49.5513360546218,-34.716871540702,-48.4435533894282,91.4456679068449,5.58541115808276,-2.05841360828247,0.983410133612289,0.986219799965285,-5 to -55 dB,10.4458200588696,10.125,-55.1765558052908,-39.4563362836076,-Inf,0,2.724638004181,-10.5447443317998,1.34964260574734,0.996754259331999,-5 to -55 dB,0,10.125
10,63,full,1,1,1,1,2.65,-46.8721112500335,-29.1488370827975,-46.2268091510326,166.393790425005,6.66202218213184,-1.86473761069137,0.954176804334825,0.985978426743846,-5 to -55 dB,11.9878740050361,8.14583333333333,-47.9975202643864,-32.1407249539725,-47.184026401032,136.23554446932,5.44923850893893,-3.3817929695493,0.971529091046785,0.986844443142307,-5 to -55 dB,10.975506015088,9.375,-49.5587325187993,-34.7215394291522,-48.5146482882873,100.519140098605,5.7982305568759,-2.1506022155148,0.979859389468122,0.986317803015302,-5 to -55 dB,10.7429819805593,10.2708333333333,-55.4425921823083,-39.7974072384086,-Inf,0,2.62286111356248,-10.9235649696063,1.35009225640957,0.996037615333635,-5 to -55 dB,0,10.2708333333333
10,64,full,1,1,1,1,2.7,-46.8721112500335,-29.1488370827975,-46.4360859219407,173.899389635524,6.66202218213184,-1.86473761069137,0.954176804334825,0.985978426743846,-5 to -55 dB,12.6396974892907,8.14583333333333,-48.0186005049371,-32.142492494976,-47.3827136591264,143.144411985319,5.4369056604092,-3.42985849322648,0.971587651108955,0.986844238411608,-5 to -55 dB,11.6182264458557,9.45833333333333,-49.8317493202585,-35.0089116923218,-48.8034266038162,103.710105832863,5.5831715836875,-1.90300716736152,0.983942411506775,0.986284343080892,-5 to -55 dB,11.2647701150783,10.4166666666667,-55.7680868761819,-41.2988528052305,-Inf,0,2.53958792918313,-11.1401572525145,1.36456072255285,0.996155316203825,-5 to -55 dB,0,10.4166666666667
10,65,full,1,1,1,1,2.75,-46.8721112500335,-29.1488370827975,-46.381399851992,180.753650633932,6.66202218213184,-1.86473761069137,0.954176804334825,0.985978426743846,-5 to -55 dB,12.8731839661185,8.14583333333333,-48.1409196932055,-32.2893963553571,-47.4833321064297,147.423328890609,5.27429846995361,-3.3752873336532,0.974081133873387,0.986936393805591,-5 to -55 dB,11.7312465899819,9.54166666666667,-49.8613070272163,-35.0183803364214,-49.0080665714368,110.3851391572,5.71329769867294,-1.80875750013349,0.981058637218505,0.98638977493148,-5 to -55 dB,11.5829793697812,10.5625,-55.9076170559564,-41.5064283695023,-Inf,0,2.40774732962669,-11.448337503289,1.37088084798436,0.997409584130992,-5 to -55 dB,0,10.5625
10,66,full,1,1,1,1,2.8,-46.8721112500335,-29.1488370827975,-46.3459598576558,182.048142836244,6.66202218213184,-1.86473761069137,0.954176804334825,0.985978426743846,-5 to -55 dB,13.1319459974617,8.14583333333333,-48.1437229205109,-32.2159713176622,-47.4740973123459,149.608345932802,5.29281536589096,-3.30118967835154,0.97402120200674,0.986931829828053,-5 to -55 dB,12.0031888732059,9.625,-50.0434525473796,-35.2119549835919,-49.1476716607127,109.275312084891,5.59971661890731,-1.97892124236945,0.9839594529206,0.986350160287835,-5 to -55 dB,11.7607826629246,10.7083333333333,-56.0518126474526,-41.6022101824781,-Inf,0,2.27247585695833,-11.7535197451008,1.38628855900762,0.996597009871608,-5 to -55 dB,0,10.7083333333333
10,67,full,1,1,1,1,2.85,-46.8721112500335,-29.1488370827975,-46.3940499889895,183.883705758476,6.66202218213184,-1.86473761069137,0.954176804334825,0.985978426743846,-5 to -55 dB,13.3222908287955,8.14583333333333,-48.222928386353,-32.2825321551337,-47.6102921365183,149.444319938696,5.1926745429757,-3.29519050823067,0.974608603509405,0.986975502715998,-5 to -55 dB,12.1193326242893,9.70833333333333,-50.1349234991043,-35.3266191768274,-49.1631307709991,108.866201227221,5.69824037538228,-2.0314907016462,0.98253636525085,0.986418857714829,-5 to -55 dB,11.9925687528984,10.8541666666667,-56.193324271076,-41.8085065477098,-Inf,0,2.00523767841772,-12.1738537219089,1.38667549793408,0.99704026043588,-5 to -55 dB,0,10.8541666666667
10,68,full,1,1,1,1,2.9,-46.8721112500335,-29.1488370827975,-46.4390838542647,186.635060259211,6.66202218213184,-1.86473761069137,0.954176804334825,0.985978426743846,-5 to -55 dB,13.3384754104429,8.14583333333333,-48.2096473274325,-32.2862744266166,-47.5659486337004,151.453224638563,5.23822263115089,-3.28670338822107,0.974394810669076,0.98695344437476,-5 to -55 dB,12.1634278961506,9.79166666666667,-50.2890409976999,-35.4914062365801,-49.3861168727065,110.133723655784,5.71460337761209,-1.99066937211772,0.982002103074244,0.986466095933559,-5 to -55 dB,12.051089852546,11,-56.4339543568693,-41.913182986472,-Inf,0,1.91212793540782,-12.4712518100887,1.38241913686549,0.997060001126468,-5 to -55 dB,0,11
10,69,full,1,1,1,1,2.95,-46.8721112500335,-29.1488370827975,-46.4128081641648,188.964735123367,6.66202218213184,-1.86473761069137,0.954176804334825,0.985978426743846,-5 to -55 dB,14.2773642301809,8.14583333333333,-48.2293575994956,-32.3156799265089,-47.627084868952,153.052047997989,5.225397266828,-3.45575342257904,0.974418289280266,0.986955076506922,-5 to -55 dB,13.1017652041391,9.875,-50.3980796660019,-35.6281709119618,-49.554157201745,110.809017305267,5.74625318046828,-1.88387476042842,0.981655605916948,0.986492764528901,-5 to -55 dB,13.0328772851558,11.1458333333333,-56.5978840732822,-42.0304367755926,-Inf,0,1.78214185298104,-12.8287068109958,1.45021503641525,0.995191522182002,-5 to -55 dB,0,11.1458333333333
10,70,full,1,1,1,1,3,-46.8721112500335,-29.1488370827975,-46.4796684295916,194.873811672247,6.66202218213184,-1.86473761069137,0.954176804334825,0.985978426743846,-5 to -55 dB,14.0240928571296,8.14583333333333,-48.3264859437289,-32.387109983327,-47.7733705263982,157.174658585851,5.09305481093091,-3.55769143161846,0.97732542987728,0.987009864449068,-5 to -55 dB,12.7495708089611,9.97916666666667,-50.5757053381902,-35.7744723278909,-49.6909444340375,115.087209617212,5.66068153293064,-1.76727417072166,0.983816285500383,0.98645915554698,-5 to -55 dB,12.6974778089865,11.2916666666667,-56.9074681057692,-42.3367516814597,-Inf,0,1.61884455674096,-13.0377029706479,1.39928772858532,0.997397301536582,-5 to -55 dB,0,11.2916666666667
10,71,full,1,1,1,1,3.05,-46.8721112500335,-29.1488370827975,-46.4656415818466,198.840174528992,6.66202218213184,-1.86473761069137,0.954176804334825,0.985978426743846,-5 to -55 dB,14.1073516260969,8.14583333333333,-48.3213115309095,-32.405907736397,-47.7884085099915,159.958929066565,5.12159474797127,-3.68782424432071,0.976664121320286,0.987014932029704,-5 to -55 dB,12.8517269217816,10.0625,-50.6253610873822,-35.8542318193656,-49.7642190228796,117.459655062367,5.73583262408275,-1.9662227988146,0.98184479424371,0.986540384302544,-5 to -55 dB,12.8400448862838,11.4375,-56.9964972298658,-42.3761103807074,-Inf,0,1.57562904949405,-13.2958503691155,1.38423419768981,0.998226129604018,-5 to -55 dB,0,11.4375
10,72,full,1,1,1,1,3.1,-46.8721112500335,-29.1488370827975,-46.4591972721859,200.03262745948,6.66202218213184,-1.86473761069137,0.954176804334825,0.985978426743846,-5 to -55 dB,14.6023130222937,8.14583333333333,-48.3269104086359,-32.4415935339582,-47.7906039603862,161.30961001925,5.17211753587233,-3.62463455430177,0.976404605636627,0.987005489599848,-5 to -55 dB,13.3564660949644,10.1666666666667,-50.7219409339268,-35.9502950279081,-49.8037955123322,116.179557720732,5.7705149428468,-1.94695130974567,0.981353490365776,0.986564019974205,-5 to -55 dB,13.3766597644367,11.5833333333333,-57.2013804484146,-42.5674360928486,-Inf,0,1.53271302513312,-13.3976003358857,1.40223083709597,0.99817680820308,-5 to -55 dB,0,11.5833333333333
10,73,full,1,1,1,1,3.15,-46.8721112500335,-29.1488370827975,-46.5273653337026,203.116324588544,6.66202218213184,-1.86473761069137,0.954176804334825,0.985978426743846,-5 to -55 dB,14.7438013620138,8.14583333333333,-48.3740465652828,-32.498714973019,-47.8783396750846,162.055498358514,5.1239757814672,-3.82746802129198,0.977948502407661,0.987002160723634,-5 to -55 dB,13.4615315650569,10.25,-50.9305885871734,-36.1637962604707,-50.1909574218252,117.488970432912,5.66546514019182,-1.84791855365859,0.984093240987151,0.986511994662252,-5 to -55 dB,13.4669401047515,11.7291666666667,-57.4254179606848,-42.8872890149375,-Inf,0,1.65404580509801,-13.5488416659835,1.41098879378166,0.997542805827273,-5 to -55 dB,0,11.7291666666667
10,74,full,1,1,1,1,3.2,-46.8721112500335,-29.1488370827975,-46.5728039505207,207.84603595349,6.66202218213184,-1.86473761069137,0.954176804334825,0.985978426743846,-5 to -55 dB,14.4262847127244,8.14583333333333,-48.4335581749814,-32.5296512144772,-47.982641019953,166.085807172901,5.06272134602904,-3.71426339038399,0.979475582303016,0.987028735458887,-5 to -55 dB,13.0907405357717,10.3541666666667,-50.9494112803259,-36.2351177731287,-50.0804799516552,121.672364836612,5.84669844308245,-1.94439885334843,0.980800599860051,0.986594600339735,-5 to -55 dB,13.2702863499971,11.875,-57.5923948350969,-42.9043163729482,-Inf,0,1.46537049084655,-13.5844777082966,1.36272124921102,0.998795737094778,-5 to -55 dB,0,11.875
10,75,full,1,1,1,1,3.25,-46.8721112500335,-29.1488370827975,-46.5767776601452,211.611559027095,6.66202218213184,-1.86473761069137,0.954176804334825,0.985978426743846,-5 to -55 dB,15.3934984599983,8.14583333333333,-48.4420607938556,-32.5105466174213,-48.0210261789224,169.052699917762,5.11320876211346,-4.0086489016073,0.979418416112229,0.987034579173099,-5 to -55 dB,14.068411742833,10.4375,-51.1778347911604,-36.4170742930287,-50.3296167594248,120.733109323498,5.69615182704646,-1.80460340002026,0.983788042242652,0.986558705101572,-5 to -55 dB,14.1338536341385,12.0208333333333,-57.7371450915938,-43.0283457531843,-Inf,0,1.22747544959051,-13.6669300178792,1.43618019510994,0.997687774230496,-5 to -55 dB,0,12.0208333333333
10,76,full,1,1,1,1,3.3,-46.8721112500335,-29.1488370827975,-46.5615360142273,212.818696731362,6.66202218213184,-1.86473761069137,0.954176804334825,0.985978426743846,-5 to -55 dB,15.7697099507255,8.14583333333333,-48.4090841181322,-32.5047650427285,-47.9672329838289,170.772645276373,5.22350454375894,-3.5961417252929,0.978016497931839,0.987011199152733,-5 to -55 dB,14.495374890981,10.5416666666667,-51.3642397230545,-36.5288769772801,-50.4569051276798,119.657264855635,5.58711553434198,-1.65223291286907,0.985944366119698,0.986502238833069,-5 to -55 dB,14.4395476414893,12.1666666666667,-57.886352260917,-43.1176703851075,-Inf,0,1.11168640353389,-13.7469962020831,1.44075921071172,0.997921399830198,-5 to -55 dB,0,12.1666666666667
10,77,full,1,1,1,1,3.35,-46.8721112500335,-29.1488370827975,-46.5458837294268,214.934353202351,6.66202218213184,-1.86473761069137,0.954176804334825,0.985978426743846,-5 to -55 dB,15.3175317216951,8.14583333333333,-48.5760368226729,-32.6763837032141,-48.0780081574497,169.182436419746,5.02170021990798,-3.80965332358581,0.980884269230572,0.987080248798987,-5 to -55 dB,13.8743922638998,10.6458333333333,-51.3252319717929,-36.5788292671071,-50.4141151758726,121.224733388189,5.82156685252159,-1.93006741860237,0.981259723585213,0.986655200944636,-5 to -55 dB,14.1670523705667,12.3125,-58.0480528018791,-43.1899379179902,-Inf,0,1.34638284359838,-13.6277441696444,1.41864828048927,0.998391845616133,-5 to -55 dB,0,12.3125
10,78,full,1,1,1,1,3.4,-46.8721112500335,-29.1488370827975,-46.5642582719145,216.755357919934,6.66202218213184,-1.86473761069137,0.954176804334825,0.985978426743846,-5 to -55 dB,16.0238356833701,8.14583333333333,-48.6518697951904,-32.7125185919755,-48.2026855649254,170.551087599569,4.9258250006515,-3.85757440396893,0.98129331855151,0.98709053897156,-5 to -55 dB,14.5125182120492,10.75,-51.3977294160319,-36.7342821731125,-50.5459981474631,121.657320436752,5.90921805050022,-1.9475392956402,0.98075457260686,0.986661726603942,-5 to -55 dB,14.9502837735717,12.4583333333333,-58.1876680772331,-43.3241684090829,-Inf,0,1.05415326430717,-13.7740484073716,1.43976840104541,0.998214222748581,-5 to -55 dB,0,12.4583333333333
10,79,full,1,1,1,1,3.45,-46.8721112500335,-29.1488370827975,-46.5719425812335,219.81989093678,6.66202218213184,-1.86473761069137,0.954176804334825,0.985978426743846,-5 to -55 dB,16.7165265857624,8.14583333333333,-48.6131601786685,-32.6584382050302,-48.165009719715,174.974003301685,5.00433783737771,-3.82354779456102,0.980982004565846,0.987076298659815,-5 to -55 dB,15.2637280151619,10.8541666666667,-51.4874363895966,-36.7989028884575,-50.6354514184503,124.667024670513,5.98258453207413,-1.92793713595689,0.980467386400058,0.98667311138973,-5 to -55 dB,15.6767220442754,12.6041666666667,-58.3265918224942,-43.4595006896834,-Inf,0,0.886013759898953,-13.9720232000229,1.46125145914608,0.998810988632181,-5 to -55 dB,0,12.6041666666667
10,80,full,1,1,1,1,3.5,-46.8721112500335,-29.1488370827975,-46.6088069315224,225.662023224159,6.66202218213184,-1.86473761069137,0.954176804334825,0.985978426743846,-5 to -55 dB,16.5079205437734,8.14583333333333,-48.6673887991103,-32.6718223272651,-48.2677506404314,178.783324308384,4.94741726267731,-4.10472553346253,0.981249559087365,0.987085231521255,-5 to -55 dB,15.0056084731951,10.9375,-51.7027290614056,-36.947546974148,-50.9057757736771,126.67960344073,5.8135960306318,-1.67659264878899,0.983040290592211,0.986662510044399,-5 to -55 dB,15.3231768622221,12.75,-58.52741040168,-43.564254306738,-Inf,0,0.495469801775222,-13.9614716186138,1.44104429774812,0.998688810368837,-5 to -55 dB,0,12.75
10,81,full,1,1,1,1,3.55,-46.8721112500335,-29.1488370827975,-46.6086933206286,229.753032530405,6.66202218213184,-1.86473761069137,0.954176804334825,0.985978426743846,-5 to -55 dB,16.5030572742663,8.14583333333333,-48.7044416229654,-32.7245358991138,-48.303483209129,182.041935661366,4.91789666608117,-4.11371088084257,0.981525258791707,0.987089869040237,-5 to -55 dB,14.974048692518,11.0416666666667,-51.8108494948103,-37.1031524838279,-51.0366672492554,127.224811870185,5.79894440300489,-1.54352936915703,0.983243001026576,0.986670608369657,-5 to -55 dB,15.31284457035,12.8958333333333,-58.6674715014828,-43.7444113987305,-Inf,0,0.482213436972361,-14.1062975458601,1.4282519039455,0.999046450436011,-5 to -55 dB,0,12.8958333333333
10,82,full,1,1,1,1,3.6,-46.8721112500335,-29.1488370827975,-46.6210560624834,233.542873317211,6.66202218213184,-1.86473761069137,0.954176804334825,0.985978426743846,-5 to -55 dB,17.040714216843,8.14583333333333,-48.842306865743,-32.8315132412802,-48.4651857564194,183.743603610218,4.74183294892626,-4.17734724009095,0.983940200975916,0.987195033052524,-5 to -55 dB,15.3754675531376,11.1458333333333,-51.9369113467809,-37.1900546130526,-51.2339565244023,130.72104908611,5.73465414782264,-1.67650760173701,0.985244296969442,0.986615436073395,-5 to -55 dB,15.822441043484,13.0416666666667,-58.9607421687767,-43.9320540956233,-Inf,0,0.187418382656807,-14.1012890194798,1.44355653473993,0.999110274791368,-5 to -55 dB,0,13.0416666666667
10,83,full,1,1,1,1,3.65,-46.8721112500335,-29.1488370827975,-46.6376399855484,238.969771207279,6.66202218213184,-1.86473761069137,0.954176804334825,0.985978426743846,-5 to -55 dB,16.9938549745202,8.14583333333333,-48.7753563966091,-32.8087675157296,-48.4149984518704,187.958375285563,4.86684827701038,-4.23734591125445,0.982185501972321,0.987136813919808,-5 to -55 dB,15.4180015446431,11.25,-52.0110864199211,-37.2888748473689,-51.2519991703208,133.407478143861,5.75774132066426,-1.57152528995952,0.984808523687657,0.986634490647058,-5 to -55 dB,15.8105768360027,13.1875,-59.1362574262751,-44.0481833768437,-Inf,0,0.336549839323734,-14.1017171581604,1.44494723677324,0.998781710578154,-5 to -55 dB,0,13.1875
10,84,full,1,1,1,1,3.7,-46.8721112500335,-29.1488370827975,-46.6521172222305,244.36532200527,6.66202218213184,-1.86473761069137,0.954176804334825,0.985978426743846,-5 to -55 dB,17.6457155127596,8.14583333333333,-48.7962499261356,-32.8347271882031,-48.4580239437434,193.172361468278,4.85853856711444,-4.07019497081387,0.982409165293157,0.987149727504222,-5 to -55 dB,16.0617262090552,11.375,-52.0662196902177,-37.3911207742706,-51.358526121693,136.681432692138,5.8231298222237,-1.81049609617616,0.983082187039235,0.986707733472066,-5 to -55 dB,16.5090984564252,13.3333333333333,-59.4286658967646,-44.175569356094,-Inf,0,-0.45621418556999,-14.0366138827923,1.46575350984694,0.99871589619043,-5 to -55 dB,0,13.3333333333333
10,85,full,1,1,1,1,3.75,-46.8721112500335,-29.1488370827975,-46.6641464606796,246.407690623579,6.66202218213184,-1.86473761069137,0.954176804334825,0.985978426743846,-5 to -55 dB,17.5184365801504,8.14583333333333,-48.8802156742378,-32.9209482464527,-48.5508061077344,192.869853760835,4.74926255313856,-4.26913421726988,0.984308166083481,0.987196795091284,-5 to -55 dB,15.8552984771655,11.4791666666667,-52.1740355378637,-37.5206711206145,-51.4011616200741,138.06962237216,5.78013276330819,-1.47564312310244,0.984749539765484,0.986664465310494,-5 to -55 dB,16.3409570758842,13.4791666666667,-59.5202669956077,-44.1867408319407,-Inf,0,-0.595032495012543,-14.1516755231926,1.43961622696077,0.999472227125558,-5 to -55 dB,0,13.4791666666667
10,86,full,1,1,1,1,3.8,-46.8721112500335,-29.1488370827975,-46.6306993489722,249.652043313981,6.66202218213184,-1.86473761069137,0.954176804334825,0.985978426743846,-5 to -55 dB,17.5890605227033,8.14583333333333,-48.8806966105637,-32.8763200960466,-48.5129636696111,196.40243650869,4.76890674539136,-4.42674809027041,0.983946584985877,0.987194341224183,-5 to -55 dB,15.9411739801182,11.5833333333333,-52.3286057113641,-37.5954317502469,-51.5089836674371,138.934747685219,5.64211782908271,-1.66834720070142,0.986660311939087,0.986623985032624,-5 to -55 dB,16.2964162445451,13.625,-59.611913589773,-44.3017259074132,-Inf,0,-0.59959235263886,-14.307115435172,1.4507059492111,0.99887781501493,-5 to -55 dB,0,13.625
10,87,full,1,1,1,1,3.85,-46.8721112500335,-29.1488370827975,-46.683165297095,253.739701567435,6.66202218213184,-1.86473761069137,0.954176804334825,0.985978426743846,-5 to -55 dB,17.703962026053,8.14583333333333,-48.9455805777275,-32.9503791569957,-48.6504960743889,198.801225804828,4.69273148005915,-4.63905208273821,0.985721839483334,0.987218208227157,-5 to -55 dB,16.0009494754629,11.6875,-52.3738065102946,-37.7180048486513,-51.6437505951111,140.48724023782,5.6815571919502,-1.72863894149282,0.986391800675987,0.986637795567477,-5 to -55 dB,16.4334241231868,13.7708333333333,-59.6568750213167,-44.3979051409193,-Inf,0,-0.714089348384297,-14.4397318915038,1.46436101211508,0.999268621130083,-5 to -55 dB,0,13.7708333333333
10,88,full,1,1,1,1,3.9,-46.8721112500335,-29.1488370827975,-46.6698988706778,259.906789177698,6.66202218213184,-1.86473761069137,0.954176804334825,0.985978426743846,-5 to -55 dB,18.3004437123718,8.14583333333333,-48.956658182454,-33.0059762917798,-48.6422494914092,202.9100182726,4.70155011694734,-4.52934974025703,0.985930657110434,0.987213760523326,-5 to -55 dB,16.5962834510425,11.7916666666667,-52.3800177746996,-37.7431108239983,-51.6226522560427,146.524366361655,5.82601499952366,-1.83550007149154,0.984993000817423,0.986688540563734,-5 to -55 dB,17.1646223937922,13.9166666666667,-59.8960082468696,-44.5342428833797,-Inf,0,-1.07299028282542,-14.4509813767043,1.4759511018309,0.999253366215818,-5 to -55 dB,0,13.9166666666667
10,89,full,1,1,1,1,3.95,-46.8721112500335,-29.1488370827975,-46.678145246199,259.187924971632,6.66202218213184,-1.86473761069137,0.954176804334825,0.985978426743846,-5 to -55 dB,18.1618235141945,8.14583333333333,-49.0469431177296,-33.0227774598253,-48.7553257715319,200.693475487617,4.61621494346234,-4.61918084624182,0.989462512693843,0.987164107805056,-5 to -55 dB,16.3743331951238,11.9166666666667,-52.5825165691217,-37.9178462822811,-51.8873509143858,141.896270556014,5.65263083708962,-1.57628413972051,0.987111892549764,0.986653268215593,-5 to -55 dB,16.8796126973489,14.0625,-60.0685906347361,-44.5536379229876,-Inf,0,-1.34794798224012,-14.5420080810094,1.4740697277705,0.999224955240912,-5 to -55 dB,0,14.0625
10,90,full,1,1,1,1,4,-46.8721112500335,-29.1488370827975,-46.7074127555804,261.105593939334,6.66202218213184,-1.86473761069137,0.954176804334825,0.985978426743846,-5 to -55 dB,18.1990185869482,8.14583333333333,-49.0797404205129,-33.0727316422659,-48.8122872148621,200.192011651653,4.58177705103626,-4.82286801244349,0.989797559126512,0.987164355403655,-5 to -55 dB,16.3906956866533,12.0208333333333,-52.7043821184213,-37.9583764884352,-51.9892885848521,142.819963385899,5.59127064026701,-1.70308649846603,0.988010954837729,0.986689867858341,-5 to -55 dB,16.8629534605433,14.2083333333333,-60.1437987685612,-44.6540624166934,-Inf,0,-1.22998686070106,-14.7058317594532,1.46533227365036,0.999445485869255,-5 to -55 dB,0,14.2083333333333
10,91,full,1,1,1,1,4.05,-46.8721112500335,-29.1488370827975,-46.6806100057985,264.223474521105,6.66202218213184,-1.86473761069137,0.954176804334825,0.985978426743846,-5 to -55 dB,18.3964273622436,8.14583333333333,-48.9868596731073,-33.0349227612589,-48.6701720271057,203.192309927913,4.75305311498588,-4.94467133411209,0.986007545054523,0.987213965352931,-5 to -55 dB,16.7028443726259,12.125,-52.8042701052678,-38.0685179729456,-52.0427229261834,144.929893765424,5.58969162075494,-1.59946528505734,0.989259919838017,0.986665204907863,-5 to -55 dB,17.0397237297046,14.3541666666667,-60.2943814999468,-44.7043503781797,-Inf,0,-1.66583706411402,-14.765505354122,1.47137666134703,0.998990734632244,-5 to -55 dB,0,14.3541666666667
10,92,full,1,1,1,1,4.1,-46.8721112500335,-29.1488370827975,-46.7004196704147,265.117700121523,6.66202218213184,-1.86473761069137,0.954176804334825,0.985978426743846,-5 to -55 dB,19.0369052171406,8.14583333333333,-49.0719536957603,-33.1098749443873,-48.79863755722,204.682737305644,4.65272112168667,-5.03833687893083,0.98941609048057,0.987165838944479,-5 to -55 dB,17.2677011571083,12.25,-52.8176600206049,-38.1234011553804,-52.1373671892283,145.092867132191,5.71520495854142,-1.73099164382446,0.987091603523504,0.986679797053929,-5 to -55 dB,17.7862598134102,14.5,-60.4227983750245,-44.8945139944688,-Inf,0,-1.81281790467711,-14.919868233761,1.50966375026511,0.998560507968363,-5 to -55 dB,0,14.5
10,93,full,1,1,1,1,4.15,-46.8721112500335,-29.1488370827975,-46.7123066505429,265.659940253323,6.66202218213184,-1.86473761069137,0.954176804334825,0.985978426743846,-5 to -55 dB,18.847797791968,8.14583333333333,-49.147024260462,-33.1477987192965,-48.8782239032774,205.749903223112,4.55255627013151,-4.98242272476366,0.990130376855236,0.987184238044413,-5 to -55 dB,17.0103704604228,12.3541666666667,-52.8685202853701,-38.2205183666724,-52.1810124174743,145.381360437594,5.79490955419454,-1.72504844044446,0.986604403744939,0.986695763590198,-5 to -55 dB,17.6698566034823,14.6458333333333,-60.3995655661909,-44.8923775338951,-Inf,0,-1.93431247323649,-15.1178132281899,1.51042837622336,0.998951110952785,-5 to -55 dB,0,14.6458333333333
10,94,full,1,1,1,1,4.2,-46.8721112500335,-29.1488370827975,-46.7109364873118,271.250470848494,6.66202218213184,-1.86473761069137,0.954176804334825,0.985978426743846,-5 to -55 dB,19.0352205390102,8.14583333333333,-49.1223024930142,-33.1473838768338,-48.8472685326258,210.352391703797,4.61771893236379,-5.11767907149684,0.989884956866276,0.98717541417103,-5 to -55 dB,17.2414595474069,12.4791666666667,-52.9537945423252,-38.2810532576575,-52.3907122085957,148.947874024235,5.84119242908245,-1.7469595967034,0.98635113528639,0.986695797676817,-5 to -55 dB,17.8550760050261,14.7916666666667,-60.4821036056103,-44.9795977514292,-Inf,0,-1.90036070695391,-15.1622253618126,1.50799690944652,0.99894517981104,-5 to -55 dB,0,14.7916666666667
10,95,full,1,1,1,1,4.25,-46.8721112500335,-29.1488370827975,-46.7198554852458,270.168571377381,6.66202218213184,-1.86473761069137,0.954176804334825,0.985978426743846,-5 to -55 dB,18.6124244852934,8.14583333333333,-49.0990737993544,-33.1250643508609,-48.8283602808756,210.747436756138,4.69446620338242,-5.23663570873757,0.989488536127662,0.987165719597037,-5 to -55 dB,16.8525050212366,12.5833333333333,-53.1304535614783,-38.4765624788264,-52.4999848842186,147.177612274689,5.75487260431924,-1.66521311979923,0.98777841870309,0.986715675101939,-5 to -55 dB,17.3654946575812,14.9375,-60.5411603757837,-44.9843293602578,-Inf,0,-1.69055247316315,-15.3478726278558,1.47173858705575,0.999547415804702,-5 to -55 dB,0,14.9375
10,96,full,1,1,1,1,4.3,-46.8721112500335,-29.1488370827975,-46.7369906639799,271.884253060757,6.66202218213184,-1.86473761069137,0.954176804334825,0.985978426743846,-5 to -55 dB,18.8045043914138,8.14583333333333,-49.1433507339327,-33.1776620791742,-48.9137256709977,211.363085305464,4.65066838156905,-5.20653267794393,0.989950125057298,0.987176343846876,-5 to -55 dB,17.0092428897158,12.7083333333333,-53.1335344228562,-38.4659969578737,-52.6465287729506,146.247982548175,5.93904179028555,-1.78760105107892,0.985827555101885,0.986719689543586,-5 to -55 dB,17.6741264703239,15.0833333333333,-60.6225392596903,-44.9002677198564,-Inf,0,-1.64878585886057,-15.421401235978,1.4782693680674,0.998565573811993,-5 to -55 dB,0,15.0833333333333
10,97,full,1,1,1,1,4.35,-46.8721112500335,-29.1488370827975,-46.7585108477932,274.026475989729,6.66202218213184,-1.86473761069137,0.954176804334825,0.985978426743846,-5 to -55 dB,19.3728209878836,8.14583333333333,-49.19124430062,-33.1715014850341,-48.9803067102772,212.667375239112,4.63527847007229,-5.27858111278294,0.990312456709839,0.987196050440825,-5 to -55 dB,17.5400591984708,12.8125,-53.2970924017895,-38.6571139924019,-52.8092541323595,148.092482082745,5.82911094171564,-1.64434846996953,0.987176483865825,0.986719955416543,-5 to -55 dB,18.1589059285586,15.2291666666667,-60.8786575510721,-45.1425040347876,-Inf,0,-1.77395416939298,-15.2776117380943,1.50949896963304,0.998916416150633,-5 to -55 dB,0,15.2291666666667
10,98,full,1,1,1,1,4.4,-46.8721112500335,-29.1488370827975,-46.7062389576613,272.338411833217,6.66202218213184,-1.86473761069137,0.954176804334825,0.985978426743846,-5 to -55 dB,19.6537493934891,8.14583333333333,-49.1946420718179,-33.232958048999,-48.9026402896701,210.08718421316,4.65622178762741,-5.29027460455962,0.99027579141917,0.98719422160738,-5 to -55 dB,17.8321724937861,12.9375,-53.4109706816013,-38.6974867022672,-52.8680846477878,143.622152278437,5.79792658007173,-1.62042871720141,0.988018072716372,0.986745882120528,-5 to -55 dB,18.4149462797624,15.375,-60.9686654638056,-45.149001024175,-Inf,0,-1.87646655393042,-15.3231649191822,1.50916077560463,0.997681768515787,-5 to -55 dB,0,15.375
10,99,full,1,1,1,1,4.45,-46.8721112500335,-29.1488370827975,-46.6918312932578,275.44795734934,6.66202218213184,-1.86473761069137,0.954176804334825,0.985978426743846,-5 to -55 dB,19.6011245405637,8.14583333333333,-49.2059912198593,-33.2386043087101,-48.9029824168399,211.791635855269,4.65011687585329,-5.36742455075732,0.990325963919347,0.987193857287349,-5 to -55 dB,17.7750708518553,13.0416666666667,-53.4295852116417,-38.7866811135189,-52.8793378410737,146.014683842006,5.93878169156288,-1.67521793017938,0.986644681409891,0.986737956144352,-5 to -55 dB,18.4423852880738,15.5208333333333,-61.0025263658756,-45.1821978114307,-Inf,0,-2.09466128685483,-15.3988192879872,1.49020968072866,0.998946871088236,-5 to -55 dB,0,15.5208333333333
10,100,full,1,1,1,1,4.5,-46.8721112500335,-29.1488370827975,-46.657573958328,277.343958368706,6.66202218213184,-1.86473761069137,0.954176804334825,0.985978426743846,-5 to -55 dB,19.1985760428675,8.14583333333333,-49.2864218638087,-33.3017757554756,-48.9315000827056,212.618606405998,4.56230586583846,-5.36676041109105,0.991129803959091,0.987243782376237,-5 to -55 dB,17.2990106925486,13.1666666666667,-53.5531765962659,-38.8986062870733,-52.9288901791143,145.204725374516,5.91902308353267,-1.61898551436639,0.987423446313014,0.986743392145052,-5 to -55 dB,18.0216250083356,15.6666666666667,-61.0183243109357,-45.2709880825495,-Inf,0,-1.81638056634702,-15.4816535288506,1.46402671914901,0.999439138211046,-5 to -55 dB,0,15.6666666666667
20,1,full,1,1,1,1,-0.95,-46.0431525225309,-28.8048735510328,-43.2176486505702,30.1898288572377,7.29460133803481,-1.81121369955504,0.963029430713793,0.983251233875828,-5 to -55 dB,1.44557999268255,7.83333333333333,-46.9097206475251,-29.4016995851593,-43.5035372980507,28.0897491404047,6.36293625356909,-1.74759551012257,0.979486132498492,0.984425110142395,-5 to -55 dB,2.11485762862906,8.64583333333333,-46.8653706943904,-29.2587122438706,-43.51664425388,29.7156264295448,6.40228819209737,-1.6217327987205,0.978879346707272,0.984350081581217,-5 to -55 dB,2.07063706789017,8.64583333333333,-46.2240927885674,-29.3581884478413,-Inf,0,7.50738373283123,0.367883094910309,0.92841481643138,0.978361273675621,-5 to -55 dB,0,8.64583333333333
20,2,full,1,1,1,1,-0.9,-46.0431525225309,-28.8048735510328,-43.1778790105599,29.6115662165456,7.29460133803481,-1.81121369955504,0.963029430713793,0.983251233875828,-5 to -55 dB,0.849995538580881,7.83333333333333,-46.784183456127,-29.2762381717724,-44.0744759550732,30.3449795344167,6.52568180132139,-1.77159685232365,0.976597692175077,0.984235675610521,-5 to -55 dB,1.45288045436083,8.58333333333333,-46.667454848922,-29.091512842712,-44.0251725102532,33.3977074498221,6.66597077582174,-1.50485288952151,0.974726067147834,0.984080957531856,-5 to -55 dB,1.32932293914299,8.58333333333333,-46.2710811571203,-29.3956575092356,-Inf,0,7.53127222975191,0.108461412387513,0.946439491090746,0.983837818968868,-5 to -55 dB,0,8.58333333333333
20,3,full,1,1,1,1,-0.85,-46.0431525225309,-28.8048735510328,-43.2760240666655,27.2435019583566,7.29460133803481,-1.81121369955504,0.963029430713793,0.983251233875828,-5 to -55 dB,1.39895495298076,7.83333333333333,-46.6285326032428,-29.1050083125597,-44.3202527156204,30.068990461341,6.70824055004876,-1.95204271598851,0.973712895378554,0.984056247395649,-5 to -55 dB,1.84776599222487,8.52083333333333,-46.4887719373077,-28.9085595214117,-44.2562509677773,33.8784801765595,6.87885556125223,-1.60877714996389,0.969503765353112,0.983742537184446,-5 to -55 dB,1.7071444659939,8.52083333333333,-46.3633898560668,-29.3120204859389,-Inf,0,7.49742296735654,-0.43000341665159,0.922649664254588,0.982665627086205,-5 to -55 dB,0,8.52083333333333
20,4,full,1,1,1,1,-0.8,-46.0431525225309,-28.8048735510328,-43.2565571884635,28.6029578370437,7.29460133803481,-1.81121369955504,0.963029430713793,0.983251233875828,-5 to -55 dB,0.775427059330608,7.83333333333333,-46.6306706218446,-29.0946483107101,-43.9659585763565,29.2637285234621,6.67190073453796,-1.95576161693008,0.974180939946817,0.984082089859219,-5 to -55 dB,1.15488061033372,8.45833333333333,-46.5148559426225,-28.9076091267285,-43.9074428571346,33.849956029296,6.81012184590564,-1.62525788200025,0.969933448601089,0.983778839456106,-5 to -55 dB,1.04830194527,8.45833333333333,-46.2223901551396,-29.2064648108613,-Inf,0,7.46428101336516,-0.072386820901153,0.95668906546871,0.98540329961535,-5 to -55 dB,0,8.45833333333333
20,5,full,1,1,1,1,-0.75,-46.0431525225309,-28.8048735510328,-43.2776036992384,29.0682920892945,7.29460133803481,-1.81121369955504,0.963029430713793,0.983251233875828,-5 to -55 dB,1.41769089957831,7.83333333333333,-46.6556048064195,-29.1786706246901,-44.1266646314561,27.9429774926756,6.60853393636709,-1.89144461513748,0.975388067457186,0.984143421682462,-5 to -55 dB,1.93148802682116,8.39583333333333,-46.5027268852783,-28.9578177516472,-44.0321616912623,31.311864700468,6.80593672199191,-1.76437392903064,0.96978856886192,0.983765657655154,-5 to -55 dB,1.77181580426013,8.39583333333333,-46.3231588421517,-29.3447942584804,-Inf,0,7.32053682250371,-0.296551136924811,0.909333002487771,0.986386751112552,-5 to -55 dB,0,8.39583333333333
20,6,full,1,1,1,1,-0.7,-46.0431525225309,-28.8048735510328,-43.2664772753959,25.0350811261102,7.29460133803481,-1.81121369955504,0.963029430713793,0.983251233875828,-5 to -55 dB,1.86557982279984,7.83333333333333,-46.6113554288063,-29.1544808592604,-44.2672530190581,22.8594728241584,6.65945429090378,-1.87850532405317,0.973893422058788,0.984054225481295,-5 to -55 dB,2.32660961995656,8.35416666666667,-46.4480692925072,-28.9133030693066,-44.1751233649566,24.7720385396331,6.87096766305921,-1.84768576970444,0.969306046319128,0.983725509593667,-5 to -55 dB,2.16283212375998,8.35416666666667,-46.3942225149221,-29.1947183719681,-Inf,0,7.09484231567776,-0.612564455319111,0.891746149342017,0.983259253143438,-5 to -55 dB,0,8.35416666666667
20,7,full,1,1,1,1,-0.65,-46.0431525225309,-28.8048735510328,-43.4384033327422,27.1961498839983,7.29460133803481,-1.81121369955504,0.963029430713793,0.983251233875828,-5 to -55 dB,1.3866760837843,7.83333333333333,-46.5615327033904,-29.1323751047018,-44.1428771843648,24.6164897119785,6.70711927065295,-1.87331444842499,0.971965121851039,0.983945325222463,-5 to -55 dB,1.74575699785197,8.29166666666667,-46.3746475076452,-28.8821544968142,-44.1251529518388,25.2866533056554,6.95089709827111,-1.99690772015511,0.968156686823691,0.983620537190084,-5 to -55 dB,1.58138494161096,8.29166666666667,-46.5739251906582,-29.2746222063988,-Inf,0,6.99627220546337,-0.925976369294485,0.90916972260853,0.987614145022487,-5 to -55 dB,0,8.29166666666667
20,8,full,1,1,1,1,-0.6,-46.0431525225309,-28.8048735510328,-43.4338712603606,26.2151731620439,7.29460133803481,-1.81121369955504,0.963029430713793,0.983251233875828,-5 to -55 dB,1.23892038801547,7.83333333333333,-46.4938756955037,-29.1052151382331,-44.1787923740306,23.6070003596416,6.77823679360931,-1.91291737534184,0.970333740821303,0.983821066926488,-5 to -55 dB,1.46463193429039,8.25,-46.3067455978394,-28.8204596394778,-44.0654872982581,25.4343392765733,7.03174729062178,-2.17625253937631,0.967286792129046,0.983546787884404,-5 to -55 dB,1.3403436719204,8.25,-46.7932066041362,-29.2121360739947,-Inf,0,6.54756552097578,-1.05167843357296,0.902737973603224,0.989379537325857,-5 to -55 dB,0,8.25
20,9,full,1,1,1,1,-0.55,-46.0431525225309,-28.8048735510328,-43.5156090818698,28.5896159998772,7.29460133803481,-1.81121369955504,0.963029430713793,0.983251233875828,-5 to -55 dB,1.52761004317681,7.83333333333333,-46.4559758245792,-29.0530562494887,-44.4894371722534,27.0287837400504,6.82048768064554,-1.89846924050582,0.969505432093567,0.983747607233259,-5 to -55 dB,1.74225604037722,8.1875,-46.2372295917681,-28.6722834673853,-44.3800755522019,28.5309103447798,7.1170475718932,-2.22107852088617,0.966874882499013,0.983513528247446,-5 to -55 dB,1.59920111892969,8.1875,-46.8181060391979,-29.1884041787944,-Inf,0,6.70445251476121,-1.27764004142061,0.91274393070177,0.985239880335611,-5 to -55 dB,0,8.1875
20,10,full,1,1,1,1,-0.5,-46.0431525225309,-28.8048735510328,-43.3934403953609,27.7259249448508,7.29460133803481,-1.81121369955504,0.963029430713793,0.983251233875828,-5 to -55 dB,0.960183376241616,7.83333333333333,-46.481063224009,-29.1047069288487,-44.607428496026,27.0516621113675,6.77465960115445,-1.82904628618173,0.970291502183659,0.983816896413904,-5 to -55 dB,0.925633523741213,8.14583333333333,-46.337319581916,-28.8963312342534,-44.5098987889942,26.7340534798771,6.9690616071759,-2.0363343462949,0.967998383100585,0.983608014330252,-5 to -55 dB,0.915031974291818,8.14583333333333,-46.8721112500335,-29.1488370827975,-Inf,0,6.66202218213184,-1.86473761069137,0.954176804334825,0.985978426743846,-5 to -55 dB,0,8.14583333333333
20,11,full,1,1,1,1,-0.45,-46.0431525225309,-28.8048735510328,-43.4228395958557,27.6505250500742,7.29460133803481,-1.81121369955504,0.963029430713793,0.983251233875828,-5 to -55 dB,0.821648856414081,7.83333333333333,-46.4586320605398,-29.1469210046702,-44.5161837231599,28.0100209269762,6.78952615911472,-1.81237277600578,0.969699732945004,0.983763982522121,-5 to -55 dB,0.819630251875153,8.10416666666667,-46.3255112624419,-28.9456474651112,-44.3949199688488,25.7752799416299,6.96928203745501,-1.99630256085655,0.967867937718139,0.98359629510005,-5 to -55 dB,0.795616799358773,8.10416666666667,-46.8720960514217,-29.0861995153498,-Inf,0,6.59800391272649,-1.67360797863122,0.966326343717234,0.98553716722873,-5 to -55 dB,0,8.10416666666667
20,12,full,1,1,1,1,-0.4,-46.0431525225309,-28.8048735510328,-43.3871506596252,26.4427065411694,7.29460133803481,-1.81121369955504,0.963029430713793,0.983251233875828,-5 to -55 dB,0.892090255153638,7.83333333333333,-46.4238143478554,-29.0829688338082,-44.5918984810812,29.3944398839311,6.82801588714127,-1.81290211580327,0.969430443606699,0.983741887749998,-5 to -55 dB,0.930173505195411,8.0625,-46.3856118669635,-29.0072364624732,-44.5478054789148,26.85361251277,6.87563922439977,-1.86026270872115,0.968740174932593,0.983672583040096,-5 to -55 dB,0.917800612169166,8.0625,-46.9027689043639,-29.1361672178058,-Inf,0,6.86472368985495,-2.17226884632309,0.962432838562978,0.980609608266255,-5 to -55 dB,0,8.0625
20,13,full,1,1,1,1,-0.35,-46.0431525225309,-28.8048735510328,-43.7087403549977,28.1370390570392,7.29460133803481,-1.81121369955504,0.963029430713793,0.983251233875828,-5 to -55 dB,1.12459718271918,7.83333333333333,-46.3408219129489,-29.0671812000519,-44.7996972531065,30.6188189660222,6.92779190011266,-1.85377688063161,0.967865177804217,0.983596816161774,-5 to -55 dB,1.25063914637351,8.02083333333333,-46.2864935853442,-28.8614903180981,-44.7484153096896,29.1456221686521,7.00326364128397,-1.93756061194801,0.967548895019372,0.983570748470377,-5 to -55 dB,1.2195714608538,8.02083333333333,-46.8374941351623,-29.0246742858823,-Inf,0,6.33720606359897,-1.93091626864638,0.908992466557001,0.98834978025762,-5 to -55 dB,0,8.02083333333333
20,14,full,1,1,1,1,-0.3,-46.0431525225309,-28.8048735510328,-43.7533438991099,27.9411523784627,7.29460133803481,-1.81121369955504,0.963029430713793,0.983251233875828,-5 to -55 dB,0.690568519117514,7.83333333333333,-46.3269056248549,-28.9978751215218,-45.2855330416723,31.8542708978405,6.93944873089217,-1.82212782168212,0.967857522343435,0.983594138851178,-5 to -55 dB,0.850647677411327,8,-46.2458645534024,-28.7704232864139,-45.2228752202953,30.2283954291399,7.0519545892811,-1.95008482126352,0.967175463935416,0.983538505905625,-5 to -55 dB,0.791433197522733,8,-46.8430550685355,-28.9934986501303,-Inf,0,6.34008615380387,-2.38802286982208,0.926659662480295,0.98472608756487,-5 to -55 dB,0,8
20,15,full,1,1,1,1,-0.25,-46.0431525225309,-28.8048735510328,-43.4855150883662,27.2143796812306,7.29460133803481,-1.81121369955504,0.963029430713793,0.983251233875828,-5 to -55 dB,0.773178862997454,7.83333333333333,-46.2885466186326,-28.9880947716776,-45.4810280820194,31.5745648907354,6.98469317480299,-1.81287640649665,0.967297323747523,0.98355002894311,-5 to -55 dB,0.752468651216404,7.95833333333333,-46.2006737738128,-28.8782942143909,-45.4176842979062,30.3918745337339,7.1064297971173,-1.95794321521609,0.966820738863647,0.983511340944142,-5 to -55 dB,0.750764019512438,7.95833333333333,-46.6288297897921,-28.7752891371434,-Inf,0,6.42752217223355,-2.20744656442677,0.955922260978906,0.983045306076388,-5 to -55 dB,0,7.95833333333333
20,16,full,1,1,1,1,-0.2,-46.0431525225309,-28.8048735510328,-43.9509808071263,23.3081986099532,7.29460133803481,-1.81121369955504,0.963029430713793,0.983251233875828,-5 to -55 dB,1.092604794385,7.83333333333333,-46.205750431541,-28.9143397942741,-45.9382336063498,26.2215295429785,7.09313625034324,-1.90360984496908,0.966879443745545,0.983514731663863,-5 to -55 dB,1.00423596528863,7.9375,-46.0866904897973,-28.7895817623379,-45.8031000065555,25.334137700501,7.25690446949194,-2.09730609963467,0.963812254672975,0.983307538840885,-5 to -55 dB,1.07686259823586,7.9375,-46.5813575189225,-28.9178819870904,-Inf,0,6.58582868444044,-2.05597357946754,0.99584322594918,0.979854497901262,-5 to -55 dB,0,7.9375
20,17,full,1,1,1,1,-0.15,-46.0431525225309,-28.8048735510328,-43.8951184876594,21.036093373664,7.29460133803481,-1.81121369955504,0.963029430713793,0.983251233875828,-5 to -55 dB,1.07808246489082,7.83333333333333,-46.2247267891085,-28.8308717226439,-45.9537282171383,22.6922595703022,7.06090748038704,-1.80314955330248,0.966928850069165,0.983520554517027,-5 to -55 dB,1.06213208706985,7.89583333333333,-46.0237164967246,-28.5420564852754,-45.8458796352353,26.246802062507,7.33725300898748,-2.13194681629803,0.962448772429166,0.983208255457909,-5 to -55 dB,1.08514039361085,7.89583333333333,-46.4325133592359,-29.0105043586862,-Inf,0,6.48157654638603,-2.09662012904444,0.94899071036939,0.983658457513422,-5 to -55 dB,0,7.89583333333333
20,18,full,1,1,1,1,-0.1,-46.0431525225309,-28.8048735510328,-43.631476020576,17.0842611675174,7.29460133803481,-1.81121369955504,0.963029430713793,0.983251233875828,-5 to -55 dB,1.15422170815778,7.83333333333333,-46.0700291627066,-28.7313174375624,-46.2941128886256,20.7309032159629,7.26743435368126,-1.99332555099938,0.963022416118535,0.983252919185479,-5 to -55 dB,1.151868598241,7.875,-45.7515255830288,-28.2389405084113,-46.1222148260512,22.657384315855,7.69811686785954,-2.50168607081698,0.958646349753428,0.982937189676533,-5 to -55 dB,1.24518355605925,7.875,-46.3718317377734,-28.9260026399122,-Inf,0,6.98235577523473,-2.13906267123435,0.949262808131282,0.986469621849793,-5 to -55 dB,0,7.875
20,19,full,1,1,1,1,-0.05,-46.0431525225309,-28.8048735510328,-46.0793374337255,15.7275454720489,7.29460133803481,-1.81121369955504,0.963029430713793,0.983251233875828,-5 to -55 dB,0.588004221886189,7.83333333333333,-46.0235750800326,-28.7019154921074,-47.6819297765811,17.4891758873914,7.32599210047211,-2.02806556513683,0.962385114878306,0.983212410926138,-5 to -55 dB,0.591672913301739,7.85416666666667,-45.7225001213021,-28.2950562620374,-47.5603454573132,22.2241596901777,7.73227819332705,-2.50776439206315,0.958093007422789,0.982885966497449,-5 to -55 dB,0.73093687391216,7.85416666666667,-46.1252341136902,-28.834987672347,-Inf,0,7.17340949226551,-1.58464028548787,0.96862951403855,0.984632789427612,-5 to -55 dB,0,7.85416666666667
20,20,full,1,1,1,1,0,-46.0431525225309,-28.8048735510328,-Inf,-0.115347283891013,7.29460133803481,-1.81121369955504,0.963029430713793,0.983251233875828,-5 to -55 dB,0,7.83333333333333,-45.8921713758022,-28.6593171846406,-66.7374016295115,7.42451664555848,7.50009837926118,-2.13958770419618,0.960781723645177,0.983098227758651,-5 to -55 dB,0.173841699530159,7.83333333333333,-45.3407793751513,-27.9024491313428,-59.6582170697633,22.2156188514975,8.23035124677837,-2.99637646697958,0.949971589727494,0.982034002005656,-5 to -55 dB,0.801409793778723,7.83333333333333,-46.0431525225309,-28.8048735510328,-Inf,0,7.29460133803481,-1.81121369955504,0.963029430713793,0.983251233875828,-5 to -55 dB,0,7.83333333333333
20,21,full,1,1,1,1,0.05,-46.0431525225309,-28.8048735510328,-46.8071439359349,16.0263034300097,7.29460133803481,-1.81121369955504,0.963029430713793,0.983251233875828,-5 to -55 dB,1.11493791982515,7.83333333333333,-46.0260077718513,-28.7213779191911,-47.0462105248546,17.8548662235361,7.32417300280561,-1.89198084784871,0.962477200208412,0.983231953081402,-5 to -55 dB,1.10729087146679,7.8125,-45.6878201049934,-28.2994148154015,-46.9352472998278,21.8891083805722,7.77103322716095,-2.43570880416183,0.957508521590792,0.982833558713914,-5 to -55 dB,0.981683368860437,7.8125,-46.0651387819634,-28.9218007032927,-Inf,0,7.32867850752205,-1.90031816248827,0.946932830221917,0.980470509261186,-5 to -55 dB,0,7.8125
20,22,full,1,1,1,1,0.1,-46.0431525225309,-28.8048735510328,-43.4690584887211,18.0525290458186,7.29460133803481,-1.81121369955504,0.963029430713793,0.983251233875828,-5 to -55 dB,1.10150314947992,7.83333333333333,-46.0230154168691,-28.7324180479339,-46.3519357583887,19.344533643438,7.32333342154926,-1.86748814714575,0.962536519294972,0.983233208893276,-5 to -55 dB,1.10004928365977,7.79166666666667,-45.7089435937691,-28.2588295986803,-46.17037088097,26.7750075843354,7.73825295074044,-2.36474861909157,0.958044686848098,0.982881414179885,-5 to -55 dB,1.12893368125998,7.79166666666667,-46.0229569769829,-28.8254484347687,-Inf,0,7.16717174364251,-1.62364703933585,0.939681203321603,0.984563244727386,-5 to -55 dB,0,7.79166666666667
20,23,full,1,1,1,1,0.15,-46.0431525225309,-28.8048735510328,-43.5345371159996,16.3717954916881,7.29460133803481,-1.81121369955504,0.963029430713793,0.983251233875828,-5 to -55 dB,1.68658068099095,7.83333333333333,-46.1137188760375,-28.8424389250226,-46.5112349333727,18.1469788159755,7.19609059022955,-1.70342282353843,0.964532000030483,0.983368669711725,-5 to -55 dB,1.64507253196845,7.79166666666667,-45.8647826347412,-28.500855667903,-46.4122361185484,20.3968551832007,7.52652691803616,-2.09818852106275,0.960685065907517,0.983091573816886,-5 to -55 dB,1.78801419556207,7.79166666666667,-46.0200913433622,-28.8365745768,-Inf,0,7.07975562964245,-1.48350492204433,1.02771742609428,0.975403747343197,-5 to -55 dB,0,7.79166666666667
20,24,full,1,1,1,1,0.2,-46.0431525225309,-28.8048735510328,-43.7045298805289,18.3792287726069,7.29460133803481,-1.81121369955504,0.963029430713793,0.983251233875828,-5 to -55 dB,0.759262926837244,7.83333333333333,-46.1122876994137,-28.8660098914725,-45.6786774878807,21.6389558761575,7.19386623499722,-1.69019224708744,0.9645292630133,0.98336764611841,-5 to -55 dB,0.720320266715346,7.77083333333333,-45.9228927235212,-28.5935749357746,-45.5095929766119,21.8912892306426,7.44369165106072,-1.98802139906497,0.961249124531215,0.983131483883564,-5 to -55 dB,0.82511849933373,7.77083333333333,-46.2629403579689,-28.8476650831288,-Inf,0,6.98913801494814,-1.46518117208895,0.963836064848384,0.984686468808182,-5 to -55 dB,0,7.77083333333333
20,25,full,1,1,1,1,0.25,-46.0431525225309,-28.8048735510328,-43.630967946384,20.4991941521191,7.29460133803481,-1.81121369955504,0.963029430713793,0.983251233875828,-5 to -55 dB,0.804687311973115,7.83333333333333,-46.1245946887989,-28.8770320529057,-45.3571740178749,23.0633256116378,7.17540486488821,-1.65699269481482,0.964721613616912,0.983378990787783,-5 to -55 dB,0.77171887381533,7.77083333333333,-45.8988764387035,-28.5092166487258,-45.185388180955,24.4846801539052,7.47495706780554,-2.03939507332106,0.960851174136955,0.983103720660065,-5 to -55 dB,0.870677564519394,7.77083333333333,-46.6555166572431,-29.0255380230743,-Inf,0,6.47257168530385,-1.87779134019521,0.943160191053424,0.984657936765223,-5 to -55 dB,0,7.77083333333333
20,26,full,1,1,1,1,0.3,-46.0431525225309,-28.8048735510328,-43.8613896563823,18.8531601691125,7.29460133803481,-1.81121369955504,0.963029430713793,0.983251233875828,-5 to -55 dB,1.64085501744537,7.83333333333333,-46.1177289045834,-28.8913898479597,-45.5761872760081,20.1652065829363,7.18402558198657,-1.66101063713208,0.964595154648486,0.983370561567972,-5 to -55 dB,1.55280840046049,7.77083333333333,-46.0426933790202,-28.7313206493173,-45.4684038292647,20.5801243072829,7.27772554791328,-1.843640567297,0.963212145924758,0.983266065142064,-5 to -55 dB,1.62804444649779,7.77083333333333,-47.1045155685638,-31.032943332383,-Inf,0,5.74039455177005,-1.96100381177933,0.972697019223046,0.988100345066493,-5 to -55 dB,0,7.77083333333333
20,27,full,1,1,1,1,0.35,-46.0431525225309,-28.8048735510328,-43.924175793273,21.1380093149967,7.29460133803481,-1.81121369955504,0.963029430713793,0.983251233875828,-5 to -55 dB,1.16203902056293,7.83333333333333,-46.1168581447587,-28.8952308828924,-45.8890008383013,22.6134155647151,7.18493810804018,-1.65996280584876,0.964593967345162,0.983372569969997,-5 to -55 dB,1.0732158321461,7.77083333333333,-46.0201829036123,-28.6572600151967,-45.7498326423896,23.7117983292916,7.3083445183444,-1.78771979217011,0.962532837503192,0.983214176173488,-5 to -55 dB,1.17172372313729,7.77083333333333,-47.0548683333744,-29.259609340957,-Inf,0,5.53445029768267,-1.93340623011537,0.96960789437445,0.983335643205871,-5 to -55 dB,0,7.77083333333333
20,28,full,1,1,1,1,0.4,-46.0431525225309,-28.8048735510328,-43.8670964962514,20.1178469909468,7.29460133803481,-1.81121369955504,0.963029430713793,0.983251233875828,-5 to -55 dB,1.52637033514221,7.83333333333333,-46.1161256955492,-28.9087619626908,-45.6294571366363,22.0023071449861,7.18624203836601,-1.66370718371079,0.964592941155242,0.983369976697562,-5 to -55 dB,1.45494614013319,7.77083333333333,-46.1540915262743,-28.8829421401669,-45.6648139706069,20.8616825898602,7.12390877738734,-1.65722877619737,0.966172848422472,0.983479569469419,-5 to -55 dB,1.42390215327849,7.77083333333333,-46.9628225980247,-29.2365354997164,-Inf,0,5.44202069796151,-2.51590708804813,0.954934820764532,0.985751079815796,-5 to -55 dB,0,7.77083333333333
20,29,full,1,1,1,1,0.45,-46.0431525225309,-28.8048735510328,-43.8809302872543,25.0080473572855,7.29460133803481,-1.81121369955504,0.963029430713793,0.983251233875828,-5 to -55 dB,1.25788875848361,7.83333333333333,-46.1210635023203,-28.9291356647455,-45.7398433923929,23.3272166056398,7.1802883317202,-1.66293336701005,0.964618357630577,0.983374373001429,-5 to -55 dB,1.15902216018963,7.77083333333333,-46.1325264729611,-28.917085869526,-45.7577702415447,23.7546716328328,7.154680422559,-1.53911170698589,0.965719586271585,0.983448808005506,-5 to -55 dB,1.14601931062364,7.77083333333333,-47.0848876275863,-29.4092519554927,-Inf,0,5.43542009447104,-2.19967961290307,0.975737833989945,0.983642558543494,-5 to -55 dB,0,7.77083333333333
20,30,full,1,1,1,1,0.5,-46.0431525225309,-28.8048735510328,-43.9019112438138,23.2647628790345,7.29460133803481,-1.81121369955504,0.963029430713793,0.983251233875828,-5 to -55 dB,1.52462521750533,7.83333333333333,-46.0996420358223,-28.9266585304887,-45.5159122095374,23.6474999108203,7.2113228785829,-1.71138587697952,0.964474673333774,0.983362367950022,-5 to -55 dB,1.46031075264732,7.77083333333333,-46.0868841132774,-28.8863711241011,-45.4992811053938,24.2140706045927,7.21918814018407,-1.72841645477876,0.964015922209923,0.983319650604067,-5 to -55 dB,1.47197578906701,7.77083333333333,-47.1163605437242,-29.2702670433713,-Inf,0,5.13035129221784,-3.31743847336493,0.974673504096146,0.984766639671696,-5 to -55 dB,0,7.77083333333333
20,31,full,1,1,1,1,0.55,-46.0431525225309,-28.8048735510328,-44.0721199043143,26.9773518997702,7.29460133803481,-1.81121369955504,0.963029430713793,0.983251233875828,-5 to -55 dB,2.02871690123414,7.83333333333333,-46.1162865954779,-28.9434009126921,-45.3171378867659,25.4448650388659,7.19254511843724,-1.69911962075218,0.964569270992123,0.983370652782258,-5 to -55 dB,1.94898926612252,7.79166666666667,-46.1160178949766,-28.9421258175052,-45.3111476971974,25.2048293806214,7.18317182365188,-1.74198991246006,0.964905309700135,0.983381407973333,-5 to -55 dB,1.94896485270439,7.79166666666667,-47.1624049065853,-31.066249255296,-Inf,0,5.32154899485891,-3.33030915661805,0.989326882505916,0.986110217395262,-5 to -55 dB,0,7.79166666666667
20,32,full,1,1,1,1,0.6,-46.0431525225309,-28.8048735510328,-44.0965166435966,26.2302469802899,7.29460133803481,-1.81121369955504,0.963029430713793,0.983251233875828,-5 to -55 dB,2.00638816052923,7.83333333333333,-46.0281487846336,-28.8523723002581,-44.9521170121749,27.4151546263159,7.31630397933731,-1.85901223352057,0.962612107197879,0.983238284699996,-5 to -55 dB,2.01414475143907,7.79166666666667,-46.0008866495511,-28.7981325217691,-44.9423401602933,28.3363187803686,7.34391246593816,-1.9271005789324,0.962379157629659,0.983203207597908,-5 to -55 dB,2.03918682101467,7.79166666666667,-47.234874075978,-29.3848129066955,-Inf,0,5.31639780761628,-3.34058691919393,1.04193463302831,0.973916010042331,-5 to -55 dB,0,7.79166666666667
20,33,full,1,1,1,1,0.65,-46.0431525225309,-28.8048735510328,-44.655261600162,25.9243898078035,7.29460133803481,-1.81121369955504,0.963029430713793,0.983251233875828,-5 to -55 dB,2.15381166164506,7.83333333333333,-46.0289800790431,-28.8653851386576,-44.6745930028654,26.2399078131819,7.32010530389582,-1.88708482706495,0.962566196098823,0.983237388185072,-5 to -55 dB,2.16376088899136,7.8125,-45.9594810100175,-28.8095471173057,-44.6221433135798,27.3215968420129,7.40527947375115,-2.02150173673165,0.961863700291556,0.983170475634095,-5 to -55 dB,2.22810633510839,7.8125,-47.0008925925064,-29.1447226703639,-Inf,0,5.95943850659576,-2.73687340738665,1.03277896789218,0.979202048896331,-5 to -55 dB,0,7.8125
20,34,full,1,1,1,1,0.7,-46.0431525225309,-28.8048735510328,-44.4124396490247,29.6822993700479,7.29460133803481,-1.81121369955504,0.963029430713793,0.983251233875828,-5 to -55 dB,1.32465597340081,7.83333333333333,-45.9040079161397,-28.8373812011233,-44.3381312547735,29.920335516246,7.48408033648419,-2.12050312814069,0.96083623613859,0.983109741236634,-5 to -55 dB,1.44783415956678,7.83333333333333,-45.8654711224606,-28.8337460814684,-44.3189160833084,31.1188378245664,7.53617465681383,-2.14721206421528,0.960381464241705,0.983072011383719,-5 to -55 dB,1.48307917707715,7.83333333333333,-46.9577857423135,-29.1713181838958,-Inf,0,6.31049455090869,-1.86058535309475,0.990847689274464,0.982957507491587,-5 to -55 dB,0,7.83333333333333
20,35,full,1,1,1,1,0.75,-46.0431525225309,-28.8048735510328,-44.4839910238116,31.2393275534822,7.29460133803481,-1.81121369955504,0.963029430713793,0.983251233875828,-5 to -55 dB,1.3012568464874,7.83333333333333,-46.0211011951099,-28.8876424673623,-44.1745742022998,29.7404521486979,7.32937138700541,-2.03208959297352,0.962382187307899,0.983211308880135,-5 to -55 dB,1.32275902136889,7.85416666666667,-45.9691511326738,-28.8410845537218,-44.1582270521711,30.1846545543723,7.40017135856001,-2.07026847066772,0.961991147895135,0.98317825028445,-5 to -55 dB,1.36672105446451,7.85416666666667,-46.5328122122073,-29.0537641454985,-Inf,0,7.01897326224007,-0.955698727354267,1.01116146779229,0.981515009560781,-5 to -55 dB,0,7.85416666666667
20,36,full,1,1,1,1,0.8,-46.0431525225309,-28.8048735510328,-43.0959517495501,31.7278962223289,7.29460133803481,-1.81121369955504,0.963029430713793,0.983251233875828,-5 to -55 dB,1.23951596661492,7.83333333333333,-46.0652458609028,-28.9415760821354,-43.9186396560338,30.1971299479637,7.27398636901856,-2.00112883982993,0.962951212143277,0.983249690315238,-5 to -55 dB,1.22779453336354,7.875,-45.9885812979383,-28.8488876322875,-43.8809026899819,30.5764636306606,7.37863580279846,-2.10837013410364,0.962186125016147,0.983189501433432,-5 to -55 dB,1.29201921193965,7.875,-46.2652652829083,-28.9301515158191,-Inf,0,7.66837955163633,0.0770639027437842,1.01744831114569,0.985280219489,-5 to -55 dB,0,7.875
20,37,full,1,1,1,1,0.85,-46.0431525225309,-28.8048735510328,-42.4183364184696,44.2408838934679,7.29460133803481,-1.81121369955504,0.963029430713793,0.983251233875828,-5 to -55 dB,1.38166796439865,7.83333333333333,-46.2215464839576,-29.0563874664856,-43.2628037143186,43.0016293791293,7.06531759962262,-1.80842826632687,0.966931360714269,0.983521504181333,-5 to -55 dB,1.35896160330376,7.89583333333333,-46.1859041112576,-29.025880741896,-43.244488174829,44.3908494705842,7.1146530291007,-1.79159128850962,0.966734638686089,0.983506917649908,-5 to -55 dB,1.36189351762846,7.89583333333333,-45.5567600280073,-28.4793276532638,-Inf,0,8.42995476482801,1.56664458363208,1.02204054782035,0.981093637676946,-5 to -55 dB,0,7.89583333333333
20,38,full,1,1,1,1,0.9,-46.0431525225309,-28.8048735510328,-43.133153610692,46.6486634631952,7.29460133803481,-1.81121369955504,0.963029430713793,0.983251233875828,-5 to -55 dB,1.90566055391101,7.83333333333333,-46.2166562984903,-29.1770676282692,-43.2281554842236,46.8588150779565,7.07804939794053,-1.88565384880596,0.966784154663406,0.983508393193652,-5 to -55 dB,1.86860973296284,7.9375,-46.1991592278085,-29.1494607956796,-43.2268841100723,48.1097084543588,7.10224059768318,-1.80292767981551,0.966874882499013,0.983513528247446,-5 to -55 dB,1.87242729583044,7.9375,-45.3824317732544,-28.4616946449513,-Inf,0,9.05965027364847,1.98969553863428,1.07431260358165,0.973098290379852,-5 to -55 dB,0,7.9375
20,39,full,1,1,1,1,0.95,-46.0431525225309,-28.8048735510328,-42.3469123760141,46.5149410368993,7.29460133803481,-1.81121369955504,0.963029430713793,0.983251233875828,-5 to -55 dB,1.51998350100939,7.83333333333333,-46.2813341217884,-29.2573940133918,-42.9113352821828,51.8689589441631,6.99472184397943,-1.82483350950401,0.9672675640114,0.983548366480593,-5 to -55 dB,1.58277854658124,7.95833333333333,-46.2736331911253,-29.2319696456308,-42.9025618764128,52.3860393140712,7.00541362241332,-1.76329120384101,0.967499388398713,0.983566067075387,-5 to -55 dB,1.58094091980721,7.95833333333333,-45.128424921096,-28.2593958019364,-Inf,0,9.42613470825459,2.15277278087345,1.05201444400872,0.975099996582624,-5 to -55 dB,0,7.95833333333333
20,40,full,1,1,1,1,1,-46.0431525225309,-28.8048735510328,-43.1749635811937,44.6003840742421,7.29460133803481,-1.81121369955504,0.963029430713793,0.983251233875828,-5 to -55 dB,2.15966225985954,7.83333333333333,-46.3404979111292,-29.2975261956935,-43.7396035397716,48.253195960833,6.92049681538578,-1.7995776120696,0.967902691233985,0.983599258018809,-5 to -55 dB,2.0412829536919,8,-46.3618901010964,-29.3208987021947,-43.7414963980972,48.5965592093283,6.8906105733713,-1.76464846842128,0.968486980714974,0.98364930480063,-5 to -55 dB,2.03411596865118,8,-46.0673558903725,-28.9472888863003,-Inf,0,8.73567976443444,1.50827651374416,1.09804133292762,0.972718378139285,-5 to -55 dB,0,8
20,41,full,1,1,1,1,1.05,-46.0431525225309,-28.8048735510328,-43.3833805330122,39.9221771046337,7.29460133803481,-1.81121369955504,0.963029430713793,0.983251233875828,-5 to -55 dB,2.98335346927545,7.83333333333333,-46.3348085905822,-29.3556084773076,-43.8475775836668,38.4017232950175,6.93616514846163,-1.86370978877418,0.967831564899169,0.983593567085215,-5 to -55 dB,2.79427572309516,8.02083333333333,-46.3640513176511,-29.3589151115733,-43.8562474613478,37.6809858449207,6.89538944800446,-1.82279498940289,0.968479703718432,0.983648895290833,-5 to -55 dB,2.77401237061586,8.02083333333333,-46.6189285436852,-29.6383084480836,-Inf,0,8.25892177253554,0.806926150634619,1.12207559076676,0.974565614376463,-5 to -55 dB,0,8.02083333333333
20,42,full,1,1,1,1,1.1,-46.0431525225309,-28.8048735510328,-43.5714124511891,37.6959593046653,7.29460133803481,-1.81121369955504,0.963029430713793,0.983251233875828,-5 to -55 dB,3.38541841094905,7.83333333333333,-46.432882836959,-29.4089373435924,-44.0802515671076,33.6793900851327,6.81531078599147,-1.79784954661658,0.969410738707513,0.983739676030716,-5 to -55 dB,3.0954588200499,8.0625,-46.4842700828095,-29.4443957498979,-44.1009177935753,33.4259766279353,6.73729920044432,-1.7254861330807,0.970785126522755,0.983849111543901,-5 to -55 dB,3.05439873044918,8.0625,-47.0929219115471,-30.1244190494027,-Inf,0,7.69986899037575,0.207043919504775,1.11808095717353,0.980294555151356,-5 to -55 dB,0,8.0625
20,43,full,1,1,1,1,1.15,-46.0431525225309,-28.8048735510328,-43.8494529911317,35.6524709110376,7.29460133803481,-1.81121369955504,0.963029430713793,0.983251233875828,-5 to -55 dB,5.88412635170142,7.83333333333333,-46.4611000535665,-29.4862541508572,-44.4157859234461,30.9548764590412,6.78606533000778,-1.808278068286,0.969756728978722,0.98376928949167,-5 to -55 dB,5.55194822280212,8.10416666666667,-46.4948760589011,-29.5029669807462,-44.4302816898873,30.6304811342835,6.73280135637854,-1.77836734782351,0.971276671893428,0.983879007218537,-5 to -55 dB,5.52184111933893,8.10416666666667,-47.6166177898682,-30.6309088381136,-Inf,0,7.10898622019825,-0.543992993559318,1.27897644717842,0.965046601912372,-5 to -55 dB,0,8.10416666666667
20,44,full,1,1,1,1,1.2,-46.0431525225309,-28.8048735510328,-43.9775570129426,37.8239844078412,7.29460133803481,-1.81121369955504,0.963029430713793,0.983251233875828,-5 to -55 dB,5.62446301390824,7.83333333333333,-46.4662175590363,-29.4607344410429,-45.1328667789357,33.6073826066565,6.79545533336875,-1.85360749435693,0.96973305496605,0.983767234412989,-5 to -55 dB,5.28755683651179,8.14583333333333,-46.5018307121296,-29.4779816917474,-45.1500745835859,33.3469873366298,6.73969031948624,-1.81200582009426,0.971327997003998,0.983881692464054,-5 to -55 dB,5.25505684506079,8.14583333333333,-48.0477514031787,-30.8938097783615,-Inf,0,7.11296893029041,-1.26178709172726,1.20607721043593,0.975518832335163,-5 to -55 dB,0,8.14583333333333
20,45,full,1,1,1,1,1.25,-46.0431525225309,-28.8048735510328,-43.9017636452836,37.7131996462594,7.29460133803481,-1.81121369955504,0.963029430713793,0.983251233875828,-5 to -55 dB,5.05128725620394,7.83333333333333,-46.4621086012474,-29.4389877954358,-44.469814287946,33.6420252770743,6.81192695479169,-1.88837080665422,0.969557693110446,0.983751713185195,-5 to -55 dB,4.72274558767085,8.1875,-46.4842641662097,-29.4253461085497,-44.4892060482136,33.5730450667786,6.77513326472507,-1.85579698771365,0.970200253360076,0.9838034278857,-5 to -55 dB,4.70238585545814,8.1875,-47.8735033009655,-30.9711121105729,-Inf,0,7.12317190200417,-0.484844678530937,1.18871941497955,0.97659634865075,-5 to -55 dB,0,8.1875
20,46,full,1,1,1,1,1.3,-46.0431525225309,-28.8048735510328,-44.0778404348354,40.8574776755291,7.29460133803481,-1.81121369955504,0.963029430713793,0.983251233875828,-5 to -55 dB,6.82018193428438,7.83333333333333,-46.4900968932444,-29.4897596483128,-44.5976568366812,35.9791162183194,6.78351576584343,-1.91912699287186,0.969877273014476,0.983778630810095,-5 to -55 dB,6.47157249192439,8.25,-46.5123271227273,-29.4832775051938,-44.6236279211274,36.4704655517233,6.74659597870143,-1.89541070328365,0.971092249874136,0.983868260341027,-5 to -55 dB,6.45088644143226,8.25,-48.2114890734133,-33.0123715470171,-Inf,0,6.72699991157196,-0.279480597486781,1.26839331472933,0.971084614033523,-5 to -55 dB,0,8.25
20,47,full,1,1,1,1,1.35,-46.0431525225309,-28.8048735510328,-44.2588298252158,44.0090920826782,7.29460133803481,-1.81121369955504,0.963029430713793,0.983251233875828,-5 to -55 dB,7.17370117531142,7.83333333333333,-46.5671420806758,-29.5251919198749,-45.2281886192023,37.0301205130516,6.69925285249721,-1.86405714455625,0.972358433812031,0.983964520856505,-5 to -55 dB,6.74441945311353,8.29166666666667,-46.585992486504,-29.5185449458104,-45.2556759381334,37.3426348883955,6.65657222669311,-1.85679192481253,0.972900260708565,0.983984214005054,-5 to -55 dB,6.72614493609423,8.29166666666667,-48.6251380530231,-33.2561726614979,-Inf,0,6.69346911851393,-0.44612427724198,1.28255281320221,0.97831744986726,-5 to -55 dB,0,8.29166666666667
20,48,full,1,1,1,1,1.4,-46.0431525225309,-28.8048735510328,-44.3993576547985,47.0268613437557,7.29460133803481,-1.81121369955504,0.963029430713793,0.983251233875828,-5 to -55 dB,8.08553141904789,7.83333333333333,-46.6057175017838,-29.5474050126404,-45.5662315250979,39.47479142903,6.66737066226573,-1.88779755213603,0.973674701780988,0.984045289100958,-5 to -55 dB,7.61509779511493,8.35416666666667,-46.6292396020823,-29.5454691811104,-45.5976248858353,39.0640043818316,6.61803439140381,-1.89689793628017,0.974596756097238,0.984073504847323,-5 to -55 dB,7.59150592165593,8.35416666666667,-49.3599252318923,-33.4534199243125,-Inf,0,6.11563174600318,-0.61695553013677,1.3236564935218,0.975951890167171,-5 to -55 dB,0,8.35416666666667
20,49,full,1,1,1,1,1.45,-46.0431525225309,-28.8048735510328,-44.6027693859913,63.3208261591197,7.29460133803481,-1.81121369955504,0.963029430713793,0.983251233875828,-5 to -55 dB,7.44861166044356,7.83333333333333,-46.6485490189376,-29.5830609100029,-44.8487683442644,51.5331902291292,6.6184569522753,-1.90305888566949,0.974943965548449,0.984109919199634,-5 to -55 dB,6.95262705727763,8.39583333333333,-46.6642975932432,-29.5844647187877,-44.8760939831792,52.0321604378077,6.57998845328757,-1.89879214831301,0.975485646795668,0.984129694114155,-5 to -55 dB,6.93718265095709,8.39583333333333,-49.9002956025465,-34.3035960763851,-Inf,0,6.65078892423493,-2.51536295764757,1.26363493985831,0.981890427175989,-5 to -55 dB,0,8.39583333333333
20,50,full,1,1,1,1,1.5,-46.0431525225309,-28.8048735510328,-44.6227701723341,84.4373183570957,7.29460133803481,-1.81121369955504,0.963029430713793,0.983251233875828,-5 to -55 dB,7.94419338955923,7.83333333333333,-46.6550789139063,-29.5556437925686,-45.523743366739,70.8344975365867,6.6377132768669,-1.91572316250146,0.974957902483552,0.984119162879486,-5 to -55 dB,7.43351934066285,8.45833333333333,-46.6611551655034,-29.5435192842282,-45.5412277223433,71.3537209429202,6.6060368336561,-1.9084976323034,0.975217072935829,0.984114780551604,-5 to -55 dB,7.4272645876478,8.45833333333333,-50.3035042467684,-35.3552143198746,-Inf,0,5.970053950782,-3.30559076949527,1.27345117179554,0.985822709704801,-5 to -55 dB,0,8.45833333333333
20,51,full,1,1,1,1,1.55,-46.0431525225309,-28.8048735510328,-44.5055458411449,90.9256530203391,7.29460133803481,-1.81121369955504,0.963029430713793,0.983251233875828,-5 to -55 dB,7.64314217816488,7.83333333333333,-46.6302323541014,-29.5458982116857,-44.9435335740061,84.3319642656116,6.7058708867146,-1.94925823869735,0.973744513016411,0.984057636917376,-5 to -55 dB,7.18230904143986,8.52083333333333,-46.9476621457316,-31.1697349225004,-45.2043809283331,71.5302474462183,6.83010930340737,-1.5690273462832,1.01499118509248,0.984817272398542,-5 to -55 dB,5.53578938183909,8.52083333333333,-50.1404187913133,-34.8334106056945,-Inf,0,6.83562842731036,-0.416202418910763,1.27958096038419,0.983665545219747,-5 to -55 dB,0,8.52083333333333
20,52,full,1,1,1,1,1.6,-46.0431525225309,-28.8048735510328,-44.9397166958634,106.046524333627,7.29460133803481,-1.81121369955504,0.963029430713793,0.983251233875828,-5 to -55 dB,8.45690998426129,7.83333333333333,-46.7940141184989,-29.7350657540998,-45.4054465010191,86.9704631884531,6.51182267546899,-1.75521617666603,0.976687743438394,0.984243246876719,-5 to -55 dB,7.81530505404864,8.58333333333333,-47.416932077973,-32.5191784934424,-45.7291271118575,57.414987280956,6.45626028198643,-0.935451099802606,1.02232310500795,0.984840851384705,-5 to -55 dB,6.01857013389504,8.66666666666667,-51.2342364879576,-36.4507652969588,-Inf,0,5.89525038722976,-1.62330331474791,1.27730714142387,0.988871175743639,-5 to -55 dB,0,8.66666666666667
20,53,full,1,1,1,1,1.65,-46.0431525225309,-28.8048735510328,-45.017642528145,128.780167437101,7.29460133803481,-1.81121369955504,0.963029430713793,0.983251233875828,-5 to -55 dB,9.43321322759007,7.83333333333333,-46.9078253394941,-31.5390936649975,-45.6477929501202,106.24616435499,6.3656312534079,-1.750757775927,0.979486132498494,0.984425110142395,-5 to -55 dB,8.67554604338522,8.64583333333333,-47.5108167262775,-32.5464507404149,-46.1590923227084,78.7197737315062,6.50706299907744,-1.21830894039921,1.02343152958543,0.984731486268337,-5 to -55 dB,6.93991380639648,8.8125,-51.9462596950547,-37.3476320750052,-Inf,0,5.38184717145857,-3.55137474335155,1.2873051706024,0.990636172685613,-5 to -55 dB,0,8.8125
20,54,full,1,1,1,1,1.7,-46.0431525225309,-28.8048735510328,-45.1872256745461,138.662519647033,7.29460133803481,-1.81121369955504,0.963029430713793,0.983251233875828,-5 to -55 dB,11.132330192255,7.83333333333333,-46.9643826695996,-31.5406635227196,-45.8871047797934,115.016832514151,6.30769012639831,-1.88638881741674,0.979953514439481,0.98447046226213,-5 to -55 dB,10.3219169916622,8.70833333333333,-47.5804365192924,-32.7983318101657,-46.4358057677812,86.7707177939794,6.62501378340153,-1.11531952578093,1.02308606133418,0.984616521216784,-5 to -55 dB,8.61824438363671,8.95833333333333,-52.8791023318691,-38.114699935458,-Inf,0,4.74318633629646,-3.85805240746765,1.36264099815651,0.988745060299235,-5 to -55 dB,0,8.95833333333333
20,55,full,1,1,1,1,1.75,-46.0431525225309,-28.8048735510328,-45.4755531556723,144.584207283117,7.29460133803481,-1.81121369955504,0.963029430713793,0.983251233875828,-5 to -55 dB,10.8238067935731,7.83333333333333,-46.9896431821469,-31.5220531228164,-46.1387539514164,121.799436815607,6.28447234585774,-2.01823693908431,0.980203394109748,0.984486793945622,-5 to -55 dB,9.98308824385768,8.77083333333333,-47.7447756274018,-33.0202093974305,-46.836143933038,92.6074392850704,6.60453841510496,-1.04404068236901,1.02515896773121,0.984536517981732,-5 to -55 dB,8.31880381078232,9.10416666666667,-53.6790707721516,-38.4026063850236,-Inf,0,3.76404709299871,-7.28909036015987,1.31688893110746,0.991667501120392,-5 to -55 dB,0,9.10416666666667
20,56,full,1,1,1,1,1.8,-46.0431525225309,-28.8048735510328,-45.3340214428225,144.794843640185,7.29460133803481,-1.81121369955504,0.963029430713793,0.983251233875828,-5 to -55 dB,11.9675124131502,7.83333333333333,-46.9444416381053,-31.5053667985475,-46.1060372029562,122.527678934733,6.37934405829962,-2.17127749197055,0.979605240653531,0.984450433415435,-5 to -55 dB,11.1911009082063,8.83333333333333,-47.8852486794626,-33.0969818427113,-46.9103356945665,92.4652142833801,6.49563417093573,-1.31225026656532,1.02788166603583,0.984494306680513,-5 to -55 dB,9.30082481821917,9.25,-53.8608478535953,-38.4695162353883,-Inf,0,3.72873953239585,-8.12576284826843,1.38237581146695,0.99201444604832,-5 to -55 dB,0,9.25
20,57,full,1,1,1,1,1.85,-46.0431525225309,-28.8048735510328,-45.4725767617795,137.286235594676,7.29460133803481,-1.81121369955504,0.963029430713793,0.983251233875828,-5 to -55 dB,11.6407757131757,7.83333333333333,-46.9634535515003,-31.5277671847305,-46.2825365291133,114.74696387448,6.37167843267101,-2.18386318008542,0.979729759193666,0.984461749862939,-5 to -55 dB,10.8537385412332,8.91666666666667,-48.0490575236286,-33.3931225915411,-47.1126998483598,83.5657850674046,6.48575832925662,-1.09745811664529,1.02915050444659,0.98444871215592,-5 to -55 dB,8.96054456512519,9.39583333333333,-53.9588715726988,-38.3974400234749,-Inf,0,3.94868608191199,-9.20829537461765,1.33224179896092,0.99567687003344,-5 to -55 dB,0,9.39583333333333
20,58,full,1,1,1,1,1.9,-46.0431525225309,-28.8048735510328,-45.5005395614718,136.220538689227,7.29460133803481,-1.81121369955504,0.963029430713793,0.983251233875828,-5 to -55 dB,11.8115022134904,7.83333333333333,-47.0770161866991,-31.6632054911525,-46.3396258721102,109.721443587009,6.23758008983342,-2.16941348673227,0.980831984379407,0.984527811152873,-5 to -55 dB,10.914109451996,8.97916666666667,-48.2004217946321,-33.5130235916527,-47.3083835889173,81.0220009173302,6.52402775993291,-0.95821518888328,1.03054705970196,0.984390887832186,-5 to -55 dB,9.12494217923606,9.54166666666667,-53.9999515223045,-38.382623345732,-Inf,0,3.98605864487247,-9.3091060021918,1.34450711490059,0.995633361609706,-5 to -55 dB,0,9.54166666666667
20,59,full,1,1,1,1,1.95,-46.0431525225309,-28.8048735510328,-45.4296205444516,134.840549831765,7.29460133803481,-1.81121369955504,0.963029430713793,0.983251233875828,-5 to -55 dB,11.4166554739233,7.83333333333333,-47.0225246375548,-31.6732139775976,-46.2171983830388,109.970556663386,6.32362831795187,-2.34702629879985,0.980181110210283,0.984484365338586,-5 to -55 dB,10.5918981774498,9.0625,-48.3082805015181,-33.6810636584221,-47.223966401805,77.9364844028511,6.49138314989549,-1.15993807214725,1.03209712802319,0.984359072694616,-5 to -55 dB,8.66467283457433,9.6875,-54.0989074431467,-38.3997423809909,-Inf,0,3.93392551371703,-9.4246217601667,1.32777203610135,0.993634950554079,-5 to -55 dB,0,9.6875
20,60,full,1,1,1,1,2,-46.0431525225309,-28.8048735510328,-45.5438743770177,143.944179378566,7.29460133803481,-1.81121369955504,0.963029430713793,0.983251233875828,-5 to -55 dB,12.0599172970931,7.83333333333333,-47.0981136593021,-31.6683351279231,-46.5257909731994,118.401535286611,6.23024017823717,-2.39025452637305,0.980845339589925,0.984519761211747,-5 to -55 dB,11.1595512061002,9.125,-48.5092798143937,-33.8030832305259,-47.5539546740631,84.6682829753801,6.41586746473607,-1.09629597007078,1.03429706048293,0.984363588927064,-5 to -55 dB,9.2330790834934,9.83333333333333,-54.3723991933243,-38.723922761514,-Inf,0,3.44956572382848,-9.84362463095,1.33558239399523,0.99666133565744,-5 to -55 dB,0,9.83333333333333
20,61,full,1,1,1,1,2.05,-46.0431525225309,-28.8048735510328,-45.5106110662326,153.16834008215,7.29460133803481,-1.81121369955504,0.963029430713793,0.983251233875828,-5 to -55 dB,11.9384062244444,7.83333333333333,-47.1648139857218,-31.827807144357,-46.5256991337021,123.830527496456,6.15605872734025,-2.32254986501927,0.982446236750966,0.984573439423473,-5 to -55 dB,10.9782166767138,9.20833333333333,-48.7833988486429,-34.0249830915324,-47.7760309396082,89.3104749376872,6.18662652613778,-0.882290975929377,1.03663950269693,0.984355386522202,-5 to -55 dB,8.92909699480695,9.97916666666667,-54.8060483976383,-39.1645015023508,-Inf,0,3.26554757288495,-10.0228816955391,1.32635782067436,0.995839865131743,-5 to -55 dB,0,9.97916666666667
20,62,full,1,1,1,1,2.1,-46.0431525225309,-28.8048735510328,-45.5374639658366,161.278107592108,7.29460133803481,-1.81121369955504,0.963029430713793,0.983251233875828,-5 to -55 dB,12.7439522070316,7.83333333333333,-47.1576775817331,-31.7272079017825,-46.4760729338706,133.904924181006,6.1847346639208,-2.44895333422386,0.98210454022965,0.98455713323614,-5 to -55 dB,11.8027905947613,9.29166666666667,-48.7597387434262,-34.0355291568131,-47.7517458837318,96.4009685678093,6.41603847595006,-1.08004765268844,1.03611983533289,0.984280204772719,-5 to -55 dB,9.88483704088503,10.125,-55.1765558052908,-39.4563362836076,-Inf,0,2.724638004181,-10.5447443317998,1.34964260574734,0.996754259331999,-5 to -55 dB,0,10.125
20,63,full,1,1,1,1,2.15,-46.0431525225309,-28.8048735510328,-45.6227029827201,170.696423999465,7.29460133803481,-1.81121369955504,0.963029430713793,0.983251233875828,-5 to -55 dB,12.9270673189285,7.83333333333333,-47.1289988024383,-31.788214066222,-46.618373903006,142.973479733395,6.23927480443956,-2.7247203552914,0.980864363096485,0.984515319129308,-5 to -55 dB,12.0298993906968,9.375,-48.9319998665476,-34.2705384588549,-48.1450188111386,101.824342454583,6.3471401201609,-1.02913000325786,1.03744474466451,0.984258900473652,-5 to -55 dB,9.93029231046023,10.2708333333333,-55.4425921823083,-39.7974072384086,-Inf,0,2.62286111356248,-10.9235649696063,1.35009225640957,0.996037615333635,-5 to -55 dB,0,10.2708333333333
20,64,full,1,1,1,1,2.2,-46.0431525225309,-28.8048735510328,-45.6003344727668,178.071305302183,7.29460133803481,-1.81121369955504,0.963029430713793,0.983251233875828,-5 to -55 dB,13.6259837095657,7.83333333333333,-47.1689213061542,-31.7521524865147,-46.606277020653,150.991629530432,6.20656100133027,-2.68824646196679,0.981963766558707,0.984558951779564,-5 to -55 dB,12.7015292144832,9.45833333333333,-49.0332621704613,-34.3694542385755,-48.1364445929146,109.234180421998,6.38309975550233,-1.01779355464255,1.03794192343098,0.98422166939836,-5 to -55 dB,10.5658980444237,10.4166666666667,-55.7680868761819,-41.2988528052305,-Inf,0,2.53958792918313,-11.1401572525145,1.36456072255285,0.996155316203825,-5 to -55 dB,0,10.4166666666667
20,65,full,1,1,1,1,2.25,-46.0431525225309,-28.8048735510328,-45.6340435057613,184.649621150948,7.29460133803481,-1.81121369955504,0.963029430713793,0.983251233875828,-5 to -55 dB,13.8192984344835,7.83333333333333,-47.2672985134433,-31.9315675956011,-46.7561366863692,154.623758692713,6.08725838089995,-2.65458251137634,0.983335625303363,0.984619136504997,-5 to -55 dB,12.7982013119274,9.54166666666667,-49.0697310521118,-34.4207710600909,-48.1985539344513,113.035102441992,6.5539127682978,-1.13483694226118,1.03685350966499,0.98410789984066,-5 to -55 dB,10.9347868781661,10.5625,-55.9076170559564,-41.5064283695023,-Inf,0,2.40774732962669,-11.448337503289,1.37088084798436,0.997409584130992,-5 to -55 dB,0,10.5625
20,66,full,1,1,1,1,2.3,-46.0431525225309,-28.8048735510328,-45.7140858932165,185.986103908765,7.29460133803481,-1.81121369955504,0.963029430713793,0.983251233875828,-5 to -55 dB,14.088122206373,7.83333333333333,-47.2965983799503,-31.956918238325,-46.8530450625781,155.481236126223,6.06379598813977,-2.66470957115092,0.983903106366272,0.98464687812003,-5 to -55 dB,13.0506973727201,9.625,-49.3918057907008,-34.8221439879068,-48.5317481392825,109.342872093524,6.31587465516016,-0.756656954950836,1.03966083027573,0.984164968959396,-5 to -55 dB,10.9894641386891,10.7083333333333,-56.0518126474526,-41.6022101824781,-Inf,0,2.27247585695833,-11.7535197451008,1.38628855900762,0.996597009871608,-5 to -55 dB,0,10.7083333333333
20,67,full,1,1,1,1,2.35,-46.0431525225309,-28.8048735510328,-45.6403659021349,187.981966369827,7.29460133803481,-1.81121369955504,0.963029430713793,0.983251233875828,-5 to -55 dB,14.2688863808315,7.83333333333333,-47.3439020709064,-31.9565237438031,-46.8829006842301,157.408591450339,6.01141556324026,-2.71043646349262,0.985259956890846,0.984698272201228,-5 to -55 dB,13.1914655924629,9.70833333333333,-49.3698937848331,-34.7038458912017,-48.4861046323287,113.09010056965,6.53315496609944,-1.07025607691698,1.03840153054266,0.98406075882674,-5 to -55 dB,11.3474920535121,10.8541666666667,-56.193324271076,-41.8085065477098,-Inf,0,2.00523767841772,-12.1738537219089,1.38667549793408,0.99704026043588,-5 to -55 dB,0,10.8541666666667
20,68,full,1,1,1,1,2.4,-46.0431525225309,-28.8048735510328,-45.6855748461861,190.646201656575,7.29460133803481,-1.81121369955504,0.963029430713793,0.983251233875828,-5 to -55 dB,14.339968066779,7.83333333333333,-47.4240065234115,-32.0138657780898,-46.9366696361062,157.912315493529,5.90910923521829,-2.79717838686831,0.98695259504284,0.984718233494288,-5 to -55 dB,13.1921885968382,9.79166666666667,-49.5908868938622,-34.9616598398704,-48.7407400852041,114.047705203481,6.35264960601598,-0.951436832163076,1.04048734551602,0.984110013123634,-5 to -55 dB,11.2025562484205,11,-56.4339543568693,-41.913182986472,-Inf,0,1.91212793540782,-12.4712518100887,1.38241913686549,0.997060001126468,-5 to -55 dB,0,11
20,69,full,1,1,1,1,2.45,-46.0431525225309,-28.8048735510328,-45.7297319556077,193.019072092802,7.29460133803481,-1.81121369955504,0.963029430713793,0.983251233875828,-5 to -55 dB,15.3189875360317,7.83333333333333,-47.4138212129036,-31.9782289680828,-47.0091983825729,161.106653957717,5.94359189251676,-2.87082134183967,0.98674548175163,0.984707154986771,-5 to -55 dB,14.2021982100401,9.875,-49.5876512373481,-35.0817503004418,-48.8632396262015,114.733744580935,6.54283851086442,-1.15863889007309,1.03919190397764,0.984009988003417,-5 to -55 dB,12.280650495858,11.1458333333333,-56.5978840732822,-42.0304367755926,-Inf,0,1.78214185298104,-12.8287068109958,1.45021503641525,0.995191522182002,-5 to -55 dB,0,11.1458333333333
20,70,full,1,1,1,1,2.5,-46.0431525225309,-28.8048735510328,-45.6741523506782,199.230802719679,7.29460133803481,-1.81121369955504,0.963029430713793,0.983251233875828,-5 to -55 dB,15.0201302946667,7.83333333333333,-47.4918123420719,-32.0533168378525,-46.9927099271885,165.225879073698,5.854485770159,-2.88043796002784,0.987269661466024,0.984723945524293,-5 to -55 dB,13.8258390904473,9.97916666666667,-49.683937805698,-35.1135241676159,-48.898156544245,120.198306503363,6.58913743715921,-1.21723418648229,1.03928456832796,0.983965430316774,-5 to -55 dB,12.0441574303745,11.2916666666667,-56.9074681057692,-42.3367516814597,-Inf,0,1.61884455674096,-13.0377029706479,1.39928772858532,0.997397301536582,-5 to -55 dB,0,11.2916666666667
20,71,full,1,1,1,1,2.55,-46.0431525225309,-28.8048735510328,-45.7360035878642,203.002340966499,7.29460133803481,-1.81121369955504,0.963029430713793,0.983251233875828,-5 to -55 dB,15.0843032810012,7.83333333333333,-47.5544759163105,-32.1623675976396,-47.1021536261079,165.448984197574,5.78523497786854,-2.8021471361383,0.988053812482655,0.984782913200242,-5 to -55 dB,13.8323692236374,10.0625,-49.9562986274415,-35.4710804603562,-49.1236151405064,119.968116926366,6.39916720391444,-0.901507825581405,1.04235415469473,0.984034424022767,-5 to -55 dB,11.9576919807892,11.4375,-56.9964972298658,-42.3761103807074,-Inf,0,1.57562904949405,-13.2958503691155,1.38423419768981,0.998226129604018,-5 to -55 dB,0,11.4375
20,72,full,1,1,1,1,2.6,-46.0431525225309,-28.8048735510328,-45.73242257739,204.028398433403,7.29460133803481,-1.81121369955504,0.963029430713793,0.983251233875828,-5 to -55 dB,15.6175843615282,7.83333333333333,-47.5566432480408,-32.0517291059401,-47.0539758007137,167.856665407722,5.79887706830818,-2.85794494150263,0.98792661964844,0.984766988492325,-5 to -55 dB,14.3785837253364,10.1666666666667,-50.0853297323868,-35.4484483327147,-49.2141382407167,119.714491859913,6.38445779199806,-0.758604927236505,1.04339643605172,0.984007471105865,-5 to -55 dB,12.4201700481866,11.5833333333333,-57.2013804484146,-42.5674360928486,-Inf,0,1.53271302513312,-13.3976003358857,1.40223083709597,0.99817680820308,-5 to -55 dB,0,11.5833333333333
20,73,full,1,1,1,1,2.65,-46.0431525225309,-28.8048735510328,-45.7539496198645,206.853359092984,7.29460133803481,-1.81121369955504,0.963029430713793,0.983251233875828,-5 to -55 dB,15.8190088591081,7.83333333333333,-47.590488106237,-32.1050956785698,-47.1653957826572,170.17250632302,5.77110602495207,-2.79604302892559,0.9884597950504,0.984815760716184,-5 to -55 dB,14.558598546959,10.25,-50.2562047116898,-35.6723731304865,-49.5152200294292,118.376213414628,6.30847219315401,-0.597229687526638,1.04493567829097,0.983976750234008,-5 to -55 dB,12.5024535278357,11.7291666666667,-57.4254179606848,-42.8872890149375,-Inf,0,1.65404580509801,-13.5488416659835,1.41098879378166,0.997542805827273,-5 to -55 dB,0,11.7291666666667
20,74,full,1,1,1,1,2.7,-46.0431525225309,-28.8048735510328,-45.6922377439351,211.496290460674,7.29460133803481,-1.81121369955504,0.963029430713793,0.983251233875828,-5 to -55 dB,15.4346065271007,7.83333333333333,-47.6097858474753,-32.1041071170826,-47.1143460843052,174.262200724399,5.76155568706262,-2.64150706130039,0.988597772020827,0.984827152904294,-5 to -55 dB,14.163083122224,10.3541666666667,-50.2871202887529,-35.7198607648822,-49.5778964961674,123.984829723793,6.38093049485838,-0.646370057200785,1.04483398068792,0.983957786938448,-5 to -55 dB,12.2193833954818,11.875,-57.5923948350969,-42.9043163729482,-Inf,0,1.46537049084655,-13.5844777082966,1.36272124921102,0.998795737094778,-5 to -55 dB,0,11.875
20,75,full,1,1,1,1,2.75,-46.0431525225309,-28.8048735510328,-45.7337939491332,215.275181988323,7.29460133803481,-1.81121369955504,0.963029430713793,0.983251233875828,-5 to -55 dB,16.4530206956821,7.83333333333333,-47.7919821844023,-32.3077001401673,-47.3453758062653,172.543338625593,5.51956059812363,-2.94006274101449,0.990865090541188,0.984920850726902,-5 to -55 dB,15.0050664096122,10.4375,-50.4706848798463,-35.9020251303823,-49.7562221546425,123.738542979727,6.24357467191815,-0.569390857104549,1.04818654813394,0.983922970558506,-5 to -55 dB,13.0759186819243,12.0208333333333,-57.7371450915938,-43.0283457531843,-Inf,0,1.22747544959051,-13.6669300178792,1.43618019510994,0.997687774230496,-5 to -55 dB,0,12.0208333333333
20,76,full,1,1,1,1,2.8,-46.0431525225309,-28.8048735510328,-45.6756800273305,216.445628741827,7.29460133803481,-1.81121369955504,0.963029430713793,0.983251233875828,-5 to -55 dB,16.8543268827771,7.83333333333333,-47.749094906311,-32.2569999498944,-47.232627956799,174.630587581036,5.59654957999721,-2.87328612232278,0.990390726805499,0.984891592583695,-5 to -55 dB,15.465010669363,10.5416666666667,-50.421498580474,-35.9147790213386,-49.6811273797015,122.868266683207,6.3565441708161,-0.928990787252262,1.04607526391314,0.983914811768078,-5 to -55 dB,13.5421558849143,12.1666666666667,-57.886352260917,-43.1176703851075,-Inf,0,1.11168640353389,-13.7469962020831,1.44075921071172,0.997921399830198,-5 to -55 dB,0,12.1666666666667
20,77,full,1,1,1,1,2.85,-46.0431525225309,-28.8048735510328,-45.7436351354877,218.350216743706,7.29460133803481,-1.81121369955504,0.963029430713793,0.983251233875828,-5 to -55 dB,16.3942611026023,7.83333333333333,-47.8225614258227,-32.3136490614801,-47.3587350949038,175.461378333292,5.50530834439292,-2.78911542275088,0.991090914638124,0.984936382307102,-5 to -55 dB,14.9397044578416,10.6458333333333,-50.595396200852,-36.1014966055419,-49.9317389590444,123.69070668359,6.29400659917629,-0.90766097109657,1.04895547018448,0.983889111646166,-5 to -55 dB,12.9794721504087,12.3125,-58.0480528018791,-43.1899379179902,-Inf,0,1.34638284359838,-13.6277441696444,1.41864828048927,0.998391845616133,-5 to -55 dB,0,12.3125
20,78,full,1,1,1,1,2.9,-46.0431525225309,-28.8048735510328,-45.7233150220644,220.235489203756,7.29460133803481,-1.81121369955504,0.963029430713793,0.983251233875828,-5 to -55 dB,17.1443786515802,7.83333333333333,-47.888448513799,-32.3629381889679,-47.3889150891634,176.878996631654,5.42659135397377,-2.90103666843184,0.992012243338288,0.984979181738023,-5 to -55 dB,15.6350992583931,10.75,-50.6907950075918,-36.2015069894467,-49.9094935919139,123.83717614246,6.33534985093907,-0.928314930397422,1.04922028025044,0.983872161658947,-5 to -55 dB,13.6955451729397,12.4583333333333,-58.1876680772331,-43.3241684090829,-Inf,0,1.05415326430717,-13.7740484073716,1.43976840104541,0.998214222748581,-5 to -55 dB,0,12.4583333333333
20,79,full,1,1,1,1,2.95,-46.0431525225309,-28.8048735510328,-45.7743669499544,223.123625934567,7.29460133803481,-1.81121369955504,0.963029430713793,0.983251233875828,-5 to -55 dB,17.8426110582789,7.83333333333333,-47.9106519372192,-32.3719183319799,-47.47868858304,178.132669555703,5.40827698661565,-3.09533382032892,0.992147491931921,0.98498860400328,-5 to -55 dB,16.3234288861594,10.8541666666667,-50.8006842370144,-36.2857804065918,-50.0007291030048,125.23441039092,6.33767945596773,-0.834086394284538,1.04959856841419,0.983853203327332,-5 to -55 dB,14.3875187182336,12.6041666666667,-58.3265918224942,-43.4595006896834,-Inf,0,0.886013759898953,-13.9720232000229,1.46125145914608,0.998810988632181,-5 to -55 dB,0,12.6041666666667
20,80,full,1,1,1,1,3,-46.0431525225309,-28.8048735510328,-45.742673888776,229.09007223035,7.29460133803481,-1.81121369955504,0.963029430713793,0.983251233875828,-5 to -55 dB,17.6074149223512,7.83333333333333,-47.9041920407905,-32.3716810651933,-47.4622782023472,184.426745253247,5.44657027400556,-3.18146321915386,0.992018127681955,0.984986380666715,-5 to -55 dB,16.103271718955,10.9375,-50.8469496595369,-36.3958883882175,-50.062959791689,130.024912184044,6.41373903743824,-0.948734304772101,1.04908788157565,0.983833234618505,-5 to -55 dB,14.2268858258724,12.75,-58.52741040168,-43.564254306738,-Inf,0,0.495469801775222,-13.9614716186138,1.44104429774812,0.998688810368837,-5 to -55 dB,0,12.75
20,81,full,1,1,1,1,3.05,-46.0431525225309,-28.8048735510328,-45.7966831449245,233.0237970755,7.29460133803481,-1.81121369955504,0.963029430713793,0.983251233875828,-5 to -55 dB,17.5970153168397,7.83333333333333,-47.8961835830927,-32.4402261807855,-47.5310215910788,187.638330059388,5.4909040425673,-3.08903021636439,0.991847631137767,0.984983945332004,-5 to -55 dB,16.1139423055998,11.0416666666667,-51.0330390487809,-36.5412000718009,-50.2424905979859,130.161510277409,6.25607377261227,-0.854481186314905,1.05155386624786,0.983839053154774,-5 to -55 dB,14.1033148847861,12.8958333333333,-58.6674715014828,-43.7444113987305,-Inf,0,0.482213436972361,-14.1062975458601,1.4282519039455,0.999046450436011,-5 to -55 dB,0,12.8958333333333
20,82,full,1,1,1,1,3.1,-46.0431525225309,-28.8048735510328,-45.7930308410198,237.066747573003,7.29460133803481,-1.81121369955504,0.963029430713793,0.983251233875828,-5 to -55 dB,18.1748388679768,7.83333333333333,-48.0087590726641,-32.5594965730918,-47.6384567854776,190.420661868179,5.34743071833742,-3.30174046191089,0.994027220880083,0.985065546837448,-5 to -55 dB,16.5867420779872,11.1458333333333,-51.0880426997537,-36.5979405954017,-50.3161324347039,132.523092574602,6.3301457372117,-0.898169368134865,1.05111291657351,0.983817666137408,-5 to -55 dB,14.6906219102162,13.0416666666667,-58.9607421687767,-43.9320540956233,-Inf,0,0.187418382656807,-14.1012890194798,1.44355653473993,0.999110274791368,-5 to -55 dB,0,13.0416666666667
20,83,full,1,1,1,1,3.15,-46.0431525225309,-28.8048735510328,-45.8449870722916,242.188662845288,7.29460133803481,-1.81121369955504,0.963029430713793,0.983251233875828,-5 to -55 dB,18.1580413498847,7.83333333333333,-48.0277915435915,-32.5870653313017,-47.7272064129234,195.767131857072,5.33868964585341,-3.56592330401911,0.994196717977108,0.985077517031116,-5 to -55 dB,16.5662559442525,11.25,-51.2998006275421,-36.7842384783261,-50.5308559688774,135.078861212503,6.16264412521974,-0.692733864838433,1.05361260742905,0.983843003860619,-5 to -55 dB,14.52471394765,13.1875,-59.1362574262751,-44.0481833768437,-Inf,0,0.336549839323734,-14.1017171581604,1.44494723677324,0.998781710578154,-5 to -55 dB,0,13.1875
20,84,full,1,1,1,1,3.2,-46.0431525225309,-28.8048735510328,-45.8527332502001,247.444187474196,7.29460133803481,-1.81121369955504,0.963029430713793,0.983251233875828,-5 to -55 dB,18.7949262862911,7.83333333333333,-48.0521963228366,-32.5706207622926,-47.7674840959909,201.191722139724,5.33048498930843,-3.51184453549473,0.994264817130179,0.985078853896367,-5 to -55 dB,17.1891318065673,11.375,-51.3114597147941,-36.8231738830597,-50.6338730481318,138.877035464362,6.27427025309119,-0.857873940470543,1.05223556950271,0.98380210679858,-5 to -55 dB,15.248991573977,13.3333333333333,-59.4286658967646,-44.175569356094,-Inf,0,-0.45621418556999,-14.0366138827923,1.46575350984694,0.99871589619043,-5 to -55 dB,0,13.3333333333333
20,85,full,1,1,1,1,3.25,-46.0431525225309,-28.8048735510328,-45.9066546571573,249.548761851215,7.29460133803481,-1.81121369955504,0.963029430713793,0.983251233875828,-5 to -55 dB,18.6624386849242,7.83333333333333,-48.0704741592649,-32.6402413656857,-47.8559742118972,200.979173216553,5.32256916847151,-3.57526257108236,0.99432973483339,0.985080795372732,-5 to -55 dB,17.0488385704613,11.4791666666667,-51.4600672144648,-36.9450788451274,-50.86197188046,138.507909844569,6.20805892400479,-0.794839132835316,1.0536834074708,0.983822945618243,-5 to -55 dB,15.0646355448257,13.4791666666667,-59.5202669956077,-44.1867408319407,-Inf,0,-0.595032495012543,-14.1516755231926,1.43961622696077,0.999472227125558,-5 to -55 dB,0,13.4791666666667
20,86,full,1,1,1,1,3.3,-46.0431525225309,-28.8048735510328,-45.8719625259865,252.736791280229,7.29460133803481,-1.81121369955504,0.963029430713793,0.983251233875828,-5 to -55 dB,18.7169146670305,7.83333333333333,-48.0783400793052,-32.613120571135,-47.8140852823397,204.203906893352,5.33712563838976,-3.7667974865041,0.994335029078645,0.985082392988837,-5 to -55 dB,17.1076439990609,11.5833333333333,-51.4439091647723,-36.9784850924935,-50.8310226269195,141.456748281818,6.40063013795869,-0.940250745046507,1.05155453131048,0.983763754593895,-5 to -55 dB,15.2673279223434,13.625,-59.611913589773,-44.3017259074132,-Inf,0,-0.59959235263886,-14.307115435172,1.4507059492111,0.99887781501493,-5 to -55 dB,0,13.625
20,87,full,1,1,1,1,3.35,-46.0431525225309,-28.8048735510328,-45.8750303856983,256.3204097446,7.29460133803481,-1.81121369955504,0.963029430713793,0.983251233875828,-5 to -55 dB,18.8375159390269,7.83333333333333,-48.1014541188579,-32.6333794178095,-47.824086994857,206.677659479704,5.33747023877656,-3.53399888660822,0.994412984218116,0.98508978858954,-5 to -55 dB,17.2188823125892,11.6875,-51.515074441101,-37.1097882903054,-50.8711324532948,141.884065528549,6.4361045211517,-1.00193282411225,1.05114516328347,0.983746366717295,-5 to -55 dB,15.4089969997867,13.7708333333333,-59.6568750213167,-44.3979051409193,-Inf,0,-0.714089348384297,-14.4397318915038,1.46436101211508,0.999268621130083,-5 to -55 dB,0,13.7708333333333
20,88,full,1,1,1,1,3.4,-46.0431525225309,-28.8048735510328,-45.876838395314,262.585424914777,7.29460133803481,-1.81121369955504,0.963029430713793,0.983251233875828,-5 to -55 dB,19.509499097804,7.83333333333333,-48.2140337555458,-32.7631203503631,-47.9536045339289,210.096869139265,5.19190589055619,-3.84642691799965,0.995041887693727,0.985110677285066,-5 to -55 dB,17.7862840426339,11.7916666666667,-51.577024006239,-37.0953627414893,-50.9891800639193,149.22495913559,6.49946952453991,-1.03095553140882,1.05063936836852,0.983732590167842,-5 to -55 dB,16.0762630880189,13.9166666666667,-59.8960082468696,-44.5342428833797,-Inf,0,-1.07299028282542,-14.4509813767043,1.4759511018309,0.999253366215818,-5 to -55 dB,0,13.9166666666667
20,89,full,1,1,1,1,3.45,-46.0431525225309,-28.8048735510328,-45.8962629482434,261.805972888655,7.29460133803481,-1.81121369955504,0.963029430713793,0.983251233875828,-5 to -55 dB,19.3422148830094,7.83333333333333,-48.2000556398817,-32.7255739743759,-47.9686678093066,209.452174774645,5.25371320640032,-3.83443649639468,0.99488516524382,0.985103839863303,-5 to -55 dB,17.6457312837359,11.9166666666667,-51.764428634287,-37.3432424176496,-51.1484321067325,143.579837852747,6.34961874327336,-0.908689781181163,1.05276884923189,0.983745430415252,-5 to -55 dB,15.8057955579074,14.0625,-60.0685906347361,-44.5536379229876,-Inf,0,-1.34794798224012,-14.5420080810094,1.4740697277705,0.999224955240912,-5 to -55 dB,0,14.0625
20,90,full,1,1,1,1,3.5,-46.0431525225309,-28.8048735510328,-45.9007645198672,263.729796669999,7.29460133803481,-1.81121369955504,0.963029430713793,0.983251233875828,-5 to -55 dB,19.3553603654381,7.83333333333333,-48.2713184452104,-32.7684904597358,-48.0398975518432,209.998652778728,5.21257688590859,-3.9831613038129,0.995409358929773,0.985123107473015,-5 to -55 dB,17.5950987927443,12.0208333333333,-51.7773169004293,-37.3336130756108,-51.2312416951542,146.479414730275,6.47194534378722,-0.979991608733065,1.05146049031363,0.983712903768988,-5 to -55 dB,15.9330290993224,14.2083333333333,-60.1437987685612,-44.6540624166934,-Inf,0,-1.22998686070106,-14.7058317594532,1.46533227365036,0.999445485869255,-5 to -55 dB,0,14.2083333333333
20,91,full,1,1,1,1,3.55,-46.0431525225309,-28.8048735510328,-45.9276163235417,267.095983926429,7.29460133803481,-1.81121369955504,0.963029430713793,0.983251233875828,-5 to -55 dB,19.5818079673754,7.83333333333333,-48.2783230438096,-32.7548729098826,-48.071823438364,212.038862131512,5.21634803331029,-4.09646042755021,0.995408043479131,0.985119480050108,-5 to -55 dB,17.8283822321177,12.125,-51.9321081043621,-37.5015560850505,-51.3592042206653,147.876763667651,6.35988920419423,-0.91986437999114,1.05297348778352,0.983727648790928,-5 to -55 dB,16.0559316649447,14.3541666666667,-60.2943814999468,-44.7043503781797,-Inf,0,-1.66583706411402,-14.765505354122,1.47137666134703,0.998990734632244,-5 to -55 dB,0,14.3541666666667
20,92,full,1,1,1,1,3.6,-46.0431525225309,-28.8048735510328,-45.9126206374401,268.137060194749,7.29460133803481,-1.81121369955504,0.963029430713793,0.983251233875828,-5 to -55 dB,20.2420591196984,7.83333333333333,-48.3935855729051,-32.8577957719413,-48.1565398862694,211.222630838928,5.09040750964549,-4.20800558390073,0.997803936812659,0.985146818014391,-5 to -55 dB,18.383318884782,12.25,-52.0648901559292,-37.6010105148148,-51.4149338429561,148.277384078782,6.32285356283256,-0.833524067220244,1.05391208439994,0.983736118269923,-5 to -55 dB,16.6562535354543,14.5,-60.4227983750245,-44.8945139944688,-Inf,0,-1.81281790467711,-14.919868233761,1.50966375026511,0.998560507968363,-5 to -55 dB,0,14.5
20,93,full,1,1,1,1,3.65,-46.0431525225309,-28.8048735510328,-45.9378414707177,268.596663576935,7.29460133803481,-1.81121369955504,0.963029430713793,0.983251233875828,-5 to -55 dB,20.1075505032174,7.83333333333333,-48.4707568727414,-32.8703264110851,-48.2708099155461,212.512551006596,4.98640247510873,-4.21222778603554,0.999327287799211,0.985175559558175,-5 to -55 dB,18.1864593195829,12.3541666666667,-52.1188923436131,-37.6349965400674,-51.4596191012244,146.797323607423,6.39142655743174,-0.898748851795044,1.05318521754523,0.983712417999239,-5 to -55 dB,16.546302982246,14.6458333333333,-60.3995655661909,-44.8923775338951,-Inf,0,-1.93431247323649,-15.1178132281899,1.51042837622336,0.998951110952785,-5 to -55 dB,0,14.6458333333333
20,94,full,1,1,1,1,3.7,-46.0431525225309,-28.8048735510328,-45.9485897941525,274.032707072426,7.29460133803481,-1.81121369955504,0.963029430713793,0.983251233875828,-5 to -55 dB,20.2310811136659,7.83333333333333,-48.4937321329083,-32.8777903644124,-48.3035599251782,216.101538230934,4.97680489310631,-4.29319931924208,0.999589360409105,0.985184756889703,-5 to -55 dB,18.2945136732666,12.4791666666667,-52.2071433018966,-37.8009691448969,-51.6984066350193,149.37222744746,6.45345519348101,-0.791760007447035,1.0532350807002,0.98370206967934,-5 to -55 dB,16.7082835095876,14.7916666666667,-60.4821036056103,-44.9795977514292,-Inf,0,-1.90036070695391,-15.1622253618126,1.50799690944652,0.99894517981104,-5 to -55 dB,0,14.7916666666667
20,95,full,1,1,1,1,3.75,-46.0431525225309,-28.8048735510328,-45.9004620171898,273.134372633013,7.29460133803481,-1.81121369955504,0.963029430713793,0.983251233875828,-5 to -55 dB,19.8297779116602,7.83333333333333,-48.4766563033852,-32.8495890202444,-48.2192622234169,215.305541414688,5.01843971825935,-4.45000281553942,0.999174103332643,0.985167824700437,-5 to -55 dB,17.9219940481056,12.5833333333333,-52.3214282218385,-37.8954679175379,-51.8712767734823,147.910463506485,6.38538226942254,-0.861779706571898,1.054733938858,0.983718328561174,-5 to -55 dB,16.2446374269818,14.9375,-60.5411603757837,-44.9843293602578,-Inf,0,-1.69055247316315,-15.3478726278558,1.47173858705575,0.999547415804702,-5 to -55 dB,0,14.9375
20,96,full,1,1,1,1,3.8,-46.0431525225309,-28.8048735510328,-45.895946172778,274.845012170487,7.29460133803481,-1.81121369955504,0.963029430713793,0.983251233875828,-5 to -55 dB,20.0131648904252,7.83333333333333,-48.5232714150545,-32.8946312427123,-48.2591392503901,217.629121299552,4.97588789205481,-4.50613133279531,0.999967717171604,0.985195162186373,-5 to -55 dB,18.0663609206951,12.7083333333333,-52.3230796108281,-37.8927235838385,-51.8250526903826,149.177177532004,6.53499305208895,-1.0062088180907,1.05316276908525,0.983673679511823,-5 to -55 dB,16.5276154453588,15.0833333333333,-60.6225392596903,-44.9002677198564,-Inf,0,-1.64878585886057,-15.421401235978,1.4782693680674,0.998565573811993,-5 to -55 dB,0,15.0833333333333
20,97,full,1,1,1,1,3.85,-46.0431525225309,-28.8048735510328,-45.9219257726831,277.098824249836,7.29460133803481,-1.81121369955504,0.963029430713793,0.983251233875828,-5 to -55 dB,20.5742812993243,7.83333333333333,-48.5350869928322,-32.9403049390033,-48.314880966078,219.816857309513,4.97651581323817,-4.59794498419382,1.00017039648494,0.985201881498301,-5 to -55 dB,18.6276539598447,12.8125,-52.5305594765447,-38.1154911339892,-52.0882037994239,147.404052185172,6.37915100460613,-0.776895696271468,1.05509491147663,0.983718717570659,-5 to -55 dB,16.9441724960771,15.2291666666667,-60.8786575510721,-45.1425040347876,-Inf,0,-1.77395416939298,-15.2776117380943,1.50949896963304,0.998916416150633,-5 to -55 dB,0,15.2291666666667
20,98,full,1,1,1,1,3.9,-46.0431525225309,-28.8048735510328,-45.923147268899,275.142637241202,7.29460133803481,-1.81121369955504,0.963029430713793,0.983251233875828,-5 to -55 dB,20.8844006982057,7.83333333333333,-48.5563029034049,-32.9246501058137,-48.3473748253423,217.434039310541,4.96186297824645,-4.6530482133486,1.00028111345902,0.98521047619184,-5 to -55 dB,18.9324919040025,12.9375,-52.5217295195871,-38.1112577057502,-52.1147983200806,145.687082113232,6.55688136872328,-0.883807517746097,1.05357200819483,0.983675143463084,-5 to -55 dB,17.3625587065569,15.375,-60.9686654638056,-45.149001024175,-Inf,0,-1.87646655393042,-15.3231649191822,1.50916077560463,0.997681768515787,-5 to -55 dB,0,15.375
20,99,full,1,1,1,1,3.95,-46.0431525225309,-28.8048735510328,-45.8990760824858,278.197640397931,7.29460133803481,-1.81121369955504,0.963029430713793,0.983251233875828,-5 to -55 dB,20.8141765963783,7.83333333333333,-48.6228128083617,-32.9885313756138,-48.364116100557,217.961376573669,4.89472998099284,-4.57328098885507,1.00217543408855,0.985229894097731,-5 to -55 dB,18.7965800667617,13.0416666666667,-52.6741530886126,-38.2394375752778,-52.2835004658283,147.152404772121,6.48182512695762,-0.80500849539083,1.05508120811192,0.98369550403883,-5 to -55 dB,17.2232625913581,15.5208333333333,-61.0025263658756,-45.1821978114307,-Inf,0,-2.09466128685483,-15.3988192879872,1.49020968072866,0.998946871088236,-5 to -55 dB,0,15.5208333333333
20,100,full,1,1,1,1,4,-46.0431525225309,-28.8048735510328,-45.8816833588266,280.417105682329,7.29460133803481,-1.81121369955504,0.963029430713793,0.983251233875828,-5 to -55 dB,20.4469446463645,7.83333333333333,-48.6809245694093,-33.0358832902554,-48.4026830337798,217.997023438693,4.86248864947868,-4.71316538567412,1.00304528998356,0.985246583494795,-5 to -55 dB,18.3895038739013,13.1666666666667,-52.7811917708726,-38.3589650442772,-52.2069176170927,147.958337261682,6.47369046692531,-0.74406102123596,1.05534198712046,0.98370232232465,-5 to -55 dB,16.8184382125703,15.6666666666667,-61.0183243109357,-45.2709880825495,-Inf,0,-1.81638056634702,-15.4816535288506,1.46402671914901,0.999439138211046,-5 to -55 dB,0,15.6666666666667
25,1,full,1,1,1,1,-1.2,-46.6555166572431,-29.0255380230743,-43.4052444431027,27.8485354267291,6.47257168530385,-1.87779134019521,0.943160191053424,0.984657936765223,-5 to -55 dB,1.56783074742996,7.77083333333333,-47.4563276641108,-31.1707315714727,-44.2272301545345,29.8953889081194,5.62324988372215,-2.16194127092832,0.953834069023178,0.985091364427743,-5 to -55 dB,2.21644833414708,8.64583333333333,-47.4367714492006,-31.1462534673918,-44.2272646207392,29.0495321819022,5.61699545455686,-2.20021429406222,0.953307573749317,0.985039768231495,-5 to -55 dB,2.1971863891686,8.64583333333333,-46.2240927885674,-29.3581884478413,-Inf,0,7.50738373283123,0.367883094910309,0.92841481643138,0.978361273675621,-5 to -55 dB,0,8.64583333333333
25,2,full,1,1,1,1,-1.15,-46.6555166572431,-29.0255380230743,-43.4342410425871,28.0659632092174,6.47257168530385,-1.87779134019521,0.943160191053424,0.984657936765223,-5 to -55 dB,1.21946792546266,7.77083333333333,-47.3745350759717,-31.1423669897455,-43.7665597450564,28.3031621393428,5.72270410466305,-2.14354458712151,0.952601110850111,0.985042436462615,-5 to -55 dB,1.77615028884244,8.58333333333333,-47.3029474612486,-31.0926400718499,-43.7526841130404,28.1698549422965,5.79128939178578,-2.14255048541262,0.951344265557025,0.984952407514601,-5 to -55 dB,1.7039828982909,8.58333333333333,-46.2710811571203,-29.3956575092356,-Inf,0,7.53127222975191,0.108461412387513,0.946439491090746,0.983837818968868,-5 to -55 dB,0,8.58333333333333
25,3,full,1,1,1,1,-1.1,-46.6555166572431,-29.0255380230743,-43.5129374364916,28.6153078287842,6.47257168530385,-1.87779134019521,0.943160191053424,0.984657936765223,-5 to -55 dB,1.45513661241808,7.77083333333333,-47.3244812606437,-31.0984353216999,-44.0036691511912,28.9860373379328,5.78194999636763,-2.00254844982255,0.952004158753013,0.985006963063356,-5 to -55 dB,2.04503960012437,8.52083333333333,-47.1959765633828,-30.9775971292601,-43.9273621139325,31.5001088391545,5.9315480022192,-1.7426404602933,0.949661068898016,0.984896957226825,-5 to -55 dB,1.90298959775235,8.52083333333333,-46.3633898560668,-29.3120204859389,-Inf,0,7.49742296735654,-0.43000341665159,0.922649664254588,0.982665627086205,-5 to -55 dB,0,8.52083333333333
25,4,full,1,1,1,1,-1.05,-46.6555166572431,-29.0255380230743,-43.5002577691134,29.2041915108485,6.47257168530385,-1.87779134019521,0.943160191053424,0.984657936765223,-5 to -55 dB,1.15378405024864,7.77083333333333,-47.2283638991149,-30.9342792788482,-43.714400954872,31.5563754283885,5.90876944391085,-2.11557928595066,0.950085633653035,0.984952837388018,-5 to -55 dB,1.51378473932228,8.45833333333333,-47.0497388826744,-29.0576497600811,-43.6187384726653,33.9324392634183,6.12789176893633,-1.84042242738518,0.94868049350104,0.984843515024771,-5 to -55 dB,1.35860237164181,8.45833333333333,-46.2223901551396,-29.2064648108613,-Inf,0,7.46428101336516,-0.072386820901153,0.95668906546871,0.98540329961535,-5 to -55 dB,0,8.45833333333333
25,5,full,1,1,1,1,-1,-46.6555166572431,-29.0255380230743,-43.5334101381566,30.0710142545449,6.47257168530385,-1.87779134019521,0.943160191053424,0.984657936765223,-5 to -55 dB,1.60557174739188,7.77083333333333,-47.2081233788784,-30.9478595646088,-43.8299354230432,30.1921240203133,5.91705029180878,-2.00558456815602,0.949898758416201,0.984943071322493,-5 to -55 dB,2.07671283795009,8.39583333333333,-47.0532732981942,-29.0583291404026,-43.7695660544152,33.0400464879743,6.10518806894037,-1.67806488394598,0.948884666853165,0.984857160044335,-5 to -55 dB,1.90925763588329,8.39583333333333,-46.3231588421517,-29.3447942584804,-Inf,0,7.32053682250371,-0.296551136924811,0.909333002487771,0.986386751112552,-5 to -55 dB,0,8.39583333333333
25,6,full,1,1,1,1,-0.95,-46.6555166572431,-29.0255380230743,-43.5464615943078,26.4673175753835,6.47257168530385,-1.87779134019521,0.943160191053424,0.984657936765223,-5 to -55 dB,1.89203496559734,7.77083333333333,-47.2803458275688,-31.0516882866653,-44.051698461072,24.4424810854923,5.79838846814616,-1.86365442874774,0.951513569206424,0.984994779172602,-5 to -55 dB,2.46087441825501,8.35416666666667,-47.1491554235984,-30.9041037199265,-43.9623763081424,25.3368581148566,5.95479157556741,-1.5993928808719,0.949592015785506,0.984894455789183,-5 to -55 dB,2.31650844875129,8.35416666666667,-46.3942225149221,-29.1947183719681,-Inf,0,7.09484231567776,-0.612564455319111,0.891746149342017,0.983259253143438,-5 to -55 dB,0,8.35416666666667
25,7,full,1,1,1,1,-0.9,-46.6555166572431,-29.0255380230743,-43.5528723429816,28.5391578935088,6.47257168530385,-1.87779134019521,0.943160191053424,0.984657936765223,-5 to -55 dB,1.30269227135676,7.77083333333333,-47.1777238421808,-30.9406199080724,-44.0617650967289,26.8441041016785,5.93559610736879,-2.02916582979802,0.949832171577909,0.98493977858144,-5 to -55 dB,1.75011786236657,8.29166666666667,-47.0224494181233,-29.063697527271,-43.9802228156828,25.6377737368802,6.12476095159133,-2.07441629025991,0.948519910194453,0.984833175135087,-5 to -55 dB,1.58515352356218,8.29166666666667,-46.5739251906582,-29.2746222063988,-Inf,0,6.99627220546337,-0.925976369294485,0.90916972260853,0.987614145022487,-5 to -55 dB,0,8.29166666666667
25,8,full,1,1,1,1,-0.85,-46.6555166572431,-29.0255380230743,-43.7969142952597,27.7333401310934,6.47257168530385,-1.87779134019521,0.943160191053424,0.984657936765223,-5 to -55 dB,1.06836561072431,7.77083333333333,-47.1457788115695,-30.9073811027054,-44.5955092288116,25.1632139524212,5.96341799781558,-2.02230343852712,0.949732515429426,0.984928185495421,-5 to -55 dB,1.43473848471108,8.25,-46.9625502683121,-28.9989187380241,-44.4691173310208,25.7383030183754,6.19904630739712,-2.21550404994217,0.947493058193293,0.984784648447386,-5 to -55 dB,1.26116551100227,8.25,-46.7932066041362,-29.2121360739947,-Inf,0,6.54756552097578,-1.05167843357296,0.902737973603224,0.989379537325857,-5 to -55 dB,0,8.25
25,9,full,1,1,1,1,-0.8,-46.6555166572431,-29.0255380230743,-43.8268787972076,30.1739503550778,6.47257168530385,-1.87779134019521,0.943160191053424,0.984657936765223,-5 to -55 dB,1.21309761564706,7.77083333333333,-47.1361248350871,-30.9879250191096,-44.7091232025994,28.134411620798,5.96371517774947,-1.94259997905653,0.949724380870597,0.984928081852571,-5 to -55 dB,1.60592851680033,8.1875,-46.9745961829895,-29.0959622431802,-44.5992274917837,27.0537901689714,6.16910441733677,-2.19000778487256,0.94807654407125,0.984810974443817,-5 to -55 dB,1.44426444016431,8.1875,-46.8181060391979,-29.1884041787944,-Inf,0,6.70445251476121,-1.27764004142061,0.91274393070177,0.985239880335611,-5 to -55 dB,0,8.1875
25,10,full,1,1,1,1,-0.75,-46.6555166572431,-29.0255380230743,-43.8080159819773,28.6171005901453,6.47257168530385,-1.87779134019521,0.943160191053424,0.984657936765223,-5 to -55 dB,0.638087574488385,7.77083333333333,-47.1159415471438,-30.91455913386,-44.9183077692992,27.1539356079527,5.96855515753177,-1.92350299144893,0.949693764002785,0.984926876259054,-5 to -55 dB,0.793119287130366,8.14583333333333,-46.9707968318385,-29.0126971086071,-44.8217521174992,27.4956382745869,6.15101988792442,-2.15910679985391,0.948099456524024,0.984811969247506,-5 to -55 dB,0.70651494493127,8.14583333333333,-46.8721112500335,-29.1488370827975,-Inf,0,6.66202218213184,-1.86473761069137,0.954176804334825,0.985978426743846,-5 to -55 dB,0,8.14583333333333
25,11,full,1,1,1,1,-0.7,-46.6555166572431,-29.0255380230743,-43.8261943089013,27.6334899221716,6.47257168530385,-1.87779134019521,0.943160191053424,0.984657936765223,-5 to -55 dB,0.536473203631747,7.77083333333333,-47.1305668885409,-30.9159722634981,-44.9604448489303,27.8516030516762,5.93460414674735,-1.86103921176068,0.949732478780157,0.984928175632076,-5 to -55 dB,0.75361104162949,8.10416666666667,-46.9553365390191,-29.0029211249055,-44.8325562241045,28.955033184453,6.16042196071893,-2.15128991039771,0.947987770311342,0.984805945091456,-5 to -55 dB,0.628126036376244,8.10416666666667,-46.8720960514217,-29.0861995153498,-Inf,0,6.59800391272649,-1.67360797863122,0.966326343717234,0.98553716722873,-5 to -55 dB,0,8.10416666666667
25,12,full,1,1,1,1,-0.65,-46.6555166572431,-29.0255380230743,-43.9248444786594,27.5748596932995,6.47257168530385,-1.87779134019521,0.943160191053424,0.984657936765223,-5 to -55 dB,0.662421249681685,7.77083333333333,-47.0858559798781,-30.9505928563295,-45.117754708111,28.6096321502121,5.99038909273668,-1.90085361273645,0.949646537326966,0.984925530631007,-5 to -55 dB,0.890094855451683,8.0625,-46.9201029764689,-29.1210762418906,-45.0374542825284,29.1427030794401,6.20224579140443,-2.1593496089431,0.947344414387966,0.984780001320304,-5 to -55 dB,0.768111793958836,8.0625,-46.9027689043639,-29.1361672178058,-Inf,0,6.86472368985495,-2.17226884632309,0.962432838562978,0.980609608266255,-5 to -55 dB,0,8.0625
25,13,full,1,1,1,1,-0.6,-46.6555166572431,-29.0255380230743,-43.8361403237428,28.6668801777393,6.47257168530385,-1.87779134019521,0.943160191053424,0.984657936765223,-5 to -55 dB,0.890862148694013,7.77083333333333,-47.0960849778721,-30.9338501581814,-44.9892774270997,30.8536825580143,5.95121663366462,-1.81144701449826,0.949610107872947,0.98490431545497,-5 to -55 dB,1.24820427002944,8.02083333333333,-46.9238256470315,-29.1359171027544,-44.8738356231775,31.2628322861312,6.18926726083898,-2.08461268947217,0.947393202441321,0.98478086424633,-5 to -55 dB,1.08315767293798,8.02083333333333,-46.8374941351623,-29.0246742858823,-Inf,0,6.33720606359897,-1.93091626864638,0.908992466557001,0.98834978025762,-5 to -55 dB,0,8.02083333333333
25,14,full,1,1,1,1,-0.55,-46.6555166572431,-29.0255380230743,-43.8160770147944,31.4237549978321,6.47257168530385,-1.87779134019521,0.943160191053424,0.984657936765223,-5 to -55 dB,0.702156950563845,7.77083333333333,-47.0809966106924,-30.9100400005034,-45.3450616493909,34.0518842847388,5.96564294368445,-1.77462354462385,0.949579335836204,0.98490311405824,-5 to -55 dB,1.08178287890619,8,-46.9115190070344,-29.0219082591596,-45.2183231622523,33.5554115052464,6.19979351860711,-2.05036471581138,0.947353069795769,0.984779969304253,-5 to -55 dB,0.907018178052468,8,-46.8430550685355,-28.9934986501303,-Inf,0,6.34008615380387,-2.38802286982208,0.926659662480295,0.98472608756487,-5 to -55 dB,0,8
25,15,full,1,1,1,1,-0.5,-46.6555166572431,-29.0255380230743,-43.8413736438263,29.6374375874914,6.47257168530385,-1.87779134019521,0.943160191053424,0.984657936765223,-5 to -55 dB,0.542406593035073,7.77083333333333,-46.9968488910855,-30.9182497224799,-45.1454573777703,32.2172344961433,6.07815911668189,-1.85092651458341,0.94889665575868,0.984866070375869,-5 to -55 dB,0.701883746628168,7.95833333333333,-46.8536633740037,-28.9973483171691,-44.9916051906585,31.6567668511184,6.27370773906669,-2.07246178547045,0.94576029918501,0.984746957178271,-5 to -55 dB,0.606903427315271,7.95833333333333,-46.6288297897921,-28.7752891371434,-Inf,0,6.42752217223355,-2.20744656442677,0.955922260978906,0.983045306076388,-5 to -55 dB,0,7.95833333333333
25,16,full,1,1,1,1,-0.45,-46.6555166572431,-29.0255380230743,-43.4416934492199,26.1162880974595,6.47257168530385,-1.87779134019521,0.943160191053424,0.984657936765223,-5 to -55 dB,0.876580392811032,7.77083333333333,-46.9979812945541,-30.8659543004164,-45.1837609106881,29.7351599201917,6.06787395451005,-1.79233361462625,0.948933930064859,0.984868196419427,-5 to -55 dB,0.796747497704377,7.9375,-46.8833899598165,-29.0471071895062,-45.0455801187167,29.2644729493364,6.22329443816968,-1.96548555956123,0.946621011585621,0.984764368291713,-5 to -55 dB,0.80851376730056,7.9375,-46.5813575189225,-28.9178819870904,-Inf,0,6.58582868444044,-2.05597357946754,0.99584322594918,0.979854497901262,-5 to -55 dB,0,7.9375
25,17,full,1,1,1,1,-0.4,-46.6555166572431,-29.0255380230743,-43.7899677657327,24.3516357735059,6.47257168530385,-1.87779134019521,0.943160191053424,0.984657936765223,-5 to -55 dB,0.966074018127789,7.77083333333333,-46.97840512885,-30.8619934548736,-44.7945736978511,26.6658904155996,6.07645597822352,-1.76234174653621,0.94872139444175,0.984854545256318,-5 to -55 dB,1.06970240602283,7.89583333333333,-46.9547928962809,-30.9142750032529,-44.7436358814699,26.5869913194228,6.10242975176551,-1.79063279644178,0.948282517351039,0.98481996144268,-5 to -55 dB,1.05787815252429,7.89583333333333,-46.4325133592359,-29.0105043586862,-Inf,0,6.48157654638603,-2.09662012904444,0.94899071036939,0.983658457513422,-5 to -55 dB,0,7.89583333333333
25,18,full,1,1,1,1,-0.35,-46.6555166572431,-29.0255380230743,-43.6324011311476,21.6339063728627,6.47257168530385,-1.87779134019521,0.943160191053424,0.984657936765223,-5 to -55 dB,0.883028084349475,7.77083333333333,-46.9380050686497,-29.1264615900997,-45.4602135225578,25.2909256408428,6.12641387012916,-1.7910036071628,0.948157772924103,0.984823006710817,-5 to -55 dB,0.983556602972102,7.875,-46.8502112806375,-29.0782622463806,-45.2675724942484,23.7184947473141,6.24353284832292,-1.92680645299184,0.945848093126882,0.984751839853891,-5 to -55 dB,0.940431593779334,7.875,-46.3718317377734,-28.9260026399122,-Inf,0,6.98235577523473,-2.13906267123435,0.949262808131282,0.986469621849793,-5 to -55 dB,0,7.875
25,19,full,1,1,1,1,-0.3,-46.6555166572431,-29.0255380230743,-43.9829903822648,22.6354867249957,6.47257168530385,-1.87779134019521,0.943160191053424,0.984657936765223,-5 to -55 dB,0.723323849803935,7.77083333333333,-46.9209606751803,-29.1199737051805,-44.7844036793065,24.275999290372,6.14067318090923,-1.77645680893428,0.947928997781363,0.984809980125614,-5 to -55 dB,0.85508040464482,7.85416666666667,-46.8188757516296,-29.1181679004192,-44.7085310168143,22.9763354672112,6.2779878004382,-1.93278705108517,0.945491140594119,0.984737033800283,-5 to -55 dB,0.791381617542817,7.85416666666667,-46.1252341136902,-28.834987672347,-Inf,0,7.17340949226551,-1.58464028548787,0.96862951403855,0.984632789427612,-5 to -55 dB,0,7.85416666666667
25,20,full,1,1,1,1,-0.25,-46.6555166572431,-29.0255380230743,-43.630967946384,20.4991941521191,6.47257168530385,-1.87779134019521,0.943160191053424,0.984657936765223,-5 to -55 dB,0.803051309761881,7.77083333333333,-46.8894466265297,-29.0332241352923,-45.3856480723159,22.3945065374459,6.16988227517588,-1.78746244734655,0.947394444776467,0.984791085432562,-5 to -55 dB,0.922624816209372,7.83333333333333,-46.7162967522694,-28.8784223808476,-45.3003519112418,21.5066828630937,6.40700909634617,-2.05932602762788,0.943775200974703,0.984668812853664,-5 to -55 dB,0.823769517621585,7.83333333333333,-46.0431525225309,-28.8048735510328,-Inf,0,7.29460133803481,-1.81121369955504,0.963029430713793,0.983251233875828,-5 to -55 dB,0,7.83333333333333
25,21,full,1,1,1,1,-0.2,-46.6555166572431,-29.0255380230743,-43.4412141512057,18.4782654828606,6.47257168530385,-1.87779134019521,0.943160191053424,0.984657936765223,-5 to -55 dB,1.0745586603566,7.77083333333333,-46.7591762298139,-28.9737785461133,-46.0299266034672,19.7424811978162,6.3382508593372,-1.93500110968184,0.944397076713743,0.984687931072318,-5 to -55 dB,1.1620430752414,7.8125,-46.4825202296684,-28.5819415577416,-45.8645650810426,18.6232167531975,6.72336874846257,-2.39234045510255,0.941373195517485,0.9846014593264,-5 to -55 dB,0.920550167355793,7.8125,-46.0651387819634,-28.9218007032927,-Inf,0,7.32867850752205,-1.90031816248827,0.946932830221917,0.980470509261186,-5 to -55 dB,0,7.8125
25,22,full,1,1,1,1,-0.15,-46.6555166572431,-29.0255380230743,-45.967800851562,19.4352614035747,6.47257168530385,-1.87779134019521,0.943160191053424,0.984657936765223,-5 to -55 dB,0.851377556333246,7.77083333333333,-46.7206119617471,-28.9697740291089,-46.4950075835174,20.8170560174673,6.38748126248169,-1.92592848938607,0.943911196631731,0.984674252205691,-5 to -55 dB,0.887424131947461,7.79166666666667,-46.4443810518587,-28.6025658157319,-46.3854518038685,22.6114752481771,6.77096667630979,-2.40872167243947,0.940988842168542,0.984578814146493,-5 to -55 dB,0.75716131072586,7.79166666666667,-46.0229569769829,-28.8254484347687,-Inf,0,7.16717174364251,-1.62364703933585,0.939681203321603,0.984563244727386,-5 to -55 dB,0,7.79166666666667
25,23,full,1,1,1,1,-0.1,-46.6555166572431,-29.0255380230743,-46.6940037962698,16.681391585274,6.47257168530385,-1.87779134019521,0.943160191053424,0.984657936765223,-5 to -55 dB,1.46424988753828,7.77083333333333,-46.6547906575423,-28.931524888104,-45.38480333022,17.6040698288446,6.47737857082164,-2.00392064513325,0.9429263245212,0.9846431040151,-5 to -55 dB,1.46533509184874,7.79166666666667,-46.5515564043552,-28.8827598646996,-45.3805518809822,17.9281343316685,6.62102403916896,-2.15876075335071,0.941695164590836,0.984615875565674,-5 to -55 dB,1.50659515488897,7.79166666666667,-46.0200913433622,-28.8365745768,-Inf,0,7.07975562964245,-1.48350492204433,1.02771742609428,0.975403747343197,-5 to -55 dB,0,7.79166666666667
25,24,full,1,1,1,1,-0.05,-46.6555166572431,-29.0255380230743,-47.8795545765199,13.2998161547824,6.47257168530385,-1.87779134019521,0.943160191053424,0.984657936765223,-5 to -55 dB,0.56230604668082,7.77083333333333,-46.6201645144046,-28.9300833719969,-47.8499468595886,15.2074096262944,6.5232585812491,-2.00521142218022,0.942490869792524,0.984636614268121,-5 to -55 dB,0.568177480797835,7.77083333333333,-46.5249434012472,-28.8978884261584,-47.8367471528254,15.3149551920595,6.65544897675762,-2.09220111601179,0.941651096863484,0.9846162019714,-5 to -55 dB,0.597883511085627,7.77083333333333,-46.2629403579689,-28.8476650831288,-Inf,0,6.98913801494814,-1.46518117208895,0.963836064848384,0.984686468808182,-5 to -55 dB,0,7.77083333333333
25,25,full,1,1,1,1,0,-46.6555166572431,-29.0255380230743,-Inf,-0.115347283891013,6.47257168530385,-1.87779134019521,0.943160191053424,0.984657936765223,-5 to -55 dB,0,7.77083333333333,-46.5705428667105,-28.9115676594087,-68.8721975990413,4.99144716564456,6.59100229256841,-2.07378123746742,0.941831989956777,0.984616120745896,-5 to -55 dB,0.0968960504153264,7.77083333333333,-46.3096373064183,-28.6463056397398,-63.8217014464399,10.1524157125981,6.94916104637047,-2.3823037211153,0.939308341542805,0.984500109195969,-5 to -55 dB,0.392794077913396,7.77083333333333,-46.6555166572431,-29.0255380230743,-Inf,0,6.47257168530385,-1.87779134019521,0.943160191053424,0.984657936765223,-5 to -55 dB,0,7.77083333333333
25,26,full,1,1,1,1,0.05,-46.6555166572431,-29.0255380230743,-47.5078047131993,16.8150672062215,6.47257168530385,-1.87779134019521,0.943160191053424,0.984657936765223,-5 to -55 dB,1.26146743741634,7.77083333333333,-46.5995760291344,-28.9388283347385,-47.5231539609651,17.3632479466793,6.5498603276639,-2.01937241211618,0.942231826042183,0.984623543292226,-5 to -55 dB,1.31715605625935,7.77083333333333,-46.5227971948603,-28.9121225529913,-47.4932957401348,18.7877306035561,6.65639071126994,-2.1776424592118,0.941651096863482,0.9846162019714,-5 to -55 dB,1.39526103524442,7.77083333333333,-47.1045155685638,-31.032943332383,-Inf,0,5.74039455177005,-1.96100381177933,0.972697019223046,0.988100345066493,-5 to -55 dB,0,7.77083333333333
25,27,full,1,1,1,1,0.1,-46.6555166572431,-29.0255380230743,-46.2829126570944,21.7984167951752,6.47257168530385,-1.87779134019521,0.943160191053424,0.984657936765223,-5 to -55 dB,0.913727643386666,7.77083333333333,-46.5961865724223,-28.9494448852683,-46.2612932070416,22.3096365881845,6.55431854393245,-2.02246550611537,0.942172328923751,0.98462091977677,-5 to -55 dB,0.969060346033532,7.77083333333333,-46.5238140590125,-28.8578911592501,-46.2510343382838,23.7376387425046,6.65473050898181,-2.17442505786215,0.941651096863483,0.9846162019714,-5 to -55 dB,1.03914738401738,7.77083333333333,-47.0548683333744,-29.259609340957,-Inf,0,5.53445029768267,-1.93340623011537,0.96960789437445,0.983335643205871,-5 to -55 dB,0,7.77083333333333
25,28,full,1,1,1,1,0.15,-46.6555166572431,-29.0255380230743,-45.6798166536141,21.0491330664861,6.47257168530385,-1.87779134019521,0.943160191053424,0.984657936765223,-5 to -55 dB,1.03280791479631,7.77083333333333,-46.6052300454673,-28.9633228749682,-45.669955653315,21.5464850163353,6.54198639796699,-2.0101630626227,0.942371137152644,0.984631019412211,-5 to -55 dB,1.07605849275845,7.77083333333333,-46.5548680265193,-28.9083614800081,-45.6424070321625,21.8307987306412,6.61198134031033,-2.11121977462674,0.941721495010108,0.984615708554318,-5 to -55 dB,1.12102123473403,7.77083333333333,-46.9628225980247,-29.2365354997164,-Inf,0,5.44202069796151,-2.51590708804813,0.954934820764532,0.985751079815796,-5 to -55 dB,0,7.77083333333333
25,29,full,1,1,1,1,0.2,-46.6555166572431,-29.0255380230743,-45.9704792854821,22.8182698238897,6.47257168530385,-1.87779134019521,0.943160191053424,0.984657936765223,-5 to -55 dB,1.02012088651915,7.77083333333333,-46.5992741264172,-28.9718477536227,-45.8957357631031,22.8303789441304,6.5510605409801,-2.02713115258779,0.942223349509595,0.98462367725525,-5 to -55 dB,1.07659025311722,7.77083333333333,-46.5685836657474,-28.950531531131,-45.8977172834698,22.5742970348416,6.59372219671752,-2.08263734920458,0.941805734851223,0.984616268952148,-5 to -55 dB,1.10771405713873,7.77083333333333,-47.0848876275863,-29.4092519554927,-Inf,0,5.43542009447104,-2.19967961290307,0.975737833989945,0.983642558543494,-5 to -55 dB,0,7.77083333333333
25,30,full,1,1,1,1,0.25,-46.6555166572431,-29.0255380230743,-45.81050117245,20.6706923113618,6.47257168530385,-1.87779134019521,0.943160191053424,0.984657936765223,-5 to -55 dB,1.08840112232418,7.77083333333333,-46.6126425088775,-28.9939978998639,-45.7589688061216,20.6228265859997,6.53374218068322,-2.01746711705984,0.942459226644436,0.984635683619481,-5 to -55 dB,1.13171523019621,7.77083333333333,-46.5397890023451,-28.9346123579893,-45.7279683273505,21.3262557358471,6.63491325220299,-2.18514546519407,0.941677575996313,0.984615995999948,-5 to -55 dB,1.20473847174843,7.77083333333333,-47.1163605437242,-29.2702670433713,-Inf,0,5.13035129221784,-3.31743847336493,0.974673504096146,0.984766639671696,-5 to -55 dB,0,7.77083333333333
25,31,full,1,1,1,1,0.3,-46.6555166572431,-29.0255380230743,-45.4225953241053,26.0676104098675,6.47257168530385,-1.87779134019521,0.943160191053424,0.984657936765223,-5 to -55 dB,1.58652869611894,7.77083333333333,-46.649838720492,-29.0321959153906,-45.3383294285024,26.0577058365067,6.48429972766148,-2.0119913247723,0.943077555789744,0.984654197816299,-5 to -55 dB,1.59550214480634,7.79166666666667,-46.6090449609235,-28.9948275741264,-45.3283458969227,26.2067123770672,6.54119584986178,-2.1208730987847,0.942455553005327,0.984636573187614,-5 to -55 dB,1.63642600684204,7.79166666666667,-47.1624049065853,-31.066249255296,-Inf,0,5.32154899485891,-3.33030915661805,0.989326882505916,0.986110217395262,-5 to -55 dB,0,7.79166666666667
25,32,full,1,1,1,1,0.35,-46.6555166572431,-29.0255380230743,-45.4649131500645,24.5562153176682,6.47257168530385,-1.87779134019521,0.943160191053424,0.984657936765223,-5 to -55 dB,1.71190945205661,7.77083333333333,-46.7184111633094,-29.081545909923,-45.435871987989,24.2508374230117,6.39057472862449,-1.92954119708697,0.943860432198663,0.984671499961452,-5 to -55 dB,1.6633482578351,7.79166666666667,-46.7010056142073,-29.0604021348981,-45.4459479847305,24.1543693640588,6.41501562249308,-1.97802867573617,0.943633744702506,0.984662479185619,-5 to -55 dB,1.67779147725543,7.79166666666667,-47.234874075978,-29.3848129066955,-Inf,0,5.31639780761628,-3.34058691919393,1.04193463302831,0.973916010042331,-5 to -55 dB,0,7.79166666666667
25,33,full,1,1,1,1,0.4,-46.6555166572431,-29.0255380230743,-44.9538895358201,28.5834066875137,6.47257168530385,-1.87779134019521,0.943160191053424,0.984657936765223,-5 to -55 dB,1.87859397407991,7.77083333333333,-46.7686764091168,-29.1003569341082,-45.103307694066,28.4704652132386,6.32485174474125,-1.91940539961398,0.94472262812252,0.984700764206368,-5 to -55 dB,1.79312413939035,7.8125,-46.723268920021,-29.0365783109711,-45.0667657673397,28.4481799950611,6.38878337434223,-1.97211457445905,0.94391118443358,0.98467424894412,-5 to -55 dB,1.82948195007599,7.8125,-47.0008925925064,-29.1447226703639,-Inf,0,5.95943850659576,-2.73687340738665,1.03277896789218,0.979202048896331,-5 to -55 dB,0,7.8125
25,34,full,1,1,1,1,0.45,-46.6555166572431,-29.0255380230743,-43.7593183968438,33.042973855878,6.47257168530385,-1.87779134019521,0.943160191053424,0.984657936765223,-5 to -55 dB,1.01043546968777,7.77083333333333,-46.8820953819943,-30.8663328768507,-44.9427081920512,32.6300134898766,6.18035831410374,-1.79967780746176,0.947056115602673,0.984783939620998,-5 to -55 dB,0.871484356308856,7.83333333333333,-46.8391371410393,-29.1354237135943,-44.9198873252041,32.7172645198838,6.23370019634134,-1.84048756886863,0.945768750611843,0.984746981770502,-5 to -55 dB,0.895586270577383,7.83333333333333,-46.9577857423135,-29.1713181838958,-Inf,0,6.31049455090869,-1.86058535309475,0.990847689274464,0.982957507491587,-5 to -55 dB,0,7.83333333333333
25,35,full,1,1,1,1,0.5,-46.6555166572431,-29.0255380230743,-43.5848293974939,35.8492388996059,6.47257168530385,-1.87779134019521,0.943160191053424,0.984657936765223,-5 to -55 dB,1.17140420692218,7.77083333333333,-46.9181772583317,-30.9806522052435,-44.4228201397282,33.9979630160105,6.14464707623769,-1.78108822168745,0.94780648284887,0.984802066852827,-5 to -55 dB,1.0559795028977,7.85416666666667,-46.9103078815393,-30.9825980360422,-44.4275052569386,33.732676230856,6.14810178110806,-1.79403075581596,0.947478875128258,0.984783675330455,-5 to -55 dB,1.05912170362425,7.85416666666667,-46.5328122122073,-29.0537641454985,-Inf,0,7.01897326224007,-0.955698727354267,1.01116146779229,0.981515009560781,-5 to -55 dB,0,7.85416666666667
25,36,full,1,1,1,1,0.55,-46.6555166572431,-29.0255380230743,-43.9848178592069,35.313648753045,6.47257168530385,-1.87779134019521,0.943160191053424,0.984657936765223,-5 to -55 dB,1.40830734142224,7.77083333333333,-46.9471325482116,-31.0159042097815,-44.1378910528682,35.6966417666645,6.11337013561509,-1.77582258498226,0.948249293048643,0.984827005638205,-5 to -55 dB,1.31274391286743,7.875,-46.9147143265955,-30.9728553395353,-44.1226038234234,35.3784771552632,6.15186206901072,-1.8149665781674,0.947581296050593,0.984789501596618,-5 to -55 dB,1.32130197756368,7.875,-46.2652652829083,-28.9301515158191,-Inf,0,7.66837955163633,0.0770639027437842,1.01744831114569,0.985280219489,-5 to -55 dB,0,7.875
25,37,full,1,1,1,1,0.6,-46.6555166572431,-29.0255380230743,-43.4092941676203,45.3829834207395,6.47257168530385,-1.87779134019521,0.943160191053424,0.984657936765223,-5 to -55 dB,1.40234884668164,7.77083333333333,-46.9803309486917,-31.0696154034261,-43.6356325181199,44.5993463403085,6.07369742989778,-1.75913199484616,0.948721394441751,0.984854545256318,-5 to -55 dB,1.46365719929129,7.89583333333333,-46.9577444403261,-31.059392226646,-43.6247863841447,44.0875907389416,6.09821013588284,-1.76675557001344,0.948328250337932,0.984821973825509,-5 to -55 dB,1.45760040146674,7.89583333333333,-45.5567600280073,-28.4793276532638,-Inf,0,8.42995476482801,1.56664458363208,1.02204054782035,0.981093637676946,-5 to -55 dB,0,7.89583333333333
25,38,full,1,1,1,1,0.65,-46.6555166572431,-29.0255380230743,-42.9484742280761,45.1454229781478,6.47257168530385,-1.87779134019521,0.943160191053424,0.984657936765223,-5 to -55 dB,1.91860601314867,7.77083333333333,-47.0046719716049,-31.1087431819618,-43.4274271064046,46.1020370628056,6.0582878598735,-1.78120896540754,0.949008452978478,0.984872455166868,-5 to -55 dB,1.92724332473891,7.9375,-46.9907974152155,-31.1000227875502,-43.4263411084852,45.9623829256888,6.07032075939393,-1.77297891220745,0.948876208046522,0.984857141379564,-5 to -55 dB,1.92661466303996,7.9375,-45.3824317732544,-28.4616946449513,-Inf,0,9.05965027364847,1.98969553863428,1.07431260358165,0.973098290379852,-5 to -55 dB,0,7.9375
25,39,full,1,1,1,1,0.7,-46.6555166572431,-29.0255380230743,-42.9558625334958,44.1529783130958,6.47257168530385,-1.87779134019521,0.943160191053424,0.984657936765223,-5 to -55 dB,1.88028887345753,7.77083333333333,-46.989032605831,-31.1541233092561,-43.2872882337048,48.9514518845254,6.08933147861343,-1.86383918390509,0.948721415948593,0.98485455105342,-5 to -55 dB,2.01241811411967,7.95833333333333,-46.9752795891804,-31.1408125578292,-43.2820858074115,48.7440258071406,6.10113509218472,-1.87041233154433,0.948482716197916,0.984831122684312,-5 to -55 dB,2.00680717060751,7.95833333333333,-45.128424921096,-28.2593958019364,-Inf,0,9.42613470825459,2.15277278087345,1.05201444400872,0.975099996582624,-5 to -55 dB,0,7.95833333333333
25,40,full,1,1,1,1,0.75,-46.6555166572431,-29.0255380230743,-43.3395180598951,40.6097178898354,6.47257168530385,-1.87779134019521,0.943160191053424,0.984657936765223,-5 to -55 dB,2.11255811398343,7.77083333333333,-47.0834338981408,-31.1781162640177,-43.9000096480854,46.0730389188491,5.96213353869181,-1.77056576368916,0.949593696556826,0.984904146731082,-5 to -55 dB,2.02722585083996,8,-47.0837841342197,-31.1855218023175,-43.8889718663465,45.6475469186138,5.95373769413652,-1.77246870358087,0.949553122096732,0.984893178276024,-5 to -55 dB,2.02858998948887,8,-46.0673558903725,-28.9472888863003,-Inf,0,8.73567976443444,1.50827651374416,1.09804133292762,0.972718378139285,-5 to -55 dB,0,8
25,41,full,1,1,1,1,0.8,-46.6555166572431,-29.0255380230743,-43.5258694574672,36.4875040042117,6.47257168530385,-1.87779134019521,0.943160191053424,0.984657936765223,-5 to -55 dB,2.78731190817031,7.77083333333333,-47.0844063973242,-31.2084756352674,-44.1637612251326,36.0048279635904,5.96801818483079,-1.8308041160787,0.949571119364925,0.984903042453051,-5 to -55 dB,2.55601748170906,8.02083333333333,-47.103407385108,-31.2248186497494,-44.1678839361864,36.0381606187305,5.9327701113181,-1.79159263059249,0.949592015785507,0.984894455789183,-5 to -55 dB,2.54685890117796,8.02083333333333,-46.6189285436852,-29.6383084480836,-Inf,0,8.25892177253554,0.806926150634619,1.12207559076676,0.974565614376463,-5 to -55 dB,0,8.02083333333333
25,42,full,1,1,1,1,0.85,-46.6555166572431,-29.0255380230743,-43.9203767655791,36.7718228228116,6.47257168530385,-1.87779134019521,0.943160191053424,0.984657936765223,-5 to -55 dB,3.04203578031424,7.77083333333333,-47.0794012606085,-31.2500993215419,-44.5363544423435,33.6190123545725,5.99964476258183,-1.9114699403372,0.949615620984117,0.984924341314174,-5 to -55 dB,2.7608134260637,8.0625,-47.1093809234771,-31.2639972410533,-44.5525547998269,32.8073166343345,5.93233417979128,-1.86524660910629,0.949592015785506,0.984894455789184,-5 to -55 dB,2.74068721995019,8.0625,-47.0929219115471,-30.1244190494027,-Inf,0,7.69986899037575,0.207043919504775,1.11808095717353,0.980294555151356,-5 to -55 dB,0,8.0625
25,43,full,1,1,1,1,0.9,-46.6555166572431,-29.0255380230743,-44.1068769008784,33.6851649542737,6.47257168530385,-1.87779134019521,0.943160191053424,0.984657936765223,-5 to -55 dB,5.27998316658306,7.77083333333333,-47.1289831462654,-31.2381782135932,-45.0409597773176,29.3651356347406,5.93688168337371,-1.86365440795468,0.949732478780156,0.984928175632076,-5 to -55 dB,4.92027800998378,8.10416666666667,-47.1575754017505,-31.2455191448414,-45.0567261078894,28.4099837259291,5.87136306456772,-1.8017502180701,0.949721697398275,0.984899377907871,-5 to -55 dB,4.8964615318212,8.10416666666667,-47.6166177898682,-30.6309088381136,-Inf,0,7.10898622019825,-0.543992993559318,1.27897644717842,0.965046601912372,-5 to -55 dB,0,8.10416666666667
25,44,full,1,1,1,1,0.95,-46.6555166572431,-29.0255380230743,-44.272733856124,35.1258350735161,6.47257168530385,-1.87779134019521,0.943160191053424,0.984657936765223,-5 to -55 dB,4.91466592890185,7.77083333333333,-47.0810727033312,-31.2386345113447,-44.9390858764671,29.1373013321491,6.01843644635381,-1.98061682696001,0.949584671229782,0.984923155452721,-5 to -55 dB,4.58738745319012,8.14583333333333,-47.1154708811836,-31.2615826524725,-44.9658173321412,28.1099712936382,5.9449460085767,-1.93651073240928,0.949583850699659,0.984894364249868,-5 to -55 dB,4.55704591163323,8.14583333333333,-48.0477514031787,-30.8938097783615,-Inf,0,7.11296893029041,-1.26178709172726,1.20607721043593,0.975518832335163,-5 to -55 dB,0,8.14583333333333
25,45,full,1,1,1,1,1,-46.6555166572431,-29.0255380230743,-44.2055610773287,36.6781289668925,6.47257168530385,-1.87779134019521,0.943160191053424,0.984657936765223,-5 to -55 dB,4.44457841003445,7.77083333333333,-47.1665205691613,-31.3604056737904,-45.060054278794,29.3823163511869,5.92012170121826,-1.89265859002974,0.949809410050376,0.984930818018727,-5 to -55 dB,4.04947131612814,8.1875,-47.1855334622826,-31.3644067251597,-45.0715681987283,28.6707333155455,5.86834333973227,-1.90707252088169,0.949830712787021,0.984905552329445,-5 to -55 dB,4.03316945418619,8.1875,-47.8735033009655,-30.9711121105729,-Inf,0,7.12317190200417,-0.484844678530937,1.18871941497955,0.97659634865075,-5 to -55 dB,0,8.1875
25,46,full,1,1,1,1,1.05,-46.6555166572431,-29.0255380230743,-44.3789242403286,41.5011435395202,6.47257168530385,-1.87779134019521,0.943160191053424,0.984657936765223,-5 to -55 dB,5.83331036948944,7.77083333333333,-47.1645745510303,-31.2656546706177,-45.3032421937154,33.5932178800608,5.93651231443058,-1.99166744349508,0.949779130343552,0.984929614960093,-5 to -55 dB,5.43445931475119,8.25,-47.1651737871825,-31.2582758704848,-45.3231001447264,33.2258644076197,5.91123753015447,-2.01889446271138,0.949683357816099,0.984898050555119,-5 to -55 dB,5.43405885874188,8.25,-48.2114890734133,-33.0123715470171,-Inf,0,6.72699991157196,-0.279480597486781,1.26839331472933,0.971084614033523,-5 to -55 dB,0,8.25
25,47,full,1,1,1,1,1.1,-46.6555166572431,-29.0255380230743,-44.5704025421515,45.7927232244301,6.47257168530385,-1.87779134019521,0.943160191053424,0.984657936765223,-5 to -55 dB,6.30211815186965,7.77083333333333,-47.1778104471084,-31.2942872984738,-45.5046919071795,36.5490356345694,5.93547217063996,-2.02902494571714,0.94983217157791,0.98493977858144,-5 to -55 dB,5.8835740214197,8.29166666666667,-47.1894697908256,-31.3013284514095,-45.5395006820409,35.6932436660291,5.88706639905833,-2.06934346199705,0.949772215228921,0.984902398934497,-5 to -55 dB,5.87263615421975,8.29166666666667,-48.6251380530231,-33.2561726614979,-Inf,0,6.69346911851393,-0.44612427724198,1.28255281320221,0.97831744986726,-5 to -55 dB,0,8.29166666666667
25,48,full,1,1,1,1,1.15,-46.6555166572431,-29.0255380230743,-44.6693942980197,46.0928943923442,6.47257168530385,-1.87779134019521,0.943160191053424,0.984657936765223,-5 to -55 dB,7.31975108166377,7.77083333333333,-47.2761786077947,-31.4237603536603,-45.7230872686787,36.1544765177986,5.8043990075206,-1.87053269559568,0.951483217773239,0.984993630352591,-5 to -55 dB,6.80549866149228,8.35416666666667,-47.29157819105,-31.424372297528,-45.7468727810291,35.8048449331296,5.75025116220511,-1.88057260813049,0.951714203414817,0.984961240337666,-5 to -55 dB,6.79052389202514,8.35416666666667,-49.3599252318923,-33.4534199243125,-Inf,0,6.11563174600318,-0.61695553013677,1.3236564935218,0.975951890167171,-5 to -55 dB,0,8.35416666666667
25,49,full,1,1,1,1,1.2,-46.6555166572431,-29.0255380230743,-44.9045648478454,63.3402783707238,6.47257168530385,-1.87779134019521,0.943160191053424,0.984657936765223,-5 to -55 dB,6.48639548619605,7.77083333333333,-47.2035873856381,-31.3462470547019,-45.5989661312631,49.8608014383082,5.92352906234964,-2.01297647035433,0.949876602012272,0.984941978403364,-5 to -55 dB,6.04995855323898,8.39583333333333,-47.2182179576752,-31.3602072344145,-45.6357309463177,49.8809500246833,5.87084938184745,-2.0112007147233,0.949914971365907,0.984908392997701,-5 to -55 dB,6.03582145897544,8.39583333333333,-49.9002956025465,-34.3035960763851,-Inf,0,6.65078892423493,-2.51536295764757,1.26363493985831,0.981890427175989,-5 to -55 dB,0,8.39583333333333
25,50,full,1,1,1,1,1.25,-46.6555166572431,-29.0255380230743,-45.344118649306,83.9942725501899,6.47257168530385,-1.87779134019521,0.943160191053424,0.984657936765223,-5 to -55 dB,7.06528102153049,7.77083333333333,-47.2358928449239,-31.3515342702548,-46.1926927421218,69.4628483452577,5.89801809988878,-2.10341817182069,0.950179783451351,0.984955064814773,-5 to -55 dB,6.5938084667302,8.45833333333333,-47.2295075319202,-31.3431057009431,-46.2134221005148,69.4857391847065,5.87306552252676,-2.11238648902577,0.949971003489091,0.98490930120996,-5 to -55 dB,6.60026485043115,8.45833333333333,-50.3035042467684,-35.3552143198746,-Inf,0,5.970053950782,-3.30559076949527,1.27345117179554,0.985822709704801,-5 to -55 dB,0,8.45833333333333
25,51,full,1,1,1,1,1.3,-46.6555166572431,-29.0255380230743,-45.0259435104039,89.0842038846536,6.47257168530385,-1.87779134019521,0.943160191053424,0.984657936765223,-5 to -55 dB,6.77831800836245,7.77083333333333,-47.3125958543813,-31.5086901115943,-45.4038457491675,75.1097919528206,5.79902793808032,-2.02191195306346,0.951792387783034,0.985001694101723,-5 to -55 dB,6.25519232924112,8.52083333333333,-47.7690108630285,-31.7772855260617,-45.7970488813963,60.0637900721688,6.27965159994247,-1.3475653021525,1.08293673555423,0.979389716093931,-5 to -55 dB,3.99829251281386,8.52083333333333,-50.1404187913133,-34.8334106056945,-Inf,0,6.83562842731036,-0.416202418910763,1.27958096038419,0.983665545219747,-5 to -55 dB,0,8.52083333333333
25,52,full,1,1,1,1,1.35,-46.6555166572431,-29.0255380230743,-45.3891654168212,105.380170565495,6.47257168530385,-1.87779134019521,0.943160191053424,0.984657936765223,-5 to -55 dB,7.57929936163116,7.77083333333333,-47.3703015307966,-31.561345825057,-45.7574429782614,85.649844514933,5.72880478007841,-2.1503604457481,0.952522322152448,0.985037460411318,-5 to -55 dB,6.98229932980156,8.58333333333333,-47.9575435953161,-32.8660137724628,-46.1743154740083,56.8927373247557,6.35110702512886,-1.27491726044915,1.08518783029882,0.979502990301889,-5 to -55 dB,4.76852532598095,8.66666666666667,-51.2342364879576,-36.4507652969588,-Inf,0,5.89525038722976,-1.62330331474791,1.27730714142387,0.988871175743639,-5 to -55 dB,0,8.66666666666667
25,53,full,1,1,1,1,1.4,-46.6555166572431,-29.0255380230743,-45.4875834581326,128.241079857806,6.47257168530385,-1.87779134019521,0.943160191053424,0.984657936765223,-5 to -55 dB,8.40816078336572,7.77083333333333,-47.447907783462,-31.5854476084641,-46.0432448251044,107.695565868025,5.63544703591409,-2.17547132158584,0.953588973131724,0.985086389187512,-5 to -55 dB,7.72957074840501,8.64583333333333,-48.0405723098673,-32.9630624392682,-46.466842672031,77.2250147687436,6.35101152574528,-1.4246037256252,1.08757660813369,0.979652740180338,-5 to -55 dB,5.57775432505375,8.8125,-51.9462596950547,-37.3476320750052,-Inf,0,5.38184717145857,-3.55137474335155,1.2873051706024,0.990636172685613,-5 to -55 dB,0,8.8125
25,54,full,1,1,1,1,1.45,-46.6555166572431,-29.0255380230743,-45.8669165704654,138.293984846144,6.47257168530385,-1.87779134019521,0.943160191053424,0.984657936765223,-5 to -55 dB,9.93466233248519,7.77083333333333,-47.4758157024644,-31.651305028909,-46.459390448368,115.241292409785,5.61105861826438,-2.26193879186698,0.954002344393177,0.985103784422075,-5 to -55 dB,9.23286728358691,8.70833333333333,-48.2417710705546,-33.159518210844,-47.0444655246894,86.7957981926184,6.31421088318973,-1.36597539046934,1.0924586085955,0.979903055829942,-5 to -55 dB,6.99126293496178,8.95833333333333,-52.8791023318691,-38.114699935458,-Inf,0,4.74318633629646,-3.85805240746765,1.36264099815651,0.988745060299235,-5 to -55 dB,0,8.95833333333333
25,55,full,1,1,1,1,1.5,-46.6555166572431,-29.0255380230743,-45.9713314890408,144.44449758098,6.47257168530385,-1.87779134019521,0.943160191053424,0.984657936765223,-5 to -55 dB,9.77051318998147,7.77083333333333,-47.4884207079686,-31.6258980468936,-46.6090909950328,122.40051311749,5.60617937330296,-2.31537844091485,0.954138043272554,0.985112821291501,-5 to -55 dB,9.05643746995472,8.77083333333333,-48.4381915200302,-33.3430895728279,-47.4224856280963,90.7483257170878,6.22598735091627,-1.31168474738229,1.09516428256155,0.980080160300951,-5 to -55 dB,6.69364007332409,9.10416666666667,-53.6790707721516,-38.4026063850236,-Inf,0,3.76404709299871,-7.28909036015987,1.31688893110746,0.991667501120392,-5 to -55 dB,0,9.10416666666667
25,56,full,1,1,1,1,1.55,-46.6555166572431,-29.0255380230743,-45.9791865774436,144.757933769592,6.47257168530385,-1.87779134019521,0.943160191053424,0.984657936765223,-5 to -55 dB,10.8179267607368,7.77083333333333,-47.4892583163373,-31.6446924345257,-46.723215458293,123.152599399426,5.61829954084379,-2.44236682504342,0.95396005465852,0.985102945637247,-5 to -55 dB,10.1161646113202,8.83333333333333,-48.524559703767,-33.511201949968,-47.4105680502461,89.8760252275316,6.34110634888235,-1.38112984978039,1.09586742609963,0.980156686363111,-5 to -55 dB,7.77556604566223,9.25,-53.8608478535953,-38.4695162353883,-Inf,0,3.72873953239585,-8.12576284826843,1.38237581146695,0.99201444604832,-5 to -55 dB,0,9.25
25,57,full,1,1,1,1,1.6,-46.6555166572431,-29.0255380230743,-45.9605039062694,137.250095487083,6.47257168530385,-1.87779134019521,0.943160191053424,0.984657936765223,-5 to -55 dB,10.5137507216689,7.77083333333333,-47.5024787360691,-31.6982385887017,-46.7334493045793,114.479174579146,5.65112413968256,-2.46767101822196,0.954075242216092,0.985110071515417,-5 to -55 dB,9.8071884193442,8.91666666666667,-48.7143217567728,-33.665071514876,-47.6734106188153,83.0956417713137,6.27459111068058,-1.24979951736088,1.09881563949592,0.980321080477041,-5 to -55 dB,7.41757567863287,9.39583333333333,-53.9588715726988,-38.3974400234749,-Inf,0,3.94868608191199,-9.20829537461765,1.33224179896092,0.99567687003344,-5 to -55 dB,0,9.39583333333333
25,58,full,1,1,1,1,1.65,-46.6555166572431,-29.0255380230743,-46.0645787848237,136.049209898991,6.47257168530385,-1.87779134019521,0.943160191053424,0.984657936765223,-5 to -55 dB,10.7292771563145,7.77083333333333,-47.5989570806419,-31.8166006597667,-46.7121774459836,111.709723126485,5.55529133581557,-2.48650283702792,0.955851152702991,0.985184408191149,-5 to -55 dB,9.93301253731313,8.97916666666667,-48.8813293233681,-33.8473863963672,-47.6836130940623,80.6744546531658,6.20853884675377,-1.20831246675475,1.10159512969993,0.980455227662095,-5 to -55 dB,7.52933997144141,9.54166666666667,-53.9999515223045,-38.382623345732,-Inf,0,3.98605864487247,-9.3091060021918,1.34450711490059,0.995633361609706,-5 to -55 dB,0,9.54166666666667
25,59,full,1,1,1,1,1.7,-46.6555166572431,-29.0255380230743,-45.8736511068853,134.76573026589,6.47257168530385,-1.87779134019521,0.943160191053424,0.984657936765223,-5 to -55 dB,10.3194355572196,7.77083333333333,-47.6282218841026,-31.8488703474341,-46.6277829399978,109.247002084337,5.52773778244114,-2.55417152606653,0.95611161355771,0.985192550427249,-5 to -55 dB,9.50250844820419,9.0625,-48.9487473711886,-33.9709135030027,-47.6145961513578,77.9030749976148,6.28191308898794,-1.36873250318551,1.1019627061196,0.980518681566347,-5 to -55 dB,7.14922248601176,9.6875,-54.0989074431467,-38.3997423809909,-Inf,0,3.93392551371703,-9.4246217601667,1.32777203610135,0.993634950554079,-5 to -55 dB,0,9.6875
25,60,full,1,1,1,1,1.75,-46.6555166572431,-29.0255380230743,-45.9820761943529,143.972778973732,6.47257168530385,-1.87779134019521,0.943160191053424,0.984657936765223,-5 to -55 dB,10.9950463470869,7.77083333333333,-47.6616132005637,-31.877270165049,-46.9495500751608,117.636681837657,5.49282435811056,-2.54588118309627,0.956244530158657,0.9851992176992,-5 to -55 dB,10.1505248669153,9.125,-49.080826932268,-34.1016305152129,-47.8639464681283,84.3111189190772,6.27155567458458,-1.33750095347308,1.10357528354927,0.980629669166475,-5 to -55 dB,7.79222648805064,9.83333333333333,-54.3723991933243,-38.723922761514,-Inf,0,3.44956572382848,-9.84362463095,1.33558239399523,0.99666133565744,-5 to -55 dB,0,9.83333333333333
25,61,full,1,1,1,1,1.8,-46.6555166572431,-29.0255380230743,-46.0233751581197,153.183538404003,6.47257168530385,-1.87779134019521,0.943160191053424,0.984657936765223,-5 to -55 dB,10.9207500158607,7.77083333333333,-47.6474451269031,-31.8693150203669,-46.8450089872555,127.234464777232,5.55713609847158,-2.66822698877706,0.956119649707475,0.985192667834835,-5 to -55 dB,10.1009041416395,9.20833333333333,-49.3053134389296,-34.3322778161253,-48.1264355281049,89.7159910332314,6.14891115450062,-1.05427656704914,1.10611621420743,0.980778954311047,-5 to -55 dB,7.58302858109436,9.97916666666667,-54.8060483976383,-39.1645015023508,-Inf,0,3.26554757288495,-10.0228816955391,1.32635782067436,0.995839865131743,-5 to -55 dB,0,9.97916666666667
25,62,full,1,1,1,1,1.85,-46.6555166572431,-29.0255380230743,-46.1204051501738,161.189144527242,6.47257168530385,-1.87779134019521,0.943160191053424,0.984657936765223,-5 to -55 dB,11.7111474982517,7.77083333333333,-47.7567954998179,-31.9169219530853,-47.0253823683624,133.608412516218,5.41338439571704,-2.71742286100506,0.95659516140016,0.985210042672223,-5 to -55 dB,10.7859069542103,9.29166666666667,-49.2720694458447,-34.3289505227469,-48.2230665043296,96.4459317033572,6.38861642494491,-1.31881922272703,1.10423854866564,0.98074433063038,-5 to -55 dB,8.52537946774356,10.125,-55.1765558052908,-39.4563362836076,-Inf,0,2.724638004181,-10.5447443317998,1.34964260574734,0.996754259331999,-5 to -55 dB,0,10.125
25,63,full,1,1,1,1,1.9,-46.6555166572431,-29.0255380230743,-46.1176198510162,170.581604185055,6.47257168530385,-1.87779134019521,0.943160191053424,0.984657936765223,-5 to -55 dB,11.7503868169691,7.77083333333333,-47.7738033784868,-31.9582401519883,-47.1200792464066,142.99709107534,5.41087962315046,-2.81807043395974,0.956624574469664,0.985211292648677,-5 to -55 dB,10.8158746966477,9.375,-49.4456967223902,-34.5548944192731,-48.4102909119609,102.152289291463,6.24363729760361,-1.35773471578049,1.10646450852819,0.980865019969028,-5 to -55 dB,8.46924930272458,10.2708333333333,-55.4425921823083,-39.7974072384086,-Inf,0,2.62286111356248,-10.9235649696063,1.35009225640957,0.996037615333635,-5 to -55 dB,0,10.2708333333333
25,64,full,1,1,1,1,1.95,-46.6555166572431,-29.0255380230743,-46.2469360330211,177.856326881989,6.47257168530385,-1.87779134019521,0.943160191053424,0.984657936765223,-5 to -55 dB,12.2729597330898,7.77083333333333,-47.7839464677442,-31.9568630312612,-47.2392894387925,149.824918890134,5.41189338735056,-2.94833755990311,0.956621998433026,0.985208654706437,-5 to -55 dB,11.3363229577885,9.45833333333333,-49.5339194660469,-34.6213368483649,-48.6720088549174,107.703836464671,6.273543891985,-1.44659997448942,1.10681779308298,0.980924704454422,-5 to -55 dB,9.05521434622749,10.4166666666667,-55.7680868761819,-41.2988528052305,-Inf,0,2.53958792918313,-11.1401572525145,1.36456072255285,0.996155316203825,-5 to -55 dB,0,10.4166666666667
25,65,full,1,1,1,1,2,-46.6555166572431,-29.0255380230743,-46.2470262220311,184.752398298968,6.47257168530385,-1.87779134019521,0.943160191053424,0.984657936765223,-5 to -55 dB,12.5771664012143,7.77083333333333,-47.8719453143456,-32.0836963113025,-47.3252219583443,154.977760636403,5.30411296141081,-2.91827098657096,0.958380657364893,0.985248669370368,-5 to -55 dB,11.5608679746815,9.54166666666667,-49.7401233353629,-34.9058565027945,-48.7480030266404,111.814689006353,6.14812440902303,-1.33384161540219,1.10925597199495,0.981055575637553,-5 to -55 dB,9.21672198767874,10.5625,-55.9076170559564,-41.5064283695023,-Inf,0,2.40774732962669,-11.448337503289,1.37088084798436,0.997409584130992,-5 to -55 dB,0,10.5625
25,66,full,1,1,1,1,2.05,-46.6555166572431,-29.0255380230743,-46.2496906477258,186.024699836074,6.47257168530385,-1.87779134019521,0.943160191053424,0.984657936765223,-5 to -55 dB,12.8308279137177,7.77083333333333,-47.890390295304,-32.08924457577,-47.3354721856374,154.983060744894,5.29209928460696,-2.92711815105388,0.958556525011117,0.985250621307074,-5 to -55 dB,11.8075442519581,9.625,-49.78904509739,-34.9314739057901,-48.7525231317297,111.191784394259,6.26357037617916,-1.42929433917683,1.10795743477643,0.981039833639318,-5 to -55 dB,9.53355961979517,10.7083333333333,-56.0518126474526,-41.6022101824781,-Inf,0,2.27247585695833,-11.7535197451008,1.38628855900762,0.996597009871608,-5 to -55 dB,0,10.7083333333333
25,67,full,1,1,1,1,2.1,-46.6555166572431,-29.0255380230743,-46.2225656229218,188.141422132131,6.47257168530385,-1.87779134019521,0.943160191053424,0.984657936765223,-5 to -55 dB,13.0424400748547,7.77083333333333,-47.9400613630591,-32.1197718372454,-47.4276518174074,155.876306424427,5.2469309687584,-3.02681232690302,0.959632903455596,0.98526796599172,-5 to -55 dB,11.9778455915789,9.70833333333333,-50.0998880852169,-35.1981617315273,-49.0454456493603,111.609766403314,5.98397430155301,-1.07522021599075,1.11304595304997,0.981223127457982,-5 to -55 dB,9.51584050168679,10.8541666666667,-56.193324271076,-41.8085065477098,-Inf,0,2.00523767841772,-12.1738537219089,1.38667549793408,0.99704026043588,-5 to -55 dB,0,10.8541666666667
25,68,full,1,1,1,1,2.15,-46.6555166572431,-29.0255380230743,-46.2285590656505,190.743807300839,6.47257168530385,-1.87779134019521,0.943160191053424,0.984657936765223,-5 to -55 dB,12.9667577101993,7.77083333333333,-47.9092654850396,-32.0858932924849,-47.3326166738975,158.142049680238,5.33282082476295,-3.14908508635636,0.95857357186631,0.985248175985598,-5 to -55 dB,11.9450447258162,9.79166666666667,-50.0550000152399,-35.1921516993705,-49.0309984062481,114.564008771679,6.22964630827155,-1.27402716244029,1.10940431893563,0.981147722630837,-5 to -55 dB,9.66561763113339,11,-56.4339543568693,-41.913182986472,-Inf,0,1.91212793540782,-12.4712518100887,1.38241913686549,0.997060001126468,-5 to -55 dB,0,11
25,69,full,1,1,1,1,2.2,-46.6555166572431,-29.0255380230743,-46.2668565749356,193.155445578726,6.47257168530385,-1.87779134019521,0.943160191053424,0.984657936765223,-5 to -55 dB,13.8980453963789,7.77083333333333,-47.9556250851966,-32.1464479874165,-47.4592344259833,159.716187984195,5.28222023865759,-3.16354724622008,0.959587308813145,0.985264349915429,-5 to -55 dB,12.8470279125264,9.875,-50.1860706768897,-35.4316695677502,-49.2248336808678,113.512039710576,6.20633731595718,-1.10859265848092,1.11126337542011,0.981238923378078,-5 to -55 dB,10.5421672879439,11.1458333333333,-56.5978840732822,-42.0304367755926,-Inf,0,1.78214185298104,-12.8287068109958,1.45021503641525,0.995191522182002,-5 to -55 dB,0,11.1458333333333
25,70,full,1,1,1,1,2.25,-46.6555166572431,-29.0255380230743,-46.272480813784,199.39742467309,6.47257168530385,-1.87779134019521,0.943160191053424,0.984657936765223,-5 to -55 dB,13.647559279593,7.77083333333333,-48.0347986452255,-32.2378116404116,-47.5348987089636,164.405318020059,5.18869604036945,-3.11325766043404,0.960925444482703,0.985280748433428,-5 to -55 dB,12.5144914861007,9.97916666666667,-50.3596559448269,-35.5216486778038,-49.4302701440661,119.046405915078,6.06725316624757,-0.919858911315773,1.11374620844254,0.981341894969598,-5 to -55 dB,10.1851662408015,11.2916666666667,-56.9074681057692,-42.3367516814597,-Inf,0,1.61884455674096,-13.0377029706479,1.39928772858532,0.997397301536582,-5 to -55 dB,0,11.2916666666667
25,71,full,1,1,1,1,2.3,-46.6555166572431,-29.0255380230743,-46.2363940513705,203.080531650848,6.47257168530385,-1.87779134019521,0.943160191053424,0.984657936765223,-5 to -55 dB,13.7447508718758,7.77083333333333,-48.0274233651661,-32.2614690979291,-47.4286284876808,166.310367906141,5.21822492397143,-3.08333641232824,0.96041069101581,0.985271595793774,-5 to -55 dB,12.6312711107027,10.0625,-50.4179906449008,-35.5836725379526,-49.3951362827842,120.036847296871,6.0579143577492,-1.13362012406443,1.11414359146544,0.98137646476214,-5 to -55 dB,10.2672051536993,11.4375,-56.9964972298658,-42.3761103807074,-Inf,0,1.57562904949405,-13.2958503691155,1.38423419768981,0.998226129604018,-5 to -55 dB,0,11.4375
25,72,full,1,1,1,1,2.35,-46.6555166572431,-29.0255380230743,-46.2633065230258,204.039320132469,6.47257168530385,-1.87779134019521,0.943160191053424,0.984657936765223,-5 to -55 dB,14.1935476935455,7.77083333333333,-48.0345016026505,-32.2285299815651,-47.4927415026206,167.293905977488,5.22709592034076,-3.14446298030123,0.96041846383619,0.985273716953728,-5 to -55 dB,13.0864781477269,10.1666666666667,-50.490042436406,-35.753243316645,-49.6009146214153,118.214865459175,6.04060906870559,-1.30933574984303,1.11445157214525,0.981413040487303,-5 to -55 dB,10.7162098449177,11.5833333333333,-57.2013804484146,-42.5674360928486,-Inf,0,1.53271302513312,-13.3976003358857,1.40223083709597,0.99817680820308,-5 to -55 dB,0,11.5833333333333
25,73,full,1,1,1,1,2.4,-46.6555166572431,-29.0255380230743,-46.2525434433205,206.858348866133,6.47257168530385,-1.87779134019521,0.943160191053424,0.984657936765223,-5 to -55 dB,14.3186257481065,7.77083333333333,-48.0609818085621,-32.2749724063248,-47.5108945561867,168.316284530155,5.20113971856908,-3.15523495636414,0.960964558710113,0.985281677123604,-5 to -55 dB,13.2018141582547,10.25,-50.654391262866,-35.8471408132412,-49.8013104518309,118.698252548406,5.98892475135066,-1.26161538437236,1.11549268312626,0.981473801570519,-5 to -55 dB,10.7685093776326,11.7291666666667,-57.4254179606848,-42.8872890149375,-Inf,0,1.65404580509801,-13.5488416659835,1.41098879378166,0.997542805827273,-5 to -55 dB,0,11.7291666666667
25,74,full,1,1,1,1,2.45,-46.6555166572431,-29.0255380230743,-46.2913524936272,211.511311817278,6.47257168530385,-1.87779134019521,0.943160191053424,0.984657936765223,-5 to -55 dB,13.9965445686796,7.77083333333333,-48.0846789260069,-32.2658878150873,-47.5843252648387,172.365386983948,5.17975311485392,-3.21712126414444,0.961712259172618,0.985289233896852,-5 to -55 dB,12.8600129403243,10.3541666666667,-50.7221205010757,-35.9657943520191,-49.8500542489475,123.805358867102,6.1153425032825,-1.34631539597795,1.11504082611156,0.981485705479016,-5 to -55 dB,10.5140002645856,11.875,-57.5923948350969,-42.9043163729482,-Inf,0,1.46537049084655,-13.5844777082966,1.36272124921102,0.998795737094778,-5 to -55 dB,0,11.875
25,75,full,1,1,1,1,2.5,-46.6555166572431,-29.0255380230743,-46.2975135567814,215.049465611259,6.47257168530385,-1.87779134019521,0.943160191053424,0.984657936765223,-5 to -55 dB,14.9473559606417,7.77083333333333,-48.1585601129253,-32.3239345937206,-47.6621516072556,174.596013001061,5.07786987230103,-3.21524396329992,0.962758470137132,0.985294314881996,-5 to -55 dB,13.7486215647212,10.4375,-50.8652278417264,-36.1415390189785,-50.0337804675323,124.199598031566,6.06889166535172,-1.32588562354113,1.11583540370109,0.981534313819794,-5 to -55 dB,11.403534092008,12.0208333333333,-57.7371450915938,-43.0283457531843,-Inf,0,1.22747544959051,-13.6669300178792,1.43618019510994,0.997687774230496,-5 to -55 dB,0,12.0208333333333
25,76,full,1,1,1,1,2.55,-46.6555166572431,-29.0255380230743,-46.2495039573131,216.285572942344,6.47257168530385,-1.87779134019521,0.943160191053424,0.984657936765223,-5 to -55 dB,15.3576057937069,7.77083333333333,-48.230001371055,-32.371820273565,-47.6724285356531,174.274431191416,4.99004771096471,-3.34210612550219,0.963208313825579,0.98530401921467,-5 to -55 dB,14.1003031069728,10.5416666666667,-50.9070516583675,-36.197433215779,-50.0816591713469,123.701206002042,6.17100273761891,-1.34408633233619,1.11507358391692,0.981529979116409,-5 to -55 dB,11.8705364741652,12.1666666666667,-57.886352260917,-43.1176703851075,-Inf,0,1.11168640353389,-13.7469962020831,1.44075921071172,0.997921399830198,-5 to -55 dB,0,12.1666666666667
25,77,full,1,1,1,1,2.6,-46.6555166572431,-29.0255380230743,-46.2799259464652,218.080848865924,6.47257168530385,-1.87779134019521,0.943160191053424,0.984657936765223,-5 to -55 dB,14.9062216420789,7.77083333333333,-48.2679918294964,-32.3855487228831,-47.7442592247657,175.933915674765,4.95003204550842,-3.38319532528287,0.963900195503972,0.985306373546516,-5 to -55 dB,13.6216813119603,10.6458333333333,-51.1595716474298,-36.4146618147187,-50.2370255742979,122.878340347117,5.96132694433189,-1.15611849235,1.11694499180946,0.981642221364313,-5 to -55 dB,11.257426673986,12.3125,-58.0480528018791,-43.1899379179902,-Inf,0,1.34638284359838,-13.6277441696444,1.41864828048927,0.998391845616133,-5 to -55 dB,0,12.3125
25,78,full,1,1,1,1,2.65,-46.6555166572431,-29.0255380230743,-46.3021188247145,220.256126682289,6.47257168530385,-1.87779134019521,0.943160191053424,0.984657936765223,-5 to -55 dB,15.6076828645114,7.77083333333333,-48.2646514863053,-32.3553738317589,-47.7615103893327,178.36801977916,4.97941132536888,-3.52308187896375,0.963551616243842,0.985314423372716,-5 to -55 dB,14.3403533992372,10.75,-51.0872326807176,-36.3776260957884,-50.1796672094785,124.954530896665,6.1995135921406,-1.41153434227339,1.11513144711742,0.981572413303209,-5 to -55 dB,12.1390151700746,12.4583333333333,-58.1876680772331,-43.3241684090829,-Inf,0,1.05415326430717,-13.7740484073716,1.43976840104541,0.998214222748581,-5 to -55 dB,0,12.4583333333333
25,79,full,1,1,1,1,2.7,-46.6555166572431,-29.0255380230743,-46.3432514493215,222.995818976264,6.47257168530385,-1.87779134019521,0.943160191053424,0.984657936765223,-5 to -55 dB,16.305327347,7.77083333333333,-48.3181131205537,-32.412751303554,-47.8766944694972,179.994072750306,4.91277245485789,-3.56215313576162,0.964366063280452,0.985312832032449,-5 to -55 dB,14.9929045819887,10.8541666666667,-51.2916463783213,-36.6257551240329,-50.4287687751046,123.645239048403,6.04200049595518,-1.26334432992883,1.11653836226697,0.98166241938885,-5 to -55 dB,12.7000976984681,12.6041666666667,-58.3265918224942,-43.4595006896834,-Inf,0,0.886013759898953,-13.9720232000229,1.46125145914608,0.998810988632181,-5 to -55 dB,0,12.6041666666667
25,80,full,1,1,1,1,2.75,-46.6555166572431,-29.0255380230743,-46.3523954709919,229.071509984417,6.47257168530385,-1.87779134019521,0.943160191053424,0.984657936765223,-5 to -55 dB,16.0793712914601,7.77083333333333,-48.3346586997673,-32.446267803434,-47.9090769188225,185.634700626476,4.91705500893305,-3.53113573000166,0.964407118308539,0.985317001728946,-5 to -55 dB,14.7577496730402,10.9375,-51.3901908298494,-36.6558264533612,-50.6389586135706,129.811118183067,6.03728227529906,-1.24589228760863,1.11672625016316,0.981689993606592,-5 to -55 dB,12.4705436325106,12.75,-58.52741040168,-43.564254306738,-Inf,0,0.495469801775222,-13.9614716186138,1.44104429774812,0.998688810368837,-5 to -55 dB,0,12.75
25,81,full,1,1,1,1,2.8,-46.6555166572431,-29.0255380230743,-46.3779825146458,232.839458865639,6.47257168530385,-1.87779134019521,0.943160191053424,0.984657936765223,-5 to -55 dB,16.0904683795808,7.77083333333333,-48.2925139873242,-32.4459767159132,-47.9088940058376,188.12473792212,4.99511581457048,-3.86339643037863,0.963855988286605,0.985318051967916,-5 to -55 dB,14.8267401388622,11.0416666666667,-51.5179203274112,-36.8033398845444,-50.765119548393,131.322280085439,6.03745125838744,-1.19987614777427,1.11705181876034,0.981718140140965,-5 to -55 dB,12.4559883965759,12.8958333333333,-58.6674715014828,-43.7444113987305,-Inf,0,0.482213436972361,-14.1062975458601,1.4282519039455,0.999046450436011,-5 to -55 dB,0,12.8958333333333
25,82,full,1,1,1,1,2.85,-46.6555166572431,-29.0255380230743,-46.409926629734,237.042359235248,6.47257168530385,-1.87779134019521,0.943160191053424,0.984657936765223,-5 to -55 dB,16.6397759564856,7.77083333333333,-48.3073333153267,-32.4816414569097,-47.9383374947329,190.865205550061,4.98851913034657,-3.86556486025558,0.963966625214745,0.985317554093135,-5 to -55 dB,15.3724901314907,11.1458333333333,-51.5491967784635,-36.894089730581,-50.80699155421,133.523360855623,6.12834433455136,-1.32883552367459,1.11650856019492,0.981709640109159,-5 to -55 dB,13.0612976918341,13.0416666666667,-58.9607421687767,-43.9320540956233,-Inf,0,0.187418382656807,-14.1012890194798,1.44355653473993,0.999110274791368,-5 to -55 dB,0,13.0416666666667
25,83,full,1,1,1,1,2.9,-46.6555166572431,-29.0255380230743,-46.4013245306161,242.100600541464,6.47257168530385,-1.87779134019521,0.943160191053424,0.984657936765223,-5 to -55 dB,16.5915943625932,7.77083333333333,-48.3619561963446,-32.5061085437123,-47.9787038482819,194.383369147381,4.92953464963684,-3.88749361634116,0.964434563078515,0.985319823750128,-5 to -55 dB,15.2788855560512,11.25,-51.6356552555875,-36.9715014712946,-50.842498214311,136.447133381946,6.14487456558233,-1.36189420625163,1.11655177843989,0.981727454684028,-5 to -55 dB,13.0322372624108,13.1875,-59.1362574262751,-44.0481833768437,-Inf,0,0.336549839323734,-14.1017171581604,1.44494723677324,0.998781710578154,-5 to -55 dB,0,13.1875
25,84,full,1,1,1,1,2.95,-46.6555166572431,-29.0255380230743,-46.4444837023882,247.423940625592,6.47257168530385,-1.87779134019521,0.943160191053424,0.984657936765223,-5 to -55 dB,17.2542068916866,7.77083333333333,-48.3990118434611,-32.5197754682569,-48.077976153824,199.860024937016,4.89511641076505,-4.01593434012612,0.964571903329029,0.985325897229336,-5 to -55 dB,15.9142774307332,11.375,-51.7715419328602,-37.1103000669564,-51.1123928841836,139.778501278769,6.08316729674915,-1.30369622600231,1.11706863393614,0.981762672045276,-5 to -55 dB,13.6122437077266,13.3333333333333,-59.4286658967646,-44.175569356094,-Inf,0,-0.45621418556999,-14.0366138827923,1.46575350984694,0.99871589619043,-5 to -55 dB,0,13.3333333333333
25,85,full,1,1,1,1,3,-46.6555166572431,-29.0255380230743,-46.4076320050331,249.420193026908,6.47257168530385,-1.87779134019521,0.943160191053424,0.984657936765223,-5 to -55 dB,17.1256135160592,7.77083333333333,-48.459179735441,-32.5719378146294,-48.0889598549189,200.674063756347,4.82286371604039,-4.08701506375802,0.96557037368904,0.985355290487944,-5 to -55 dB,15.7337473938629,11.4791666666667,-51.8372375667285,-37.1523539260605,-51.144129523457,140.416027767144,6.12915834897791,-1.32679293377172,1.11690469482511,0.981767522031739,-5 to -55 dB,13.535379319995,13.4791666666667,-59.5202669956077,-44.1867408319407,-Inf,0,-0.595032495012543,-14.1516755231926,1.43961622696077,0.999472227125558,-5 to -55 dB,0,13.4791666666667
25,86,full,1,1,1,1,3.05,-46.6555166572431,-29.0255380230743,-46.4687109841196,252.49511169852,6.47257168530385,-1.87779134019521,0.943160191053424,0.984657936765223,-5 to -55 dB,17.1966330340303,7.77083333333333,-48.4836672650909,-32.6405296888463,-48.2050016439058,201.335859734541,4.81227706049047,-4.10011358799904,0.965998177745597,0.985367830219593,-5 to -55 dB,15.7911859243747,11.5833333333333,-51.9147220551339,-37.2652919771145,-51.2693499907589,142.534713396831,6.13346098305005,-1.38227226882826,1.11689621821584,0.981779807985208,-5 to -55 dB,13.6027442437595,13.625,-59.611913589773,-44.3017259074132,-Inf,0,-0.59959235263886,-14.307115435172,1.4507059492111,0.99887781501493,-5 to -55 dB,0,13.625
25,87,full,1,1,1,1,3.1,-46.6555166572431,-29.0255380230743,-46.463030396516,256.141985615081,6.47257168530385,-1.87779134019521,0.943160191053424,0.984657936765223,-5 to -55 dB,17.2921964857651,7.77083333333333,-48.5517074241131,-32.6428771030536,-48.250260417736,203.793866021405,4.80524995982339,-4.38245444053686,0.967416168329339,0.985401979408743,-5 to -55 dB,15.8268705575369,11.6875,-51.9815314017701,-37.3832849055358,-51.3073803629703,143.919850994906,6.17048697229205,-1.371953205091,1.11654090581643,0.981778515926434,-5 to -55 dB,13.732297513588,13.7708333333333,-59.6568750213167,-44.3979051409193,-Inf,0,-0.714089348384297,-14.4397318915038,1.46436101211508,0.999268621130083,-5 to -55 dB,0,13.7708333333333
25,88,full,1,1,1,1,3.15,-46.6555166572431,-29.0255380230743,-46.4828226770096,262.57743128776,6.47257168530385,-1.87779134019521,0.943160191053424,0.984657936765223,-5 to -55 dB,17.9205942405486,7.77083333333333,-48.5803769588851,-32.6822537210574,-48.3168930150099,208.401272415279,4.79399963032284,-4.36750904833761,0.967668303335095,0.985404160949559,-5 to -55 dB,16.4425517076796,11.7916666666667,-52.1103842123651,-37.5051852378649,-51.4756275232959,147.927051388227,6.12223454698327,-1.38320250674179,1.1170754081354,0.981812308855197,-5 to -55 dB,14.3143716155737,13.9166666666667,-59.8960082468696,-44.5342428833797,-Inf,0,-1.07299028282542,-14.4509813767043,1.4759511018309,0.999253366215818,-5 to -55 dB,0,13.9166666666667
25,89,full,1,1,1,1,3.2,-46.6555166572431,-29.0255380230743,-46.4696117635158,261.690824964391,6.47257168530385,-1.87779134019521,0.943160191053424,0.984657936765223,-5 to -55 dB,17.7672373777146,7.77083333333333,-48.6406411182806,-32.7037878832441,-48.3458962491915,207.652007944351,4.7819737345501,-4.48514387037178,0.968299004750278,0.985432550016359,-5 to -55 dB,16.2331495688446,11.9166666666667,-52.2885966547525,-37.6270463440099,-51.5623339681596,145.899339133214,5.99095879135023,-1.22071692499281,1.11864605076322,0.981917595921794,-5 to -55 dB,14.0526976583149,14.0625,-60.0685906347361,-44.5536379229876,-Inf,0,-1.34794798224012,-14.5420080810094,1.4740697277705,0.999224955240912,-5 to -55 dB,0,14.0625
25,90,full,1,1,1,1,3.25,-46.6555166572431,-29.0255380230743,-46.4701787785118,263.594807214014,6.47257168530385,-1.87779134019521,0.943160191053424,0.984657936765223,-5 to -55 dB,17.8010907753526,7.77083333333333,-48.6972947529562,-32.7465124321834,-48.4016473669333,209.816189465304,4.73414019709014,-4.52420796506378,0.968659729087499,0.98544151672696,-5 to -55 dB,16.2167421998451,12.0208333333333,-52.3523639708095,-37.6886984884867,-51.6450646772897,146.235235690538,6.03923534261767,-1.25748749365905,1.11812282374217,0.981895575390823,-5 to -55 dB,14.1234875999502,14.2083333333333,-60.1437987685612,-44.6540624166934,-Inf,0,-1.22998686070106,-14.7058317594532,1.46533227365036,0.999445485869255,-5 to -55 dB,0,14.2083333333333
25,91,full,1,1,1,1,3.3,-46.6555166572431,-29.0255380230743,-46.4563552581223,266.853674904299,6.47257168530385,-1.87779134019521,0.943160191053424,0.984657936765223,-5 to -55 dB,18.027981190417,7.77083333333333,-48.6951329291459,-32.7540122040332,-48.36847412569,211.936222282738,4.75818864976772,-4.65625192960513,0.968604905035654,0.9854448042073,-5 to -55 dB,16.4645294235001,12.125,-52.3688013608472,-37.7511694230579,-51.7241500521301,148.124675451522,6.14988789303964,-1.38233177618301,1.11700638703587,0.981840115248291,-5 to -55 dB,14.4273880959717,14.3541666666667,-60.2943814999468,-44.7043503781797,-Inf,0,-1.66583706411402,-14.765505354122,1.47137666134703,0.998990734632244,-5 to -55 dB,0,14.3541666666667
25,92,full,1,1,1,1,3.35,-46.6555166572431,-29.0255380230743,-46.5312706774469,267.754496083401,6.47257168530385,-1.87779134019521,0.943160191053424,0.984657936765223,-5 to -55 dB,18.6475612594727,7.77083333333333,-48.7317229023129,-32.7994048004006,-48.5192606372929,212.709740536917,4.73910514295915,-4.74853325790935,0.969595585771937,0.985464601758478,-5 to -55 dB,17.0576563362179,12.25,-52.4827174365785,-37.8887497389206,-51.8703168757443,146.961501324278,6.13388390624219,-1.34638082678926,1.11735714334351,0.981864762010076,-5 to -55 dB,15.0316623200954,14.5,-60.4227983750245,-44.8945139944688,-Inf,0,-1.81281790467711,-14.919868233761,1.50966375026511,0.998560507968363,-5 to -55 dB,0,14.5
25,93,full,1,1,1,1,3.4,-46.6555166572431,-29.0255380230743,-46.5088578403854,268.546600703399,6.47257168530385,-1.87779134019521,0.943160191053424,0.984657936765223,-5 to -55 dB,18.4815256932172,7.77083333333333,-48.7089034828966,-32.7649381707658,-48.4651511064162,213.994356035397,4.78217702174127,-4.84221132913526,0.968613490671742,0.985444964640331,-5 to -55 dB,16.936107076876,12.3541666666667,-52.5326679197762,-37.9443718636614,-51.88530610092,147.707934908425,6.197798464647,-1.37939863857629,1.11696490762678,0.98185708919981,-5 to -55 dB,14.9295108555771,14.6458333333333,-60.3995655661909,-44.8923775338951,-Inf,0,-1.93431247323649,-15.1178132281899,1.51042837622336,0.998951110952785,-5 to -55 dB,0,14.6458333333333
25,94,full,1,1,1,1,3.45,-46.6555166572431,-29.0255380230743,-46.5105805370522,273.73628840598,6.47257168530385,-1.87779134019521,0.943160191053424,0.984657936765223,-5 to -55 dB,18.6423159868442,7.77083333333333,-48.7341136728228,-32.8057203846218,-48.4839677186665,217.23966074972,4.77053324187433,-4.9317887173977,0.969020010016058,0.985450807676149,-5 to -55 dB,17.0762885060787,12.4791666666667,-52.713475605749,-38.1071798882932,-52.1556205041058,150.183047999188,6.10483271372589,-1.2527963101786,1.11817880854454,0.98193645589264,-5 to -55 dB,14.9789731738098,14.7916666666667,-60.4821036056103,-44.9795977514292,-Inf,0,-1.90036070695391,-15.1622253618126,1.50799690944652,0.99894517981104,-5 to -55 dB,0,14.7916666666667
25,95,full,1,1,1,1,3.5,-46.6555166572431,-29.0255380230743,-46.5223881033151,272.929192031019,6.47257168530385,-1.87779134019521,0.943160191053424,0.984657936765223,-5 to -55 dB,18.2410544622593,7.77083333333333,-48.7577657487288,-32.8220984695108,-48.5393953772227,216.841194478204,4.74275876536812,-4.98976843332144,0.969735756623479,0.985462737633699,-5 to -55 dB,16.6639563551138,12.5833333333333,-52.7593940883369,-38.1724979283205,-52.1722811989005,148.820835022806,6.17528242789852,-1.31607743237577,1.11782371832172,0.981926809027811,-5 to -55 dB,14.6341657320313,14.9375,-60.5411603757837,-44.9843293602578,-Inf,0,-1.69055247316315,-15.3478726278558,1.47173858705575,0.999547415804702,-5 to -55 dB,0,14.9375
25,96,full,1,1,1,1,3.55,-46.6555166572431,-29.0255380230743,-46.544070705056,274.782778918986,6.47257168530385,-1.87779134019521,0.943160191053424,0.984657936765223,-5 to -55 dB,18.4273187650203,7.77083333333333,-48.7762777285803,-32.7991425225627,-48.5955081553375,218.200553894992,4.73022119709201,-5.07437363230434,0.969995997137397,0.985466438187068,-5 to -55 dB,16.8378029687134,12.7083333333333,-52.9065111931566,-38.2843736234782,-52.3224781568287,149.058454675845,6.09669603390416,-1.23319193858377,1.11892087481566,0.982006250299171,-5 to -55 dB,14.7453783137879,15.0833333333333,-60.6225392596903,-44.9002677198564,-Inf,0,-1.64878585886057,-15.421401235978,1.4782693680674,0.998565573811993,-5 to -55 dB,0,15.0833333333333
25,97,full,1,1,1,1,3.6,-46.6555166572431,-29.0255380230743,-46.5237257368027,276.846767471514,6.47257168530385,-1.87779134019521,0.943160191053424,0.984657936765223,-5 to -55 dB,18.9547047813777,7.77083333333333,-48.8437230105352,-32.8604273185941,-48.6222077158722,219.145655644078,4.66324489722039,-5.1366585461915,0.97104594775804,0.985491797230053,-5 to -55 dB,17.3025941700276,12.8125,-52.895387574279,-38.3306543684016,-52.4002094752273,150.269185722653,6.25520243968285,-1.37215891007548,1.11718343576426,0.981898773499679,-5 to -55 dB,15.3997164977225,15.2291666666667,-60.8786575510721,-45.1425040347876,-Inf,0,-1.77395416939298,-15.2776117380943,1.50949896963304,0.998916416150633,-5 to -55 dB,0,15.2291666666667
25,98,full,1,1,1,1,3.65,-46.6555166572431,-29.0255380230743,-46.513494359094,274.930063103213,6.47257168530385,-1.87779134019521,0.943160191053424,0.984657936765223,-5 to -55 dB,19.3039168701133,7.77083333333333,-48.8445601269321,-32.858788522135,-48.6148337721358,216.616959379583,4.72780898264677,-5.14729019819675,0.970883294116747,0.985504401400534,-5 to -55 dB,17.6731470533442,12.9375,-53.0260245491716,-38.4480820735749,-52.4797192118202,145.689972222239,6.20801889284999,-1.30281227010218,1.11790107440838,0.981951662555165,-5 to -55 dB,15.6760980737535,15.375,-60.9686654638056,-45.149001024175,-Inf,0,-1.87646655393042,-15.3231649191822,1.50916077560463,0.997681768515787,-5 to -55 dB,0,15.375
25,99,full,1,1,1,1,3.7,-46.6555166572431,-29.0255380230743,-46.5110024744273,278.051728843469,6.47257168530385,-1.87779134019521,0.943160191053424,0.984657936765223,-5 to -55 dB,19.2074442530223,7.77083333333333,-48.937316312741,-32.9223842659001,-48.7024066427271,217.28288992598,4.61528628889076,-5.15657280696586,0.972816452586375,0.985523499977506,-5 to -55 dB,17.4788947835928,13.0416666666667,-53.0512623240439,-38.5225007151213,-52.5021514282457,148.770045329028,6.31497905160755,-1.3955449166478,1.11696342092551,0.981905302623562,-5 to -55 dB,15.6687015105154,15.5208333333333,-61.0025263658756,-45.1821978114307,-Inf,0,-2.09466128685483,-15.3988192879872,1.49020968072866,0.998946871088236,-5 to -55 dB,0,15.5208333333333
25,100,full,1,1,1,1,3.75,-46.6555166572431,-29.0255380230743,-46.4773625396985,280.311451108382,6.47257168530385,-1.87779134019521,0.943160191053424,0.984657936765223,-5 to -55 dB,18.8646607133597,7.77083333333333,-48.8952197520973,-32.8496571274738,-48.6110441327512,222.198526319939,4.72158514034263,-5.19371767136257,0.971849939241055,0.985511190388821,-5 to -55 dB,17.2053936410444,13.1666666666667,-53.1456301314681,-38.6035906266585,-52.5771262785334,149.361531270637,6.32148479447818,-1.38396259890544,1.11712970669878,0.981917287275773,-5 to -55 dB,15.3216766255428,15.6666666666667,-61.0183243109357,-45.2709880825495,-Inf,0,-1.81638056634702,-15.4816535288506,1.46402671914901,0.999439138211046,-5 to -55 dB,0,15.6666666666667
40,1,full,1,1,1,1,-1.95,-46.0673558903725,-28.9472888863003,-43.2009654238426,39.9536175231934,8.73567976443444,1.50827651374416,1.09804133292762,0.972718378139285,-5 to -55 dB,2.41837959613094,8,-46.5996565164859,-29.4377195976981,-44.2003776423167,37.3925808367169,8.22631841840274,1.09580523775883,1.10171951161134,0.973111393001955,-5 to -55 dB,2.78519482544076,8.64583333333333,-46.4511373350056,-29.2326827464683,-44.1081752750029,37.6818796404683,8.37929415760431,0.775656974520525,1.09994929214495,0.972871765251343,-5 to -55 dB,2.65900739837625,8.64583333333333,-46.2240927885674,-29.3581884478413,-Inf,0,7.50738373283123,0.367883094910309,0.92841481643138,0.978361273675621,-5 to -55 dB,0,8.64583333333333
40,2,full,1,1,1,1,-1.9,-46.0673558903725,-28.9472888863003,-42.9673255043443,42.8835152491894,8.73567976443444,1.50827651374416,1.09804133292762,0.972718378139285,-5 to -55 dB,2.31716876503329,8,-46.5506986207204,-29.3918806634595,-45.0391590608922,36.5307337301387,8.26055932580561,1.11329200862205,1.10133099356067,0.973065710152113,-5 to -55 dB,2.61579686856256,8.58333333333333,-46.4131043122514,-29.1812199627189,-44.952841605395,38.0834837009918,8.39988759311872,0.815733721914243,1.09957399443746,0.97283997777232,-5 to -55 dB,2.5098743686239,8.58333333333333,-46.2710811571203,-29.3956575092356,-Inf,0,7.53127222975191,0.108461412387513,0.946439491090746,0.983837818968868,-5 to -55 dB,0,8.58333333333333
40,3,full,1,1,1,1,-1.85,-46.0673558903725,-28.9472888863003,-43.1348917000024,42.2203151897761,8.73567976443444,1.50827651374416,1.09804133292762,0.972718378139285,-5 to -55 dB,2.5944954489197,8,-46.5399463323502,-29.4128161019522,-44.9851674588077,37.5145518091885,8.26624822039271,1.26564799763135,1.10123210515569,0.973049770676316,-5 to -55 dB,2.90754432676553,8.52083333333333,-46.4004718112933,-29.2106706857138,-44.8590509557664,37.9332358752289,8.40811735868129,0.968934668601076,1.09954425144664,0.972837058088314,-5 to -55 dB,2.79521601159334,8.52083333333333,-46.3633898560668,-29.3120204859389,-Inf,0,7.49742296735654,-0.43000341665159,0.922649664254588,0.982665627086205,-5 to -55 dB,0,8.52083333333333
40,4,full,1,1,1,1,-1.8,-46.0673558903725,-28.9472888863003,-43.1818540872879,40.5304242246361,8.73567976443444,1.50827651374416,1.09804133292762,0.972718378139285,-5 to -55 dB,2.15056731425705,8,-46.5033860279296,-29.3874539994549,-45.1331875982036,35.8829083641871,8.30377312170749,1.26804052261347,1.10088152207931,0.97302475181848,-5 to -55 dB,2.38883588810618,8.45833333333333,-46.3881982289814,-29.192546242751,-45.0420717663534,36.8731283667847,8.41511543026245,1.01854947351265,1.0994307514713,0.972827658204403,-5 to -55 dB,2.31034183185021,8.45833333333333,-46.2223901551396,-29.2064648108613,-Inf,0,7.46428101336516,-0.072386820901153,0.95668906546871,0.98540329961535,-5 to -55 dB,0,8.45833333333333
40,5,full,1,1,1,1,-1.75,-46.0673558903725,-28.9472888863003,-43.101262879849,41.0789198793639,8.73567976443444,1.50827651374416,1.09804133292762,0.972718378139285,-5 to -55 dB,2.67852625174773,8,-46.4407076098289,-29.3305967644539,-45.0250583096136,37.8389154040843,8.36902198552574,1.25088390704496,1.10031206813386,0.972966056073015,-5 to -55 dB,2.90965519410881,8.39583333333333,-46.3293426083904,-29.1621069988361,-44.9221840874277,39.9309783071351,8.48133532623604,0.995290961814972,1.09903133408871,0.972797462393168,-5 to -55 dB,2.82645464524249,8.39583333333333,-46.3231588421517,-29.3447942584804,-Inf,0,7.32053682250371,-0.296551136924811,0.909333002487771,0.986386751112552,-5 to -55 dB,0,8.39583333333333
40,6,full,1,1,1,1,-1.7,-46.0673558903725,-28.9472888863003,-43.1403962269179,42.5551035606753,8.73567976443444,1.50827651374416,1.09804133292762,0.972718378139285,-5 to -55 dB,3.05563888795354,8,-46.4650365557944,-29.2976871215481,-45.1776855142543,38.4601464888027,8.32952811251106,1.44530262251971,1.10047539181074,0.972986564070989,-5 to -55 dB,3.33053653664234,8.35416666666667,-46.3305412072788,-29.0701236115158,-45.0730932134649,39.9101932783214,8.47130154264059,1.12990109249891,1.09910040694414,0.972804144697572,-5 to -55 dB,3.22204553717621,8.35416666666667,-46.3942225149221,-29.1947183719681,-Inf,0,7.09484231567776,-0.612564455319111,0.891746149342017,0.983259253143438,-5 to -55 dB,0,8.35416666666667
40,7,full,1,1,1,1,-1.65,-46.0673558903725,-28.9472888863003,-43.3430700953467,43.2664268653022,8.73567976443444,1.50827651374416,1.09804133292762,0.972718378139285,-5 to -55 dB,2.58357094426751,8,-46.392963248896,-29.2879017522046,-45.2995773999187,41.0890461575796,8.41095962354984,1.39516235776594,1.09981606945036,0.972933276505081,-5 to -55 dB,2.77855674813188,8.29166666666667,-46.1986186445104,-29.079507604357,-45.1515669642113,42.1623088418965,8.62715237329201,0.946355996797225,1.09805141447303,0.972730236628752,-5 to -55 dB,2.6440215713379,8.29166666666667,-46.5739251906582,-29.2746222063988,-Inf,0,6.99627220546337,-0.925976369294485,0.90916972260853,0.987614145022487,-5 to -55 dB,0,8.29166666666667
40,8,full,1,1,1,1,-1.6,-46.0673558903725,-28.9472888863003,-43.410625187083,43.4578817295657,8.73567976443444,1.50827651374416,1.09804133292762,0.972718378139285,-5 to -55 dB,2.593400477761,8,-46.3486796610147,-29.2470533831699,-44.7316097738459,42.5971988246078,8.43801673041268,1.41685688638007,1.09934231539943,0.972864257111001,-5 to -55 dB,2.72443311023046,8.25,-46.1586530957621,-28.954723224232,-44.6217830881666,41.6603042948458,8.66344350095842,0.976531795358132,1.09797922042449,0.97272411071545,-5 to -55 dB,2.62319534167731,8.25,-46.7932066041362,-29.2121360739947,-Inf,0,6.54756552097578,-1.05167843357296,0.902737973603224,0.989379537325857,-5 to -55 dB,0,8.25
40,9,full,1,1,1,1,-1.55,-46.0673558903725,-28.9472888863003,-43.3519565085079,45.6706665277528,8.73567976443444,1.50827651374416,1.09804133292762,0.972718378139285,-5 to -55 dB,2.68408105650546,8,-46.3292186762547,-29.1747610155303,-45.2203307811512,44.8914500077736,8.44946864723398,1.48808480827811,1.0992588218328,0.972858630342692,-5 to -55 dB,2.81399936271323,8.1875,-46.2303268359178,-28.9801132244393,-45.1414782194281,44.1709093624742,8.56104758301644,1.25360022253869,1.09826828625247,0.972746644149666,-5 to -55 dB,2.75748371791337,8.1875,-46.8181060391979,-29.1884041787944,-Inf,0,6.70445251476121,-1.27764004142061,0.91274393070177,0.985239880335611,-5 to -55 dB,0,8.1875
40,10,full,1,1,1,1,-1.5,-46.0673558903725,-28.9472888863003,-43.5214661813198,45.9342858974767,8.73567976443444,1.50827651374416,1.09804133292762,0.972718378139285,-5 to -55 dB,1.78748424942384,8,-46.2737158733736,-29.1475721314374,-44.322619506833,45.410783888637,8.51221947560219,1.47242038769945,1.09871831834801,0.972823044587406,-5 to -55 dB,1.86500721644954,8.14583333333333,-46.2320394727242,-29.0776145815232,-44.2928628188198,44.2267808377238,8.55186608340822,1.37291369753798,1.09833926362075,0.972749656866114,-5 to -55 dB,1.84579715343466,8.14583333333333,-46.8721112500335,-29.1488370827975,-Inf,0,6.66202218213184,-1.86473761069137,0.954176804334825,0.985978426743846,-5 to -55 dB,0,8.14583333333333
40,11,full,1,1,1,1,-1.45,-46.0673558903725,-28.9472888863003,-43.1470985263566,44.438110131856,8.73567976443444,1.50827651374416,1.09804133292762,0.972718378139285,-5 to -55 dB,1.89709897568865,8,-46.2543230128121,-29.1378954061291,-44.8987305243492,42.5264364896432,8.53069727567443,1.53635697099725,1.09862638311329,0.972811054801024,-5 to -55 dB,1.94880062095913,8.10416666666667,-46.1812108922219,-28.9068949108889,-44.8296094754191,41.5636474708858,8.60979761219068,1.36118344690557,1.09809900957242,0.972729364954006,-5 to -55 dB,1.9247654130353,8.10416666666667,-46.8720960514217,-29.0861995153498,-Inf,0,6.59800391272649,-1.67360797863122,0.966326343717234,0.98553716722873,-5 to -55 dB,0,8.10416666666667
40,12,full,1,1,1,1,-1.4,-46.0673558903725,-28.9472888863003,-43.888063325971,42.0171263025184,8.73567976443444,1.50827651374416,1.09804133292762,0.972718378139285,-5 to -55 dB,1.70415592047892,8,-46.226285304425,-29.0656240756337,-45.0692412581076,40.9856699870488,8.55954517190532,1.57973639189732,1.09852446169493,0.972809753292337,-5 to -55 dB,1.77888007471093,8.0625,-46.1054485875719,-28.8786739924187,-44.9743364733752,39.9535261859742,8.69833036910514,1.29074465012125,1.09791783892435,0.97270943652471,-5 to -55 dB,1.71776414054807,8.0625,-46.9027689043639,-29.1361672178058,-Inf,0,6.86472368985495,-2.17226884632309,0.962432838562978,0.980609608266255,-5 to -55 dB,0,8.0625
40,13,full,1,1,1,1,-1.35,-46.0673558903725,-28.9472888863003,-44.7640800739104,46.1095281882442,8.73567976443444,1.50827651374416,1.09804133292762,0.972718378139285,-5 to -55 dB,2.58528605429185,8,-46.1539599332813,-29.0062159753274,-44.478399505993,44.4843918504069,8.63237061041287,1.51452476327989,1.09808261244169,0.972744863853508,-5 to -55 dB,2.62044462212565,8.02083333333333,-45.9572134228841,-28.7578454759522,-44.3575973414586,43.5570218359577,8.87776207661623,1.05337186927105,1.09560225434913,0.972491947068396,-5 to -55 dB,2.5414017313396,8.02083333333333,-46.8374941351623,-29.0246742858823,-Inf,0,6.33720606359897,-1.93091626864638,0.908992466557001,0.98834978025762,-5 to -55 dB,0,8.02083333333333
40,14,full,1,1,1,1,-1.3,-46.0673558903725,-28.9472888863003,-44.5259908386155,44.9781015678395,8.73567976443444,1.50827651374416,1.09804133292762,0.972718378139285,-5 to -55 dB,2.28791679610466,8,-46.0715846639791,-28.955229671848,-44.5427802296356,43.9081740404709,8.73039588711638,1.4174004885084,1.09791053642174,0.972722839708843,-5 to -55 dB,2.28973515117521,8,-45.9375821725443,-28.7562506633955,-44.4251014562575,43.0949123372501,8.89721794635915,1.10426217253423,1.09580473729761,0.972523516880632,-5 to -55 dB,2.23422849486736,8,-46.8430550685355,-28.9934986501303,-Inf,0,6.34008615380387,-2.38802286982208,0.926659662480295,0.98472608756487,-5 to -55 dB,0,8
40,15,full,1,1,1,1,-1.25,-46.0673558903725,-28.9472888863003,-43.3215721560097,45.5302038365788,8.73567976443444,1.50827651374416,1.09804133292762,0.972718378139285,-5 to -55 dB,1.83773965873367,8,-46.1711390562324,-28.9520664514926,-44.4929659649866,44.9821260496798,8.59775992961276,1.75130955176667,1.09818622876474,0.972753325638894,-5 to -55 dB,1.87926990245108,7.95833333333333,-46.0045312542864,-28.6831676139935,-44.3074137419775,42.8742063411565,8.80638713841434,1.34430313117458,1.09768245392226,0.972690503411665,-5 to -55 dB,1.81788318108808,7.95833333333333,-46.6288297897921,-28.7752891371434,-Inf,0,6.42752217223355,-2.20744656442677,0.955922260978906,0.983045306076388,-5 to -55 dB,0,7.95833333333333
40,16,full,1,1,1,1,-1.2,-46.0673558903725,-28.9472888863003,-43.0566703234957,43.4706930271915,8.73567976443444,1.50827651374416,1.09804133292762,0.972718378139285,-5 to -55 dB,1.66991466452969,8,-46.1304435664537,-28.952212755126,-44.1501931440793,43.1721316338311,8.64444131210032,1.71853774945459,1.09808055990983,0.972756375653675,-5 to -55 dB,1.67265904133416,7.9375,-46.0180531180749,-28.768537335441,-44.0434390396637,41.6283118793695,8.78519637449978,1.44285294410962,1.09772715091214,0.972697842684159,-5 to -55 dB,1.66906614752094,7.9375,-46.5813575189225,-28.9178819870904,-Inf,0,6.58582868444044,-2.05597357946754,0.99584322594918,0.979854497901262,-5 to -55 dB,0,7.9375
40,17,full,1,1,1,1,-1.15,-46.0673558903725,-28.9472888863003,-43.2028081853338,44.9373623364082,8.73567976443444,1.50827651374416,1.09804133292762,0.972718378139285,-5 to -55 dB,1.7678477582785,8,-46.0790313760987,-28.9221996881288,-44.0563210173277,45.3009946810212,8.7045081952977,1.70855885544745,1.09796410327158,0.97273704865699,-5 to -55 dB,1.77788695781627,7.89583333333333,-46.019914721954,-28.7402952673947,-44.0824551389535,44.6848242538493,8.77850461786677,1.5554121429809,1.09773703276045,0.972698282874245,-5 to -55 dB,1.75242401754522,7.89583333333333,-46.4325133592359,-29.0105043586862,-Inf,0,6.48157654638603,-2.09662012904444,0.94899071036939,0.983658457513422,-5 to -55 dB,0,7.89583333333333
40,18,full,1,1,1,1,-1.1,-46.0673558903725,-28.9472888863003,-42.9588736493708,46.5496995969462,8.73567976443444,1.50827651374416,1.09804133292762,0.972718378139285,-5 to -55 dB,1.86681830021198,8,-46.0022913336956,-28.8492757474658,-43.8971077823007,45.2285420988137,8.79577550321618,1.62697737169718,1.09627913234632,0.97255119981219,-5 to -55 dB,1.84729864096406,7.875,-45.8999809281173,-28.6400067339676,-43.7336655481422,46.7316817828857,8.92321796845346,1.36051471177034,1.09430403344978,0.972378822667799,-5 to -55 dB,1.81354515071558,7.875,-46.3718317377734,-28.9260026399122,-Inf,0,6.98235577523473,-2.13906267123435,0.949262808131282,0.986469621849793,-5 to -55 dB,0,7.875
40,19,full,1,1,1,1,-1.05,-46.0673558903725,-28.9472888863003,-43.1980744045905,47.0170626286546,8.73567976443444,1.50827651374416,1.09804133292762,0.972718378139285,-5 to -55 dB,1.80613047241333,8,-45.9926318380523,-28.8421569609,-43.9192939807258,46.9399357654962,8.80386954384518,1.66124276375453,1.09605221075462,0.972533735957329,-5 to -55 dB,1.78420871295813,7.85416666666667,-45.8554976782437,-28.6396398092479,-43.7726138068887,47.7130108047626,8.97454840677554,1.31076126445516,1.09261021930042,0.972216543809331,-5 to -55 dB,1.74081481674446,7.85416666666667,-46.1252341136902,-28.834987672347,-Inf,0,7.17340949226551,-1.58464028548787,0.96862951403855,0.984632789427612,-5 to -55 dB,0,7.85416666666667
40,20,full,1,1,1,1,-1,-46.0673558903725,-28.9472888863003,-43.1749635811937,44.6003840742421,8.73567976443444,1.50827651374416,1.09804133292762,0.972718378139285,-5 to -55 dB,1.87658519600414,8,-45.9824666500642,-28.807679764372,-43.5465252617328,42.0431807819305,8.81370353638178,1.71371597210865,1.09609603107941,0.972535643748022,-5 to -55 dB,1.85251977326115,7.83333333333333,-45.8228369410595,-28.5848449433535,-43.4754576741466,41.7769687111267,9.01226173556636,1.30483324245408,1.0925299179701,0.972210865731422,-5 to -55 dB,1.80459703474594,7.83333333333333,-46.0431525225309,-28.8048735510328,-Inf,0,7.29460133803481,-1.81121369955504,0.963029430713793,0.983251233875828,-5 to -55 dB,0,7.83333333333333
40,21,full,1,1,1,1,-0.95,-46.0673558903725,-28.9472888863003,-43.171259316956,43.6346945352289,8.73567976443444,1.50827651374416,1.09804133292762,0.972718378139285,-5 to -55 dB,2.09860355339608,8,-46.0243410589143,-28.8266626558161,-43.2730906119422,43.2081970613943,8.76345351049861,1.82065280853573,1.09714351152098,0.972664790229544,-5 to -55 dB,2.08609845592716,7.8125,-45.8711196307457,-28.5619222816586,-43.1549686350914,41.6682446599116,8.9492725780936,1.42961842550247,1.09370128196003,0.972322563890635,-5 to -55 dB,1.98710424220331,7.8125,-46.0651387819634,-28.9218007032927,-Inf,0,7.32867850752205,-1.90031816248827,0.946932830221917,0.980470509261186,-5 to -55 dB,0,7.8125
40,22,full,1,1,1,1,-0.9,-46.0673558903725,-28.9472888863003,-43.0817798125849,45.0192498012185,8.73567976443444,1.50827651374416,1.09804133292762,0.972718378139285,-5 to -55 dB,1.93735455380775,8,-46.0418637005977,-28.8374440637859,-43.396499595839,44.5376935930961,8.73454693902921,1.90416612859009,1.09763856971303,0.972728604327458,-5 to -55 dB,1.93741875311007,7.79166666666667,-45.945073010169,-28.6808363724153,-43.3376650807543,42.8281966444371,8.85034879915941,1.66140073307866,1.09544754503796,0.972482724059725,-5 to -55 dB,1.88641510834212,7.79166666666667,-46.0229569769829,-28.8254484347687,-Inf,0,7.16717174364251,-1.62364703933585,0.939681203321603,0.984563244727386,-5 to -55 dB,0,7.79166666666667
40,23,full,1,1,1,1,-0.85,-46.0673558903725,-28.9472888863003,-43.0884206578962,43.5322271315652,8.73567976443444,1.50827651374416,1.09804133292762,0.972718378139285,-5 to -55 dB,1.20168770254257,8,-46.0434267678129,-28.8599919421314,-43.7158718441506,43.8274662281015,8.73093226952311,1.9214082061822,1.0973559342285,0.972692167398359,-5 to -55 dB,1.19973624043028,7.79166666666667,-45.8699333448679,-28.5905493768948,-43.6410738594522,39.5888312450583,8.94236420460658,1.84937926470632,1.09417549726853,0.972375129694465,-5 to -55 dB,1.18844180782689,7.79166666666667,-46.0200913433622,-28.8365745768,-Inf,0,7.07975562964245,-1.48350492204433,1.02771742609428,0.975403747343197,-5 to -55 dB,0,7.79166666666667
40,24,full,1,1,1,1,-0.8,-46.0673558903725,-28.9472888863003,-43.0926079964806,40.2970461521454,8.73567976443444,1.50827651374416,1.09804133292762,0.972718378139285,-5 to -55 dB,1.76614677984077,8,-46.0481209096145,-28.8517252449495,-43.4281393184148,41.2399104046052,8.72017612775001,1.96025648118087,1.09792712272292,0.972751481636322,-5 to -55 dB,1.76647698940454,7.77083333333333,-45.9033212750952,-28.658074884677,-43.3694049993391,37.3566547867358,8.8960255048507,2.06734548281403,1.09463685381669,0.972414165763645,-5 to -55 dB,1.74017193326346,7.77083333333333,-46.2629403579689,-28.8476650831288,-Inf,0,6.98913801494814,-1.46518117208895,0.963836064848384,0.984686468808182,-5 to -55 dB,0,7.77083333333333
40,25,full,1,1,1,1,-0.75,-46.0673558903725,-28.9472888863003,-43.3395180598951,40.6097178898354,8.73567976443444,1.50827651374416,1.09804133292762,0.972718378139285,-5 to -55 dB,2.01956237510977,8,-46.0566474278889,-28.8626160775747,-43.7392422180633,41.9468468928678,8.70852883923044,2.00170108517842,1.09795271473364,0.972751818866734,-5 to -55 dB,2.0223164836956,7.77083333333333,-45.9009039598111,-28.6371217339295,-43.6542136823973,39.7851843995576,8.89814723660785,2.21847833277281,1.09456684335029,0.972406160943644,-5 to -55 dB,1.99007224696677,7.77083333333333,-46.6555166572431,-29.0255380230743,-Inf,0,6.47257168530385,-1.87779134019521,0.943160191053424,0.984657936765223,-5 to -55 dB,0,7.77083333333333
40,26,full,1,1,1,1,-0.7,-46.0673558903725,-28.9472888863003,-43.5903928739677,43.5949440337264,8.73567976443444,1.50827651374416,1.09804133292762,0.972718378139285,-5 to -55 dB,1.91942355090744,8,-46.0517813250257,-28.8601795724452,-44.1967632510349,44.9741346049973,8.71408656849414,2.00084859211353,1.09783399093958,0.972740839377538,-5 to -55 dB,1.91115241856797,7.77083333333333,-45.9886032836125,-28.7724004542349,-44.1770965527332,42.9713297321756,8.78803012517264,2.11387741799766,1.09709359923728,0.972631067825053,-5 to -55 dB,1.92975317966516,7.77083333333333,-47.1045155685638,-31.032943332383,-Inf,0,5.74039455177005,-1.96100381177933,0.972697019223046,0.988100345066493,-5 to -55 dB,0,7.77083333333333
40,27,full,1,1,1,1,-0.65,-46.0673558903725,-28.9472888863003,-43.592546044328,40.3494007122409,8.73567976443444,1.50827651374416,1.09804133292762,0.972718378139285,-5 to -55 dB,1.97710812955693,8,-46.0600535888474,-28.8704450630006,-44.3694520214136,41.7851918798328,8.70349725180131,2.02619129150868,1.09781831219037,0.972744089441162,-5 to -55 dB,1.97005327564876,7.77083333333333,-46.0552487543805,-28.8485762149142,-44.3661177817905,40.6196215671252,8.7041948853218,2.07008808726079,1.09783545490772,0.972709866238733,-5 to -55 dB,1.97044623397539,7.77083333333333,-47.0548683333744,-29.259609340957,-Inf,0,5.53445029768267,-1.93340623011537,0.96960789437445,0.983335643205871,-5 to -55 dB,0,7.77083333333333
40,28,full,1,1,1,1,-0.6,-46.0673558903725,-28.9472888863003,-43.4836171471178,41.2354005487505,8.73567976443444,1.50827651374416,1.09804133292762,0.972718378139285,-5 to -55 dB,1.75614065472147,8,-46.0477328773186,-28.8456037002894,-44.2694133530136,42.885979641092,8.71917545270836,1.99039025623614,1.09792434859002,0.972744162512288,-5 to -55 dB,1.75178974884632,7.77083333333333,-46.044340071434,-28.8226122650662,-44.2721549765427,42.0542270877503,8.71809609955283,2.00743017044146,1.09783721967081,0.97271066092008,-5 to -55 dB,1.75167857076081,7.77083333333333,-46.9628225980247,-29.2365354997164,-Inf,0,5.44202069796151,-2.51590708804813,0.954934820764532,0.985751079815796,-5 to -55 dB,0,7.77083333333333
40,29,full,1,1,1,1,-0.55,-46.0673558903725,-28.9472888863003,-43.5887179636889,43.6944205552551,8.73567976443444,1.50827651374416,1.09804133292762,0.972718378139285,-5 to -55 dB,1.85999921178833,8,-46.0592246785944,-28.8650822323125,-44.3016431836448,45.5994307754749,8.70528809253084,2.00836774064996,1.0979705460078,0.972758455726261,-5 to -55 dB,1.85132935915479,7.77083333333333,-46.0562030885217,-28.8528032219155,-44.3063973335737,46.0930474260864,8.70374204188636,1.99057727436785,1.0979004442197,0.972715758357772,-5 to -55 dB,1.85163471022894,7.77083333333333,-47.0848876275863,-29.4092519554927,-Inf,0,5.43542009447104,-2.19967961290307,0.975737833989945,0.983642558543494,-5 to -55 dB,0,7.77083333333333
40,30,full,1,1,1,1,-0.5,-46.0673558903725,-28.9472888863003,-43.9352816239547,41.5116344210179,8.73567976443444,1.50827651374416,1.09804133292762,0.972718378139285,-5 to -55 dB,1.72325288900755,8,-46.0226648153083,-28.8328791712043,-44.7174250843046,42.4608954709654,8.7521363222178,1.89512147260299,1.09787831068044,0.972736463196411,-5 to -55 dB,1.7224019350897,7.77083333333333,-46.0281231021912,-28.8238562457478,-44.6994853506988,42.5947897810227,8.73994686906053,1.90588138275332,1.09784973734245,0.972712561180393,-5 to -55 dB,1.72082998598996,7.77083333333333,-47.1163605437242,-29.2702670433713,-Inf,0,5.13035129221784,-3.31743847336493,0.974673504096146,0.984766639671696,-5 to -55 dB,0,7.77083333333333
40,31,full,1,1,1,1,-0.45,-46.0673558903725,-28.9472888863003,-43.7968616930099,41.3581196282788,8.73567976443444,1.50827651374416,1.09804133292762,0.972718378139285,-5 to -55 dB,1.87116085874098,8,-46.0516090770303,-28.8416084468783,-44.923390424177,43.1335752659401,8.72065608173623,1.9423567859895,1.09794469691954,0.972758024293856,-5 to -55 dB,1.86129434446108,7.79166666666667,-46.0460365767105,-28.8285190609682,-44.907307369309,43.2035883184564,8.72230759774484,1.9081082219342,1.09783492023237,0.972709686723079,-5 to -55 dB,1.86349536103142,7.79166666666667,-47.1624049065853,-31.066249255296,-Inf,0,5.32154899485891,-3.33030915661805,0.989326882505916,0.986110217395262,-5 to -55 dB,0,7.79166666666667
40,32,full,1,1,1,1,-0.4,-46.0673558903725,-28.9472888863003,-43.8400473313987,39.7294394696467,8.73567976443444,1.50827651374416,1.09804133292762,0.972718378139285,-5 to -55 dB,1.28575788076088,8,-46.0318125335377,-28.8234945850565,-44.7289626634381,42.6195524805249,8.74715751294817,1.87857844735641,1.09788129928001,0.972746988367844,-5 to -55 dB,1.28584196961486,7.79166666666667,-46.0323422004141,-28.8132050123038,-44.7065482162093,42.0820065096578,8.74114767599288,1.87777227830015,1.09781736257431,0.972709593866159,-5 to -55 dB,1.28507231919823,7.79166666666667,-47.234874075978,-29.3848129066955,-Inf,0,5.31639780761628,-3.34058691919393,1.04193463302831,0.973916010042331,-5 to -55 dB,0,7.79166666666667
40,33,full,1,1,1,1,-0.35,-46.0673558903725,-28.9472888863003,-43.6551029591321,41.6413060875279,8.73567976443444,1.50827651374416,1.09804133292762,0.972718378139285,-5 to -55 dB,1.34634514940153,8,-46.023847752479,-28.8138028194478,-45.033002357752,41.8454663266771,8.76407160366803,1.81940940084715,1.09785667133868,0.972744077680903,-5 to -55 dB,1.35339790323941,7.8125,-46.0373796412222,-28.8214372360421,-45.0084093851068,41.8241073996692,8.74175866251596,1.83523327905458,1.09779203098629,0.972706077021392,-5 to -55 dB,1.34515415847311,7.8125,-47.0008925925064,-29.1447226703639,-Inf,0,5.95943850659576,-2.73687340738665,1.03277896789218,0.979202048896331,-5 to -55 dB,0,7.8125
40,34,full,1,1,1,1,-0.3,-46.0673558903725,-28.9472888863003,-43.929370238701,41.6037470163159,8.73567976443444,1.50827651374416,1.09804133292762,0.972718378139285,-5 to -55 dB,1.37659159497835,8,-45.981828926298,-28.7991450211864,-45.6206676839597,41.1990844476054,8.81450031225418,1.71213217455648,1.09754921439807,0.972709994103562,-5 to -55 dB,1.37929702384929,7.83333333333333,-45.9749776437129,-28.7812561605172,-45.592761931203,40.5891774646528,8.82306855750847,1.68453965280069,1.09756830535868,0.972694497947457,-5 to -55 dB,1.38009925371786,7.83333333333333,-46.9577857423135,-29.1713181838958,-Inf,0,6.31049455090869,-1.86058535309475,0.990847689274464,0.982957507491587,-5 to -55 dB,0,7.83333333333333
40,35,full,1,1,1,1,-0.25,-46.0673558903725,-28.9472888863003,-43.9765900056864,38.9413387167691,8.73567976443444,1.50827651374416,1.09804133292762,0.972718378139285,-5 to -55 dB,1.21658188177321,8,-45.9517204550732,-28.8053567814436,-45.4899595237505,38.3429534644215,8.85492411207046,1.56104475004519,1.09721426638147,0.972698484216473,-5 to -55 dB,1.22008571907343,7.85416666666667,-45.938608372282,-28.785655870358,-45.45896298831,37.5717298547038,8.8712707299341,1.49382679946076,1.09709831050035,0.972675474585298,-5 to -55 dB,1.22147889849217,7.85416666666667,-46.5328122122073,-29.0537641454985,-Inf,0,7.01897326224007,-0.955698727354267,1.01116146779229,0.981515009560781,-5 to -55 dB,0,7.85416666666667
40,36,full,1,1,1,1,-0.2,-46.0673558903725,-28.9472888863003,-43.4316001684479,35.896612358309,8.73567976443444,1.50827651374416,1.09804133292762,0.972718378139285,-5 to -55 dB,1.48827223655795,8,-46.0203754484655,-28.8335161404226,-45.3347711980357,35.2066660969695,8.7731731287729,1.67149900667671,1.09718783164467,0.972654236399585,-5 to -55 dB,1.48910769161681,7.875,-46.0166039941341,-28.8287782813831,-45.3312358548068,35.3335672293814,8.77789619202667,1.63228847765765,1.09731013118143,0.972654126841951,-5 to -55 dB,1.48920527455268,7.875,-46.2652652829083,-28.9301515158191,-Inf,0,7.66837955163633,0.0770639027437842,1.01744831114569,0.985280219489,-5 to -55 dB,0,7.875
40,37,full,1,1,1,1,-0.15,-46.0673558903725,-28.9472888863003,-42.9356990977885,35.2694829392241,8.73567976443444,1.50827651374416,1.09804133292762,0.972718378139285,-5 to -55 dB,1.12558154807849,8,-46.078985123032,-28.8904957098617,-44.9042278578379,34.3897211816148,8.70456618520924,1.70844405502944,1.09799409678821,0.97274193807361,-5 to -55 dB,1.14281346007103,7.89583333333333,-46.0493015087897,-28.8569101002513,-44.8850829991674,33.558327890527,8.74175568116057,1.68834217080252,1.09787026606641,0.972707184289051,-5 to -55 dB,1.12230025293198,7.89583333333333,-45.5567600280073,-28.4793276532638,-Inf,0,8.42995476482801,1.56664458363208,1.02204054782035,0.981093637676946,-5 to -55 dB,0,7.89583333333333
40,38,full,1,1,1,1,-0.1,-46.0673558903725,-28.9472888863003,-43.62820345443,34.3558284113526,8.73567976443444,1.50827651374416,1.09804133292762,0.972718378139285,-5 to -55 dB,0.669041170153683,8,-46.1305766528556,-28.9190181871197,-45.0508645784954,34.4658988547304,8.64427409430117,1.7188685346404,1.09815218515778,0.972764761206046,-5 to -55 dB,0.728025661159786,7.9375,-46.1143768347306,-28.903231298198,-45.0465506453617,34.0975037752334,8.66462292690811,1.68557693518299,1.09804021743964,0.972721608620201,-5 to -55 dB,0.71486246997721,7.9375,-45.3824317732544,-28.4616946449513,-Inf,0,9.05965027364847,1.98969553863428,1.07431260358165,0.973098290379852,-5 to -55 dB,0,7.9375
40,39,full,1,1,1,1,-0.05,-46.0673558903725,-28.9472888863003,-43.5083568609536,27.6242680279743,8.73567976443444,1.50827651374416,1.09804133292762,0.972718378139285,-5 to -55 dB,1.29523341348931,8,-46.1657362540518,-28.9382582663669,-44.2128181566268,27.4925881922623,8.60455723161876,1.73783298357673,1.0982203309667,0.972762839785685,-5 to -55 dB,1.39116364883681,7.95833333333333,-46.1339074794352,-28.9049607401156,-44.2067743103583,27.3724605821721,8.64455920804813,1.68591546646849,1.09806651669452,0.972718905651342,-5 to -55 dB,1.36164434438203,7.95833333333333,-45.128424921096,-28.2593958019364,-Inf,0,9.42613470825459,2.15277278087345,1.05201444400872,0.975099996582624,-5 to -55 dB,0,7.95833333333333
40,40,full,1,1,1,1,0,-46.0673558903725,-28.9472888863003,-Inf,-0.115347283891013,8.73567976443444,1.50827651374416,1.09804133292762,0.972718378139285,-5 to -55 dB,0,8,-45.9973346396662,-28.8841622948128,-67.5809960251268,4.3256093900631,8.82298665427458,1.24230017113864,1.09786981943518,0.972705706293586,-5 to -55 dB,0.077036155332382,8,-45.962705942156,-28.8506587439112,-66.7364169803441,5.67174392405193,8.86603648551579,1.19155555044522,1.09727848144534,0.972674646117041,-5 to -55 dB,0.11510980949673,8,-46.0673558903725,-28.9472888863003,-Inf,0,8.73567976443444,1.50827651374416,1.09804133292762,0.972718378139285,-5 to -55 dB,0,8
40,41,full,1,1,1,1,0.05,-46.0673558903725,-28.9472888863003,-44.7610734405234,25.6974947663761,8.73567976443444,1.50827651374416,1.09804133292762,0.972718378139285,-5 to -55 dB,1.05193787618531,8,-46.1802397401823,-28.9847506819187,-46.2448961753275,25.5954749917378,8.59938180014785,1.57832466725111,1.09813764761673,0.972744249112269,-5 to -55 dB,0.948199263373903,8.02083333333333,-46.1556971923228,-28.9548237433682,-46.2378779561802,26.0457310119646,8.63018913921354,1.52878917313786,1.09802565909826,0.972716293371551,-5 to -55 dB,0.971297052148279,8.02083333333333,-46.6189285436852,-29.6383084480836,-Inf,0,8.25892177253554,0.806926150634619,1.12207559076676,0.974565614376463,-5 to -55 dB,0,8.02083333333333
40,42,full,1,1,1,1,0.1,-46.0673558903725,-28.9472888863003,-44.2212030907787,40.6991120917699,8.73567976443444,1.50827651374416,1.09804133292762,0.972718378139285,-5 to -55 dB,1.52398144761437,8,-46.2280786115056,-29.0291283210688,-46.0173214190182,39.7691144801516,8.55728940342219,1.5841110498003,1.09860046946055,0.972810566719238,-5 to -55 dB,1.37758655969233,8.0625,-46.2122767956123,-29.002138801509,-46.0273579311909,40.370544666742,8.56444343279766,1.54348944061447,1.09830357380305,0.972739488537502,-5 to -55 dB,1.39228654787819,8.0625,-47.0929219115471,-30.1244190494027,-Inf,0,7.69986899037575,0.207043919504775,1.11808095717353,0.980294555151356,-5 to -55 dB,0,8.0625
40,43,full,1,1,1,1,0.15,-46.0673558903725,-28.9472888863003,-43.9914520722862,45.7585153898738,8.73567976443444,1.50827651374416,1.09804133292762,0.972718378139285,-5 to -55 dB,3.59375979777068,8,-46.2552345763567,-29.1191078503411,-45.6518467990734,44.4239093963306,8.52955015656658,1.53856730727267,1.09864522720531,0.972811570658308,-5 to -55 dB,3.42256686266099,8.10416666666667,-46.2471594835068,-29.1045457753556,-45.6518649716861,45.0105891169546,8.52697652520856,1.51696902662715,1.09849282799514,0.972756474065104,-5 to -55 dB,3.43032902139866,8.10416666666667,-47.6166177898682,-30.6309088381136,-Inf,0,7.10898622019825,-0.543992993559318,1.27897644717842,0.965046601912372,-5 to -55 dB,0,8.10416666666667
40,44,full,1,1,1,1,0.2,-46.0673558903725,-28.9472888863003,-44.596534705651,49.0956829920567,8.73567976443444,1.50827651374416,1.09804133292762,0.972718378139285,-5 to -55 dB,3.34688877057828,8,-46.273626103525,-29.1213741801208,-46.5108089481442,48.1191565773431,8.51233242751247,1.4722046204044,1.09878276858349,0.972834539953878,-5 to -55 dB,3.15740293444985,8.14583333333333,-46.2615616485171,-29.1081989044743,-46.5115883189869,48.0976836850471,8.51476582585909,1.442235963173,1.09858511690521,0.972764926878024,-5 to -55 dB,3.16956206365844,8.14583333333333,-48.0477514031787,-30.8938097783615,-Inf,0,7.11296893029041,-1.26178709172726,1.20607721043593,0.975518832335163,-5 to -55 dB,0,8.14583333333333
40,45,full,1,1,1,1,0.25,-46.0673558903725,-28.9472888863003,-44.0839749714307,49.1454574689439,8.73567976443444,1.50827651374416,1.09804133292762,0.972718378139285,-5 to -55 dB,2.91263868577212,8,-46.335431525664,-29.1384629739249,-45.8611368366275,47.7291591446462,8.44163449756838,1.5030646022612,1.09936583341073,0.97287170629068,-5 to -55 dB,2.66231419621799,8.1875,-46.3216267582047,-29.1308271554211,-45.8689476864405,47.4237775726737,8.44626564984827,1.47358454922423,1.09916174796483,0.972809143979293,-5 to -55 dB,2.6764169615505,8.1875,-47.8735033009655,-30.9711121105729,-Inf,0,7.12317190200417,-0.484844678530937,1.18871941497955,0.97659634865075,-5 to -55 dB,0,8.1875
40,46,full,1,1,1,1,0.3,-46.0673558903725,-28.9472888863003,-44.3108707673297,52.2975103036029,8.73567976443444,1.50827651374416,1.09804133292762,0.972718378139285,-5 to -55 dB,4.23071128523261,8,-46.3616826567565,-29.2307411263626,-45.6785103588296,48.5651881566847,8.42162368727991,1.4479434151573,1.09944716011528,0.97287722728025,-5 to -55 dB,3.96622526521339,8.25,-46.3553978816551,-29.2167941433073,-45.6858249312981,48.2583141095505,8.41674473559905,1.43453260096665,1.09926231676417,0.972816165220507,-5 to -55 dB,3.97243649895409,8.25,-48.2114890734133,-33.0123715470171,-Inf,0,6.72699991157196,-0.279480597486781,1.26839331472933,0.971084614033523,-5 to -55 dB,0,8.25
40,47,full,1,1,1,1,0.35,-46.0673558903725,-28.9472888863003,-44.405935887874,55.9921037103459,8.73567976443444,1.50827651374416,1.09804133292762,0.972718378139285,-5 to -55 dB,4.75506325255231,8,-46.3988866813772,-29.251721954005,-46.5149426763893,51.5385325634697,8.40348903634317,1.40926657297521,1.09985032769245,0.972925749075354,-5 to -55 dB,4.45315130429152,8.29166666666667,-46.3974257749948,-29.2500838060185,-46.5272316825798,51.3603193799741,8.37766608462348,1.40840951282423,1.09977703602758,0.972860257262548,-5 to -55 dB,4.45432225746035,8.29166666666667,-48.6251380530231,-33.2561726614979,-Inf,0,6.69346911851393,-0.44612427724198,1.28255281320221,0.97831744986726,-5 to -55 dB,0,8.29166666666667
40,48,full,1,1,1,1,0.4,-46.0673558903725,-28.9472888863003,-44.5559287835903,55.7997296736137,8.73567976443444,1.50827651374416,1.09804133292762,0.972718378139285,-5 to -55 dB,5.76774908696557,8,-46.4679566386683,-29.2956607741158,-46.5793470452599,52.412696075209,8.32583533522637,1.45229909095939,1.1006345489905,0.973004283471296,-5 to -55 dB,5.39975556188173,8.35416666666667,-46.4584986873669,-29.2842623171158,-46.5875222741769,51.6967221387034,8.31005359742445,1.43111251003467,1.10048211265862,0.972915992934511,-5 to -55 dB,5.4093056187725,8.35416666666667,-49.3599252318923,-33.4534199243125,-Inf,0,6.11563174600318,-0.61695553013677,1.3236564935218,0.975951890167171,-5 to -55 dB,0,8.35416666666667
40,49,full,1,1,1,1,0.45,-46.0673558903725,-28.9472888863003,-44.6639046096944,74.4398844766942,8.73567976443444,1.50827651374416,1.09804133292762,0.972718378139285,-5 to -55 dB,5.00557505477338,8,-46.4422564427883,-29.3172978185622,-44.7006359906173,69.8616745522351,8.36706934827563,1.25449942243095,1.10048689876168,0.972973464906339,-5 to -55 dB,4.67148319296134,8.39583333333333,-46.447027356865,-29.3104480166442,-44.713034532268,69.4167955704103,8.33331835165087,1.26759874393457,1.10040932120625,0.972907583960893,-5 to -55 dB,4.66615053371903,8.39583333333333,-49.9002956025465,-34.3035960763851,-Inf,0,6.65078892423493,-2.51536295764757,1.26363493985831,0.981890427175989,-5 to -55 dB,0,8.39583333333333
40,50,full,1,1,1,1,0.5,-46.0673558903725,-28.9472888863003,-44.9042503095311,95.6444130119495,8.73567976443444,1.50827651374416,1.09804133292762,0.972718378139285,-5 to -55 dB,5.619231098303,8,-46.5219255406926,-29.3741918179006,-45.5228354757697,89.7318562708389,8.28034057992954,1.311530382608,1.10115892900122,0.973043296301084,-5 to -55 dB,5.20372501744042,8.45833333333333,-46.5263507173794,-29.3665000462143,-45.5351211758475,89.6214624170938,8.24090749373553,1.32173883261454,1.10091417621742,0.972946676866838,-5 to -55 dB,5.19855991263124,8.45833333333333,-50.3035042467684,-35.3552143198746,-Inf,0,5.970053950782,-3.30559076949527,1.27345117179554,0.985822709704801,-5 to -55 dB,0,8.45833333333333
40,51,full,1,1,1,1,0.55,-46.0673558903725,-28.9472888863003,-44.7746476006044,105.05464183522,8.73567976443444,1.50827651374416,1.09804133292762,0.972718378139285,-5 to -55 dB,5.29339211640092,8,-46.5353142078463,-29.3909638939879,-45.0008089466017,100.722168168542,8.27210213291431,1.25482425988135,1.10124471587009,0.973048993376088,-5 to -55 dB,4.87937055576787,8.52083333333333,-46.7566050385603,-29.9831944935489,-45.1655084226159,68.9822580886419,9.19895826851672,1.76927191442435,1.17194239486243,0.977453402514943,-5 to -55 dB,3.92828211725941,8.52083333333333,-50.1404187913133,-34.8334106056945,-Inf,0,6.83562842731036,-0.416202418910763,1.27958096038419,0.983665545219747,-5 to -55 dB,0,8.52083333333333
40,52,full,1,1,1,1,0.6,-46.0673558903725,-28.9472888863003,-45.1215839874163,114.139321948605,8.73567976443444,1.50827651374416,1.09804133292762,0.972718378139285,-5 to -55 dB,6.1821568544843,8,-46.5576006178086,-29.3928576761491,-45.3125656727352,107.008668978713,8.2518424458678,1.12912903113915,1.1014084589312,0.973060131356371,-5 to -55 dB,5.74451170463218,8.58333333333333,-46.8726445305526,-30.7195837678268,-45.5603186724485,74.0874640622102,9.29448402820135,1.68891088651158,1.17716399137259,0.977841749527589,-5 to -55 dB,4.7721121332496,8.66666666666667,-51.2342364879576,-36.4507652969588,-Inf,0,5.89525038722976,-1.62330331474791,1.27730714142387,0.988871175743639,-5 to -55 dB,0,8.66666666666667
40,53,full,1,1,1,1,0.65,-46.0673558903725,-28.9472888863003,-45.0706808135387,136.522454752946,8.73567976443444,1.50827651374416,1.09804133292762,0.972718378139285,-5 to -55 dB,7.0657723959297,8,-46.606237044667,-29.4356800165982,-45.4592681749425,126.987482729307,8.21800176217105,1.11086964502053,1.10169397835029,0.97309039599947,-5 to -55 dB,6.58440207734601,8.64583333333333,-47.0798826390183,-30.9227315970309,-45.8239464823105,92.9940777624527,9.26424707306506,1.81118368822609,1.18317959255223,0.978336151564842,-5 to -55 dB,5.45946085675757,8.8125,-51.9462596950547,-37.3476320750052,-Inf,0,5.38184717145857,-3.55137474335155,1.2873051706024,0.990636172685613,-5 to -55 dB,0,8.8125
40,54,full,1,1,1,1,0.7,-46.0673558903725,-28.9472888863003,-45.2493966902706,146.004697850901,8.73567976443444,1.50827651374416,1.09804133292762,0.972718378139285,-5 to -55 dB,8.57954149010605,8,-46.625755277072,-29.4907356647303,-45.629502167609,134.741853124054,8.2077590229621,1.01937680392067,1.10177902167834,0.97309285871427,-5 to -55 dB,8.0868735086096,8.70833333333333,-47.2627612314303,-31.1000946396884,-46.1333220786146,101.82808576458,9.2766958826934,2.00536342516846,1.19019429513653,0.978905688760404,-5 to -55 dB,6.74953010218643,8.95833333333333,-52.8791023318691,-38.114699935458,-Inf,0,4.74318633629646,-3.85805240746765,1.36264099815651,0.988745060299235,-5 to -55 dB,0,8.95833333333333
40,55,full,1,1,1,1,0.75,-46.0673558903725,-28.9472888863003,-45.3728108578801,151.060163973803,8.73567976443444,1.50827651374416,1.09804133292762,0.972718378139285,-5 to -55 dB,8.43084224193882,8,-46.6859868262777,-29.5331477656531,-45.920910347631,138.98124554622,8.14364816489778,0.978841759976363,1.10238310366959,0.973142624682137,-5 to -55 dB,7.87694914255098,8.77083333333333,-47.3874220572112,-31.2531810816656,-46.4650511525515,108.042086004014,9.31393016083805,2.09863848093362,1.19625043157687,0.979423895426767,-5 to -55 dB,6.56895800672723,9.10416666666667,-53.6790707721516,-38.4026063850236,-Inf,0,3.76404709299871,-7.28909036015987,1.31688893110746,0.991667501120392,-5 to -55 dB,0,9.10416666666667
40,56,full,1,1,1,1,0.8,-46.0673558903725,-28.9472888863003,-45.3403449628692,150.859702148365,8.73567976443444,1.50827651374416,1.09804133292762,0.972718378139285,-5 to -55 dB,9.46128316205858,8,-46.7695063576959,-29.583161207775,-45.9883218449842,138.016083702376,8.04641291611992,1.00629162347856,1.10327490942019,0.973217282509202,-5 to -55 dB,8.82994400669809,8.83333333333333,-47.5683776919214,-31.4551903502139,-46.663862240745,105.750527547973,9.2502941905585,2.42596107940255,1.20230959325625,0.979997991836828,-5 to -55 dB,7.31884419888789,9.25,-53.8608478535953,-38.4695162353883,-Inf,0,3.72873953239585,-8.12576284826843,1.38237581146695,0.99201444604832,-5 to -55 dB,0,9.25
40,57,full,1,1,1,1,0.85,-46.0673558903725,-28.9472888863003,-45.399714379847,142.389072602335,8.73567976443444,1.50827651374416,1.09804133292762,0.972718378139285,-5 to -55 dB,9.20940888499467,8,-46.8039349190955,-29.6636034553684,-46.0091888349628,127.672321548394,8.0425397058559,0.983648775181194,1.1035735463584,0.973247597935486,-5 to -55 dB,8.5510308400681,8.91666666666667,-47.7030321390276,-31.6392070209178,-46.7710717673214,96.7280497954012,9.15582953021216,2.34901844293312,1.20964028791529,0.980626775780088,-5 to -55 dB,6.85506978217541,9.39583333333333,-53.9588715726988,-38.3974400234749,-Inf,0,3.94868608191199,-9.20829537461765,1.33224179896092,0.99567687003344,-5 to -55 dB,0,9.39583333333333
40,58,full,1,1,1,1,0.9,-46.0673558903725,-28.9472888863003,-45.4606569210651,140.666400659857,8.73567976443444,1.50827651374416,1.09804133292762,0.972718378139285,-5 to -55 dB,9.40072780825585,8,-46.8624510391123,-29.6824995260687,-46.1894976731897,126.121653587112,8.00257444541844,0.990081695862672,1.10396822187217,0.973279340360355,-5 to -55 dB,8.68947279781961,8.97916666666667,-47.8794977260382,-33.5315655883485,-47.0620716553558,92.6721958372663,8.98722060723976,2.18288838070863,1.21569681131612,0.981192412869881,-5 to -55 dB,6.77267083756411,9.54166666666667,-53.9999515223045,-38.382623345732,-Inf,0,3.98605864487247,-9.3091060021918,1.34450711490059,0.995633361609706,-5 to -55 dB,0,9.54166666666667
40,59,full,1,1,1,1,0.95,-46.0673558903725,-28.9472888863003,-45.5221760116369,139.022788839093,8.73567976443444,1.50827651374416,1.09804133292762,0.972718378139285,-5 to -55 dB,9.00099509223051,8,-46.9299658391402,-29.7657996398221,-46.280357419074,122.543472684472,7.92939488821604,0.985566747668954,1.10415341191207,0.973291484497164,-5 to -55 dB,8.2257992710347,9.0625,-48.0129412071092,-33.7134144979824,-47.171353681638,88.9705637184503,8.93516416057074,2.16687108689548,1.2217681903673,0.981684527680677,-5 to -55 dB,6.2102571474407,9.6875,-54.0989074431467,-38.3997423809909,-Inf,0,3.93392551371703,-9.4246217601667,1.32777203610135,0.993634950554079,-5 to -55 dB,0,9.6875
40,60,full,1,1,1,1,1,-46.0673558903725,-28.9472888863003,-45.4963825595649,148.421228685199,8.73567976443444,1.50827651374416,1.09804133292762,0.972718378139285,-5 to -55 dB,9.69495210939581,8,-46.9414839053234,-29.7704514538023,-46.1821199590877,131.970276388273,7.92665806226496,0.85653119992892,1.10436529416523,0.973308256274671,-5 to -55 dB,8.9175131996193,9.125,-48.1455414368698,-33.8594680515037,-47.2264599358403,95.9153588618992,8.91104251255239,2.18216566759361,1.22771163594902,0.982048076202591,-5 to -55 dB,6.76299605716161,9.83333333333333,-54.3723991933243,-38.723922761514,-Inf,0,3.44956572382848,-9.84362463095,1.33558239399523,0.99666133565744,-5 to -55 dB,0,9.83333333333333
40,61,full,1,1,1,1,1.05,-46.0673558903725,-28.9472888863003,-45.5491744114266,158.278749408731,8.73567976443444,1.50827651374416,1.09804133292762,0.972718378139285,-5 to -55 dB,9.62144557289006,8,-47.0120755050117,-29.8379800588673,-46.3100330493726,140.838341812682,7.87042070426915,0.990680407708414,1.10549563692303,0.973401079971348,-5 to -55 dB,8.77595948656076,9.20833333333333,-48.261714462382,-34.0064697804366,-47.3988607104954,101.830328618949,8.89777448532299,2.14715272312711,1.23244809501489,0.982342618483186,-5 to -55 dB,6.58214261920818,9.97916666666667,-54.8060483976383,-39.1645015023508,-Inf,0,3.26554757288495,-10.0228816955391,1.32635782067436,0.995839865131743,-5 to -55 dB,0,9.97916666666667
40,62,full,1,1,1,1,1.1,-46.0673558903725,-28.9472888863003,-45.5667190413164,166.728210642081,8.73567976443444,1.50827651374416,1.09804133292762,0.972718378139285,-5 to -55 dB,10.4002849669588,8,-46.9907787531121,-29.844309429577,-46.3758306141986,148.809298171925,7.92509858471995,0.796851565785099,1.10529709738307,0.97337342631431,-5 to -55 dB,9.58925242397742,9.29166666666667,-48.4014858819138,-34.1844062905158,-47.5592586793839,107.139348630132,8.87448682642043,2.1753244914302,1.23899218331191,0.982657992085188,-5 to -55 dB,7.20293097990266,10.125,-55.1765558052908,-39.4563362836076,-Inf,0,2.724638004181,-10.5447443317998,1.34964260574734,0.996754259331999,-5 to -55 dB,0,10.125
40,63,full,1,1,1,1,1.15,-46.0673558903725,-28.9472888863003,-45.5745547063592,176.139535555232,8.73567976443444,1.50827651374416,1.09804133292762,0.972718378139285,-5 to -55 dB,10.4803663217953,8,-47.0503205208168,-29.886927437332,-46.4360640084111,158.37390001839,7.89596777412942,0.795290071309777,1.10705258225091,0.973520098353444,-5 to -55 dB,9.61483975690518,9.375,-48.5348006988781,-34.334800185109,-47.640050255671,114.516942362111,8.81490998831889,2.21658262586099,1.2426778632831,0.982918636244933,-5 to -55 dB,7.09889902444251,10.2708333333333,-55.4425921823083,-39.7974072384086,-Inf,0,2.62286111356248,-10.9235649696063,1.35009225640957,0.996037615333635,-5 to -55 dB,0,10.2708333333333
40,64,full,1,1,1,1,1.2,-46.0673558903725,-28.9472888863003,-45.6499231013486,183.234837334709,8.73567976443444,1.50827651374416,1.09804133292762,0.972718378139285,-5 to -55 dB,11.0534976299141,8,-47.1129450595718,-29.9679448842804,-46.5538283802872,163.66758572584,7.82505186738356,0.688939953374116,1.10744840509523,0.97354840019181,-5 to -55 dB,10.1302299230274,9.45833333333333,-48.5905291730087,-34.4358923008779,-47.7711380133566,119.277981597522,8.86219664365531,2.01042777322201,1.24407693595147,0.983177406326798,-5 to -55 dB,7.57473490556947,10.4166666666667,-55.7680868761819,-41.2988528052305,-Inf,0,2.53958792918313,-11.1401572525145,1.36456072255285,0.996155316203825,-5 to -55 dB,0,10.4166666666667
40,65,full,1,1,1,1,1.25,-46.0673558903725,-28.9472888863003,-45.6192998521439,190.243825162235,8.73567976443444,1.50827651374416,1.09804133292762,0.972718378139285,-5 to -55 dB,11.3204587293002,8,-47.2102579277643,-30.0508798383594,-46.6360759155566,168.409302077376,7.71767436178319,0.571024089818597,1.10947556817314,0.973720955957412,-5 to -55 dB,10.3044353848988,9.54166666666667,-48.7598952176407,-34.6408667437771,-47.9499707977989,123.28399132245,8.74302962985855,2.10047887063274,1.24674692291956,0.983472290550129,-5 to -55 dB,7.70266673373341,10.5625,-55.9076170559564,-41.5064283695023,-Inf,0,2.40774732962669,-11.448337503289,1.37088084798436,0.997409584130992,-5 to -55 dB,0,10.5625
40,66,full,1,1,1,1,1.3,-46.0673558903725,-28.9472888863003,-45.601480077893,191.372837623457,8.73567976443444,1.50827651374416,1.09804133292762,0.972718378139285,-5 to -55 dB,11.5555044089554,8,-47.2712092553504,-30.1173077645673,-46.6732953202452,168.564298167493,7.64985762861917,0.539540665012966,1.11088271063853,0.97383505310454,-5 to -55 dB,10.4846149387248,9.625,-48.8394538585933,-34.6944493093056,-47.9637319071118,123.417800671217,8.74184315909988,2.01232514432134,1.24768194744454,0.983757421209968,-5 to -55 dB,7.85824487995258,10.7083333333333,-56.0518126474526,-41.6022101824781,-Inf,0,2.27247585695833,-11.7535197451008,1.38628855900762,0.996597009871608,-5 to -55 dB,0,10.7083333333333
40,67,full,1,1,1,1,1.35,-46.0673558903725,-28.9472888863003,-45.6014585645663,192.866278561338,8.73567976443444,1.50827651374416,1.09804133292762,0.972718378139285,-5 to -55 dB,11.7662840478451,8,-47.3059490792133,-30.1594976632422,-46.7088410032174,169.233063835683,7.61757445449218,0.445995839674101,1.111502097933,0.973886483871535,-5 to -55 dB,10.6688983159168,9.70833333333333,-48.9577647474888,-34.8553094637006,-48.1426137013434,123.26760543227,8.74239195665747,1.99813388069843,1.24871607552853,0.984024790789956,-5 to -55 dB,8.01014900244257,10.8541666666667,-56.193324271076,-41.8085065477098,-Inf,0,2.00523767841772,-12.1738537219089,1.38667549793408,0.99704026043588,-5 to -55 dB,0,10.8541666666667
40,68,full,1,1,1,1,1.4,-46.0673558903725,-28.9472888863003,-45.6769206258779,195.625484407044,8.73567976443444,1.50827651374416,1.09804133292762,0.972718378139285,-5 to -55 dB,11.7452736537901,8,-47.3857924408902,-30.2146467881912,-46.8584287064704,170.778770907787,7.52859873485123,0.432883133385443,1.11313681845854,0.974025991580489,-5 to -55 dB,10.5719692674078,9.79166666666667,-49.1495140122764,-35.0371826837168,-48.291967462394,123.292082433496,8.62564688275994,2.23592218820576,1.25225490947041,0.984276863699286,-5 to -55 dB,7.78306348770884,11,-56.4339543568693,-41.913182986472,-Inf,0,1.91212793540782,-12.4712518100887,1.38241913686549,0.997060001126468,-5 to -55 dB,0,11
40,69,full,1,1,1,1,1.45,-46.0673558903725,-28.9472888863003,-45.7431349414049,198.430421324372,8.73567976443444,1.50827651374416,1.09804133292762,0.972718378139285,-5 to -55 dB,12.6301710840608,8,-47.381127177809,-30.229529655798,-46.9550091558689,172.883210094638,7.54669344617508,0.245739639659384,1.11313291178101,0.974024754120092,-5 to -55 dB,11.4775883378949,9.875,-49.2109126392515,-35.0790300821874,-48.4937177556583,124.992525364565,8.66134181278554,2.10595139956337,1.25288424050373,0.984472839515328,-5 to -55 dB,8.60246803292747,11.1458333333333,-56.5978840732822,-42.0304367755926,-Inf,0,1.78214185298104,-12.8287068109958,1.45021503641525,0.995191522182002,-5 to -55 dB,0,11.1458333333333
40,70,full,1,1,1,1,1.5,-46.0673558903725,-28.9472888863003,-45.7785554069547,204.569782951389,8.73567976443444,1.50827651374416,1.09804133292762,0.972718378139285,-5 to -55 dB,12.4185293963522,8,-47.4594337696469,-30.3060826995795,-47.0710765185861,177.810579630639,7.46988179875878,0.242635098598084,1.11435899951785,0.97413446174133,-5 to -55 dB,11.1877471789649,9.97916666666667,-49.3587357373331,-35.2577449254686,-48.5895459678043,128.671053772529,8.60262488536909,2.17241766116664,1.25507615589345,0.98463953830211,-5 to -55 dB,8.30675874853104,11.2916666666667,-56.9074681057692,-42.3367516814597,-Inf,0,1.61884455674096,-13.0377029706479,1.39928772858532,0.997397301536582,-5 to -55 dB,0,11.2916666666667
40,71,full,1,1,1,1,1.55,-46.0673558903725,-28.9472888863003,-45.7461414777196,208.609841609674,8.73567976443444,1.50827651374416,1.09804133292762,0.972718378139285,-5 to -55 dB,12.5224242276742,8,-47.4948646760584,-30.3405179319168,-47.0661399080798,180.868171439927,7.45251648830292,0.146222684533886,1.11493025178766,0.974181980141914,-5 to -55 dB,11.2642243044928,10.0625,-49.4875431684653,-35.3645537279019,-48.7245695001139,130.71843811111,8.54963272826938,2.19845265081665,1.25609257475969,0.984793984265786,-5 to -55 dB,8.35444734427931,11.4375,-56.9964972298658,-42.3761103807074,-Inf,0,1.57562904949405,-13.2958503691155,1.38423419768981,0.998226129604018,-5 to -55 dB,0,11.4375
40,72,full,1,1,1,1,1.6,-46.0673558903725,-28.9472888863003,-45.8140246544723,210.059894920027,8.73567976443444,1.50827651374416,1.09804133292762,0.972718378139285,-5 to -55 dB,12.9871288407553,8,-47.5710213972208,-30.4217005721782,-47.1982437014362,180.010070512726,7.36665807591396,0.143403836859156,1.11745574016171,0.974389375680138,-5 to -55 dB,11.65955238889,10.1666666666667,-49.5910644725127,-35.4830999642345,-48.8165390749014,130.578266379902,8.5536414004601,2.24699560907069,1.25622950854991,0.984908993692824,-5 to -55 dB,8.72984296356849,11.5833333333333,-57.2013804484146,-42.5674360928486,-Inf,0,1.53271302513312,-13.3976003358857,1.40223083709597,0.99817680820308,-5 to -55 dB,0,11.5833333333333
40,73,full,1,1,1,1,1.65,-46.0673558903725,-28.9472888863003,-45.7413715877718,212.817681068776,8.73567976443444,1.50827651374416,1.09804133292762,0.972718378139285,-5 to -55 dB,13.101248400287,8,-47.6005937664254,-30.4463694302407,-47.1679420889028,181.687086286514,7.33422290647459,0.0829464750079549,1.11807835203202,0.974435456008201,-5 to -55 dB,11.7528382203943,10.25,-49.6927709344963,-35.6229956788983,-48.9156511096092,129.708772773594,8.66788921718516,2.22713384567275,1.25697141000031,0.985022387764731,-5 to -55 dB,8.79012150149197,11.7291666666667,-57.4254179606848,-42.8872890149375,-Inf,0,1.65404580509801,-13.5488416659835,1.41098879378166,0.997542805827273,-5 to -55 dB,0,11.7291666666667
40,74,full,1,1,1,1,1.7,-46.0673558903725,-28.9472888863003,-45.7168000490514,217.68779629137,8.73567976443444,1.50827651374416,1.09804133292762,0.972718378139285,-5 to -55 dB,12.8276295764018,8,-47.6668591084407,-30.5033735099406,-47.1825202756415,185.816007364907,7.26615307680719,0.00686523921374519,1.12008083529509,0.974597035550427,-5 to -55 dB,11.4194119585663,10.3541666666667,-49.8261673222526,-35.7449687908327,-49.0013814603844,133.501343432534,8.59206573029546,2.22128874890671,1.2592773022735,0.985065323957272,-5 to -55 dB,8.45893565876695,11.875,-57.5923948350969,-42.9043163729482,-Inf,0,1.46537049084655,-13.5844777082966,1.36272124921102,0.998795737094778,-5 to -55 dB,0,11.875
40,75,full,1,1,1,1,1.75,-46.0673558903725,-28.9472888863003,-45.7410471458435,221.448499864482,8.73567976443444,1.50827651374416,1.09804133292762,0.972718378139285,-5 to -55 dB,13.7402382081558,8,-47.7087454440419,-30.5130782194775,-47.2633137507046,188.783535816493,7.21525344640361,-0.0608787626806541,1.1211221490293,0.974670759860295,-5 to -55 dB,12.2993283929549,10.4375,-49.8982063300085,-35.8353228972478,-49.1188530837125,136.092361037984,8.61795068559042,2.2122804951446,1.25910938030777,0.98512540324387,-5 to -55 dB,9.30195814903165,12.0208333333333,-57.7371450915938,-43.0283457531843,-Inf,0,1.22747544959051,-13.6669300178792,1.43618019510994,0.997687774230496,-5 to -55 dB,0,12.0208333333333
40,76,full,1,1,1,1,1.8,-46.0673558903725,-28.9472888863003,-45.7458355679521,222.694887037982,8.73567976443444,1.50827651374416,1.09804133292762,0.972718378139285,-5 to -55 dB,14.1149243873858,8,-47.7583977178691,-30.5780705245945,-47.3034424110892,188.961672700126,7.16153404306858,-0.132502932401745,1.12198460027663,0.974734277113176,-5 to -55 dB,12.6327421855721,10.5416666666667,-50.0244984650899,-35.9738378445576,-49.2597874715754,136.245864409963,8.58400937165293,2.28754020082817,1.25981820707309,0.985180689620566,-5 to -55 dB,9.63186492991775,12.1666666666667,-57.886352260917,-43.1176703851075,-Inf,0,1.11168640353389,-13.7469962020831,1.44075921071172,0.997921399830198,-5 to -55 dB,0,12.1666666666667
40,77,full,1,1,1,1,1.85,-46.0673558903725,-28.9472888863003,-45.7632735022773,224.508667730087,8.73567976443444,1.50827651374416,1.09804133292762,0.972718378139285,-5 to -55 dB,13.6824182115834,8,-47.8160719675157,-30.6199340445121,-47.3863460578276,189.438121491627,7.09521458385379,-0.145137472494265,1.12298032347721,0.974807767634927,-5 to -55 dB,12.1503046516465,10.6458333333333,-50.0985704381788,-36.062064921104,-49.406498148723,136.11127190492,8.53688634011892,2.12936424791499,1.25978136401525,0.985219101425184,-5 to -55 dB,9.16202462835654,12.3125,-58.0480528018791,-43.1899379179902,-Inf,0,1.34638284359838,-13.6277441696444,1.41864828048927,0.998391845616133,-5 to -55 dB,0,12.3125
40,78,full,1,1,1,1,1.9,-46.0673558903725,-28.9472888863003,-45.7651355981295,226.36951328951,8.73567976443444,1.50827651374416,1.09804133292762,0.972718378139285,-5 to -55 dB,14.3441664306575,8,-47.8484655316813,-30.6619951147128,-47.4067382916432,190.091588681036,7.07132184916793,-0.267099640936487,1.12340104374806,0.974842863263756,-5 to -55 dB,12.7884330102684,10.75,-50.2132676716611,-36.17232091168,-49.5000367964466,135.907123879606,8.50416221463357,2.15599370486267,1.26013922156966,0.985266870987833,-5 to -55 dB,9.74718248156863,12.4583333333333,-58.1876680772331,-43.3241684090829,-Inf,0,1.05415326430717,-13.7740484073716,1.43976840104541,0.998214222748581,-5 to -55 dB,0,12.4583333333333
40,79,full,1,1,1,1,1.95,-46.0673558903725,-28.9472888863003,-45.8012719244385,229.322388844818,8.73567976443444,1.50827651374416,1.09804133292762,0.972718378139285,-5 to -55 dB,15.0310127205822,8,-47.890220132087,-32.4002339686608,-47.4883584753405,192.124045350006,7.04013062021586,-0.361124746354639,1.12407270579011,0.974894432179126,-5 to -55 dB,13.4432839420772,10.8541666666667,-50.327240608504,-36.3253787387658,-49.6534742709951,136.394809523598,8.488888346057,2.19986781378446,1.26034853431919,0.985283389679235,-5 to -55 dB,10.396164626627,12.6041666666667,-58.3265918224942,-43.4595006896834,-Inf,0,0.886013759898953,-13.9720232000229,1.46125145914608,0.998810988632181,-5 to -55 dB,0,12.6041666666667
40,80,full,1,1,1,1,2,-46.0673558903725,-28.9472888863003,-45.8036883121716,235.297184414947,8.73567976443444,1.50827651374416,1.09804133292762,0.972718378139285,-5 to -55 dB,14.8398204377334,8,-47.915864148216,-32.433057459551,-47.512355621356,197.081114579056,7.02709813611324,-0.449422084139087,1.12446261198677,0.974928382959763,-5 to -55 dB,13.2312363403682,10.9375,-50.4366292451754,-36.4062414230044,-49.7497014399336,141.291720098835,8.47336869809449,2.22226430347199,1.26051915264461,0.985295727788734,-5 to -55 dB,10.2061256055782,12.75,-58.52741040168,-43.564254306738,-Inf,0,0.495469801775222,-13.9614716186138,1.44104429774812,0.998688810368837,-5 to -55 dB,0,12.75
40,81,full,1,1,1,1,2.05,-46.0673558903725,-28.9472888863003,-45.8301859615366,239.798753608211,8.73567976443444,1.50827651374416,1.09804133292762,0.972718378139285,-5 to -55 dB,14.8485453724456,8,-47.9731241602294,-32.4905027144636,-47.6134904941617,199.353873839,6.98240684994802,-0.471430441304016,1.12543728162309,0.975006111249182,-5 to -55 dB,13.190608400602,11.0416666666667,-50.5208184557157,-36.5326617898048,-49.8677202839374,142.622509218861,8.49818398408783,2.17507369831808,1.26008805988603,0.985303393706804,-5 to -55 dB,10.2428076144263,12.8958333333333,-58.6674715014828,-43.7444113987305,-Inf,0,0.482213436972361,-14.1062975458601,1.4282519039455,0.999046450436011,-5 to -55 dB,0,12.8958333333333
40,82,full,1,1,1,1,2.1,-46.0673558903725,-28.9472888863003,-45.8265455507976,243.398111500601,8.73567976443444,1.50827651374416,1.09804133292762,0.972718378139285,-5 to -55 dB,15.356119485486,8,-48.0145409797603,-32.492474049859,-47.6508412773022,203.941536135783,6.94171422881442,-0.534867162811643,1.12602588181352,0.975053025159811,-5 to -55 dB,13.6657340922831,11.1458333333333,-50.6315529446507,-36.6493501401133,-49.9551645770401,145.351865743611,8.48744675910902,2.20972682639521,1.26021684440444,0.985312808243761,-5 to -55 dB,10.7005741319036,13.0416666666667,-58.9607421687767,-43.9320540956233,-Inf,0,0.187418382656807,-14.1012890194798,1.44355653473993,0.999110274791368,-5 to -55 dB,0,13.0416666666667
40,83,full,1,1,1,1,2.15,-46.0673558903725,-28.9472888863003,-45.8453712145384,248.680124918202,8.73567976443444,1.50827651374416,1.09804133292762,0.972718378139285,-5 to -55 dB,15.3123699382257,8,-48.0486779714668,-32.5506291938634,-47.7100593841764,207.904557157257,6.93348050452,-0.634348020735592,1.12663297810664,0.975095437217339,-5 to -55 dB,13.5970298827293,11.25,-50.7172588938602,-36.7367066787326,-50.0769892319021,148.316021203135,8.50740901504282,2.17913474734266,1.25989784888367,0.985307360705904,-5 to -55 dB,10.6683889273848,13.1875,-59.1362574262751,-44.0481833768437,-Inf,0,0.336549839323734,-14.1017171581604,1.44494723677324,0.998781710578154,-5 to -55 dB,0,13.1875
40,84,full,1,1,1,1,2.2,-46.0673558903725,-28.9472888863003,-45.8500006684937,254.062769280007,8.73567976443444,1.50827651374416,1.09804133292762,0.972718378139285,-5 to -55 dB,15.9474821667765,8,-48.1003629895877,-32.5912794304287,-47.7671966252869,211.938842512066,6.88701475623961,-0.721160260879347,1.12742640486697,0.975161446720498,-5 to -55 dB,14.1883178573565,11.375,-50.8449461141129,-36.8643703657893,-50.2038051178104,152.252181897481,8.49258464751031,2.26984106185893,1.26057984197048,0.985303744583683,-5 to -55 dB,11.2542758589698,13.3333333333333,-59.4286658967646,-44.175569356094,-Inf,0,-0.45621418556999,-14.0366138827923,1.46575350984694,0.99871589619043,-5 to -55 dB,0,13.3333333333333
40,85,full,1,1,1,1,2.25,-46.0673558903725,-28.9472888863003,-45.8289099484733,256.121623004457,8.73567976443444,1.50827651374416,1.09804133292762,0.972718378139285,-5 to -55 dB,15.8368536760888,8,-48.1440618436281,-32.623670324716,-47.7842414791104,212.302213225234,6.87608521202406,-0.775419745026063,1.12794170922952,0.975206211898553,-5 to -55 dB,14.0418010096038,11.4791666666667,-50.9247093889294,-36.9532044427181,-50.2561932504713,152.365426297948,8.54081940723683,2.22079400352246,1.26007229935415,0.985294082522516,-5 to -55 dB,11.1851717859513,13.4791666666667,-59.5202669956077,-44.1867408319407,-Inf,0,-0.595032495012543,-14.1516755231926,1.43961622696077,0.999472227125558,-5 to -55 dB,0,13.4791666666667
40,86,full,1,1,1,1,2.3,-46.0673558903725,-28.9472888863003,-45.8507619469232,259.848865452429,8.73567976443444,1.50827651374416,1.09804133292762,0.972718378139285,-5 to -55 dB,15.9125543813892,8,-48.165923958209,-32.6447863371016,-47.8248450499448,215.1058157204,6.93495118776566,-0.850932703994289,1.12798897046242,0.975209093942104,-5 to -55 dB,14.1055889776447,11.5833333333333,-50.997094825314,-37.0671697117677,-50.3750333113873,154.252619894316,8.5702753600462,2.173434822623,1.25914902535623,0.985305125327734,-5 to -55 dB,11.290095759349,13.625,-59.611913589773,-44.3017259074132,-Inf,0,-0.59959235263886,-14.307115435172,1.4507059492111,0.99887781501493,-5 to -55 dB,0,13.625
40,87,full,1,1,1,1,2.35,-46.0673558903725,-28.9472888863003,-45.8676477817778,263.92229672908,8.73567976443444,1.50827651374416,1.09804133292762,0.972718378139285,-5 to -55 dB,16.0065548653341,8,-48.2169168954061,-32.6989797605388,-47.8952496094424,218.738760801266,6.93429351496568,-0.945089174505207,1.12838590268442,0.975238516767326,-5 to -55 dB,14.1563110311707,11.6875,-51.0815819154047,-37.1601474653583,-50.4352204696092,156.331854835247,8.62486034157257,2.17774563524608,1.25843629580748,0.985315844888032,-5 to -55 dB,11.3892037788799,13.7708333333333,-59.6568750213167,-44.3979051409193,-Inf,0,-0.714089348384297,-14.4397318915038,1.46436101211508,0.999268621130083,-5 to -55 dB,0,13.7708333333333
40,88,full,1,1,1,1,2.4,-46.0673558903725,-28.9472888863003,-45.8913315159806,269.570010623322,8.73567976443444,1.50827651374416,1.09804133292762,0.972718378139285,-5 to -55 dB,16.5823417267038,8,-48.2275877987018,-32.7154161516886,-47.9387177732592,223.962833340504,6.98855230004223,-1.06672738389007,1.12850497170672,0.975250409322782,-5 to -55 dB,14.7325236889459,11.7916666666667,-51.1689800469119,-37.2743110442339,-50.6010063502635,161.133097465161,8.61670839342706,2.14611613042744,1.25835972295787,0.985305307225695,-5 to -55 dB,11.9454478728299,13.9166666666667,-59.8960082468696,-44.5342428833797,-Inf,0,-1.07299028282542,-14.4509813767043,1.4759511018309,0.999253366215818,-5 to -55 dB,0,13.9166666666667
40,89,full,1,1,1,1,2.45,-46.0673558903725,-28.9472888863003,-45.890316458683,269.078774285035,8.73567976443444,1.50827651374416,1.09804133292762,0.972718378139285,-5 to -55 dB,16.4470062570877,8,-48.2147962827234,-32.7188563578871,-47.930570794796,223.674103208534,7.02489289000104,-1.19725936881672,1.12828532561887,0.975233121105017,-5 to -55 dB,14.6213121053074,11.9166666666667,-51.2853992282171,-37.3742991340054,-50.7488649067659,158.393191739009,8.60548988570692,2.20518072901199,1.25865333372197,0.985279916172038,-5 to -55 dB,11.7948906831359,14.0625,-60.0685906347361,-44.5536379229876,-Inf,0,-1.34794798224012,-14.5420080810094,1.4740697277705,0.999224955240912,-5 to -55 dB,0,14.0625
40,90,full,1,1,1,1,2.5,-46.0673558903725,-28.9472888863003,-45.9088320696919,270.76127325085,8.73567976443444,1.50827651374416,1.09804133292762,0.972718378139285,-5 to -55 dB,16.4991674873775,8,-48.305327096028,-32.7867043000706,-48.0456410295332,224.103495548317,6.94675937683554,-1.17631875218336,1.12981453484355,0.975363898174268,-5 to -55 dB,14.5875508582272,12.0208333333333,-51.3896622307899,-37.4787894339265,-50.8261514546134,158.341533761374,8.60565594226765,2.23551210192164,1.25850013365587,0.985269089114598,-5 to -55 dB,11.8574048265689,14.2083333333333,-60.1437987685612,-44.6540624166934,-Inf,0,-1.22998686070106,-14.7058317594532,1.46533227365036,0.999445485869255,-5 to -55 dB,0,14.2083333333333
40,91,full,1,1,1,1,2.55,-46.0673558903725,-28.9472888863003,-45.8998192493284,273.80824063808,8.73567976443444,1.50827651374416,1.09804133292762,0.972718378139285,-5 to -55 dB,16.6821998994699,8,-48.2690027814393,-32.7538227213004,-47.9920697909277,227.910788633892,7.00283689362862,-1.34138645653351,1.12911628493563,0.975305832390383,-5 to -55 dB,14.8218678084247,12.125,-51.4615384678911,-37.5755655197533,-50.8579709573469,159.702174020407,8.64183407940967,2.20040866664046,1.25784489477669,0.985272894582605,-5 to -55 dB,12.0674815644585,14.3541666666667,-60.2943814999468,-44.7043503781797,-Inf,0,-1.66583706411402,-14.765505354122,1.47137666134703,0.998990734632244,-5 to -55 dB,0,14.3541666666667
40,92,full,1,1,1,1,2.6,-46.0673558903725,-28.9472888863003,-45.9050692245408,275.108218929117,8.73567976443444,1.50827651374416,1.09804133292762,0.972718378139285,-5 to -55 dB,17.3037127607036,8,-48.3229450265165,-32.8132377689293,-48.0523924606506,227.434190143615,6.94976704726598,-1.36607236205527,1.13007645203028,0.975390911673796,-5 to -55 dB,15.3988702687717,12.25,-51.585195881726,-37.6963116917241,-50.9756483626659,159.543593848681,8.59718540130071,2.29640153680141,1.25880092612925,0.985230212826881,-5 to -55 dB,12.6263698625868,14.5,-60.4227983750245,-44.8945139944688,-Inf,0,-1.81281790467711,-14.919868233761,1.50966375026511,0.998560507968363,-5 to -55 dB,0,14.5
40,93,full,1,1,1,1,2.65,-46.0673558903725,-28.9472888863003,-45.8950749345055,275.679826039192,8.73567976443444,1.50827651374416,1.09804133292762,0.972718378139285,-5 to -55 dB,17.1138185438403,8,-48.3525068895212,-32.8576740911925,-48.0592814191844,227.83781612273,6.93712471622734,-1.38238507721621,1.13066583571967,0.975448010550395,-5 to -55 dB,15.1895426150897,12.3541666666667,-51.6570205114535,-37.7514353891096,-51.0253888871368,159.1986511818,8.62515777048224,2.25040970573621,1.25800010193178,0.985224660278236,-5 to -55 dB,12.4535740563277,14.6458333333333,-60.3995655661909,-44.8923775338951,-Inf,0,-1.93431247323649,-15.1178132281899,1.51042837622336,0.998951110952785,-5 to -55 dB,0,14.6458333333333
40,94,full,1,1,1,1,2.7,-46.0673558903725,-28.9472888863003,-45.9147470005424,281.280399998449,8.73567976443444,1.50827651374416,1.09804133292762,0.972718378139285,-5 to -55 dB,17.3026895644012,8,-48.3723353642086,-32.8833067359091,-48.1182332437447,232.745543574756,6.92075934264025,-1.41711634274674,1.13085209809743,0.975462476368435,-5 to -55 dB,15.3683440482971,12.4791666666667,-51.739107631814,-37.8671405948291,-51.2180046537164,162.279819170946,8.64081886514083,2.23262622674941,1.25755617460583,0.985217407461652,-5 to -55 dB,12.6698410729681,14.7916666666667,-60.4821036056103,-44.9795977514292,-Inf,0,-1.90036070695391,-15.1622253618126,1.50799690944652,0.99894517981104,-5 to -55 dB,0,14.7916666666667
40,95,full,1,1,1,1,2.75,-46.0673558903725,-28.9472888863003,-45.8976286912894,279.986896954728,8.73567976443444,1.50827651374416,1.09804133292762,0.972718378139285,-5 to -55 dB,16.8945644492873,8,-48.4517939917447,-32.9409556202421,-48.1710742515153,229.828246124122,6.82972269389784,-1.47189592975046,1.13275693052936,0.975614730724552,-5 to -55 dB,14.8842462436353,12.5833333333333,-51.8231253292242,-37.9594196068885,-51.2743040718888,161.2090144825,8.64806646771732,2.23308610820497,1.25726816761091,0.985209319938329,-5 to -55 dB,12.2943390297052,14.9375,-60.5411603757837,-44.9843293602578,-Inf,0,-1.69055247316315,-15.3478726278558,1.47173858705575,0.999547415804702,-5 to -55 dB,0,14.9375
40,96,full,1,1,1,1,2.8,-46.0673558903725,-28.9472888863003,-45.9389568865361,281.6521025673,8.73567976443444,1.50827651374416,1.09804133292762,0.972718378139285,-5 to -55 dB,17.0885218092366,8,-48.4829647083582,-32.9527884794096,-48.257947232361,230.747692828837,6.7953718368139,-1.5785132171449,1.13324281005929,0.975647703032192,-5 to -55 dB,15.0547482261184,12.7083333333333,-51.9114030389565,-38.0424358413298,-51.4137850667879,161.573879405096,8.65808440169457,2.25497570359092,1.25700840606149,0.985191204816157,-5 to -55 dB,12.4838630917479,15.0833333333333,-60.6225392596903,-44.9002677198564,-Inf,0,-1.64878585886057,-15.421401235978,1.4782693680674,0.998565573811993,-5 to -55 dB,0,15.0833333333333
40,97,full,1,1,1,1,2.85,-46.0673558903725,-28.9472888863003,-45.9520820548087,284.202250464626,8.73567976443444,1.50827651374416,1.09804133292762,0.972718378139285,-5 to -55 dB,17.6293326251595,8,-48.5234458420086,-32.9892305225355,-48.3213795023802,231.518712530119,6.75142117116996,-1.64889138450898,1.13426828517263,0.975728403414488,-5 to -55 dB,15.5637264576875,12.8125,-52.0158449769669,-38.1652650446948,-51.5114496646698,162.94484688223,8.65288829063464,2.29723251385474,1.25716810910169,0.985192919419035,-5 to -55 dB,12.9897498370928,15.2291666666667,-60.8786575510721,-45.1425040347876,-Inf,0,-1.77395416939298,-15.2776117380943,1.50949896963304,0.998916416150633,-5 to -55 dB,0,15.2291666666667
40,98,full,1,1,1,1,2.9,-46.0673558903725,-28.9472888863003,-45.9365537450219,282.246819003468,8.73567976443444,1.50827651374416,1.09804133292762,0.972718378139285,-5 to -55 dB,17.9150735303583,8,-48.593833917274,-33.0237971814399,-48.3565238353447,228.263299686389,6.69669924675184,-1.61380007182547,1.136096832741,0.975876650743354,-5 to -55 dB,15.7884860398836,12.9375,-52.0802435269464,-38.233433669313,-51.547651144596,159.043361035333,8.70661674323024,2.26305342264341,1.2562083339028,0.985189424354684,-5 to -55 dB,13.3488043666283,15.375,-60.9686654638056,-45.149001024175,-Inf,0,-1.87646655393042,-15.3231649191822,1.50916077560463,0.997681768515787,-5 to -55 dB,0,15.375
40,99,full,1,1,1,1,2.95,-46.0673558903725,-28.9472888863003,-45.9307174610945,285.44290971379,8.73567976443444,1.50827651374416,1.09804133292762,0.972718378139285,-5 to -55 dB,17.8668187309569,8,-48.6324073250773,-33.0714874211083,-48.3946203246667,230.510949665733,6.66939894020697,-1.67136831442019,1.1365597200262,0.975913932167522,-5 to -55 dB,15.7043036460534,13.0416666666667,-52.1609184537859,-38.3286756852425,-51.6468667153504,160.875953351517,8.72170007156449,2.27311612119883,1.25574700972726,0.9851899726772,-5 to -55 dB,13.302870768877,15.5208333333333,-61.0025263658756,-45.1821978114307,-Inf,0,-2.09466128685483,-15.3988192879872,1.49020968072866,0.998946871088236,-5 to -55 dB,0,15.5208333333333
40,100,full,1,1,1,1,3,-46.0673558903725,-28.9472888863003,-45.9136425975794,287.532458145211,8.73567976443444,1.50827651374416,1.09804133292762,0.972718378139285,-5 to -55 dB,17.4761760596961,8,-48.7078554733693,-33.0970535949677,-48.4353028573417,232.12890801217,6.58374162536288,-1.83075539756782,1.13785941004866,0.97601223961301,-5 to -55 dB,15.2463706196019,13.1666666666667,-52.2306695842928,-38.4059229292796,-51.7135167129334,162.056403730458,8.74931889453759,2.23492061544043,1.25534702283478,0.985125263927761,-5 to -55 dB,12.9870220456771,15.6666666666667,-61.0183243109357,-45.2709880825495,-Inf,0,-1.81638056634702,-15.4816535288506,1.46402671914901,0.999439138211046,-5 to -55 dB,0,15.6666666666667
60,1,full,1,1,1,1,-2.95,-54.3723991933243,-38.723922761514,-45.520443894862,141.680235564106,3.44956572382848,-9.84362463095,1.33558239399523,0.99666133565744,-5 to -55 dB,11.4873726769896,9.83333333333333,-54.705330826168,-38.7709471634168,-45.5337204096628,147.565675269724,2.94357739487208,-11.4884908303099,1.33863441974772,0.996908112222732,-5 to -55 dB,11.8246837688612,9.35416666666667,-53.4817311096961,-37.3472557599756,-45.3720010787058,128.726684482969,3.29262886599409,-10.5553611509432,1.17103907341384,0.976111335682361,-5 to -55 dB,5.76900956363054,8.64583333333333,-46.2240927885674,-29.3581884478413,-Inf,0,7.50738373283123,0.367883094910309,0.92841481643138,0.978361273675621,-5 to -55 dB,0,8.64583333333333
60,2,full,1,1,1,1,-2.9,-54.3723991933243,-38.723922761514,-45.5411250331179,141.187923626025,3.44956572382848,-9.84362463095,1.33558239399523,0.99666133565744,-5 to -55 dB,11.2064582550279,9.83333333333333,-54.7132996957352,-38.8417351684071,-45.6129629154035,150.28562383301,2.92486882561703,-13.0891748667776,1.33868028843116,0.996911613086314,-5 to -55 dB,11.5553293188035,9.29166666666667,-53.3373077472,-37.1814522896153,-45.4939820054425,124.287183864415,3.38117250675201,-10.6393422043529,1.16938977352123,0.97603870661914,-5 to -55 dB,5.48424672273142,8.58333333333333,-46.2710811571203,-29.3956575092356,-Inf,0,7.53127222975191,0.108461412387513,0.946439491090746,0.983837818968868,-5 to -55 dB,0,8.58333333333333
60,3,full,1,1,1,1,-2.85,-54.3723991933243,-38.723922761514,-45.6933915349149,140.52226439678,3.44956572382848,-9.84362463095,1.33558239399523,0.99666133565744,-5 to -55 dB,11.5217918916179,9.83333333333333,-54.5832642500117,-38.8059271791585,-45.7122383949934,149.436203543062,3.11016916711442,-14.3423567859416,1.3373955630912,0.996813303500874,-5 to -55 dB,11.7478546779327,9.22916666666667,-53.2494208727292,-37.0834670733531,-45.5370210324135,119.240388201605,3.39599631616199,-10.6662160932323,1.16969904454893,0.976002252157845,-5 to -55 dB,5.75806342635259,8.52083333333333,-46.3633898560668,-29.3120204859389,-Inf,0,7.49742296735654,-0.43000341665159,0.922649664254588,0.982665627086205,-5 to -55 dB,0,8.52083333333333
60,4,full,1,1,1,1,-2.8,-54.3723991933243,-38.723922761514,-45.6089709483453,140.647695213679,3.44956572382848,-9.84362463095,1.33558239399523,0.99666133565744,-5 to -55 dB,10.8452128514478,9.83333333333333,-54.6618815528279,-38.7922823705817,-45.5989321762647,149.355412156021,2.99015646647171,-14.5651856758655,1.33808598408289,0.996866976170548,-5 to -55 dB,11.1506030238441,9.16666666666667,-53.2100322122226,-37.0298170556327,-45.4738950532196,119.949132407246,3.33856246229909,-10.6491007516713,1.17060540500105,0.97599790624648,-5 to -55 dB,5.21340276900753,8.45833333333333,-46.2223901551396,-29.2064648108613,-Inf,0,7.46428101336516,-0.072386820901153,0.95668906546871,0.98540329961535,-5 to -55 dB,0,8.45833333333333
60,5,full,1,1,1,1,-2.75,-54.3723991933243,-38.723922761514,-45.6980136394683,139.57077367198,3.44956572382848,-9.84362463095,1.33558239399523,0.99666133565744,-5 to -55 dB,11.4615676801663,9.83333333333333,-54.6072771586048,-38.7756533035868,-45.7086250216393,146.605587598485,3.07813312296653,-14.5944284881743,1.33759049082915,0.996830688590793,-5 to -55 dB,11.7153917567786,9.10416666666667,-53.1684655318445,-37.0103307203497,-45.4658282372998,117.558196455178,3.28845578447019,-10.6464578389241,1.17259704113326,0.975959939671708,-5 to -55 dB,5.82839320823093,8.39583333333333,-46.3231588421517,-29.3447942584804,-Inf,0,7.32053682250371,-0.296551136924811,0.909333002487771,0.986386751112552,-5 to -55 dB,0,8.39583333333333
60,6,full,1,1,1,1,-2.7,-54.3723991933243,-38.723922761514,-45.7176556743616,140.061388067426,3.44956572382848,-9.84362463095,1.33558239399523,0.99666133565744,-5 to -55 dB,11.9584056785051,9.83333333333333,-54.6696623762065,-38.8853300504324,-45.7678448372624,150.013866992721,2.97889064019695,-14.4681889375062,1.33824793741005,0.996881000797001,-5 to -55 dB,12.2719211000982,9.0625,-53.068909457864,-36.8688729903249,-45.5921979927072,114.399073482164,3.31599312301511,-10.705962817238,1.17246535507311,0.975907818352492,-5 to -55 dB,6.24327785977566,8.35416666666667,-46.3942225149221,-29.1947183719681,-Inf,0,7.09484231567776,-0.612564455319111,0.891746149342017,0.983259253143438,-5 to -55 dB,0,8.35416666666667
60,7,full,1,1,1,1,-2.65,-54.3723991933243,-38.723922761514,-45.8193706260158,137.761631784031,3.44956572382848,-9.84362463095,1.33558239399523,0.99666133565744,-5 to -55 dB,11.3718518966994,9.83333333333333,-54.7312191422459,-38.8772272644667,-45.9140560064443,147.438089463685,2.88425124087228,-14.3281700247702,1.33887910463896,0.996928834609267,-5 to -55 dB,11.7461442690577,9,-53.0683775315996,-36.8469016114151,-45.815171937283,111.645859886909,3.20808682600459,-10.6286208817278,1.17569988745605,0.97589459134773,-5 to -55 dB,5.74896893917162,8.29166666666667,-46.5739251906582,-29.2746222063988,-Inf,0,6.99627220546337,-0.925976369294485,0.90916972260853,0.987614145022487,-5 to -55 dB,0,8.29166666666667
60,8,full,1,1,1,1,-2.6,-54.3723991933243,-38.723922761514,-46.0460372642333,135.087781850724,3.44956572382848,-9.84362463095,1.33558239399523,0.99666133565744,-5 to -55 dB,11.0782089017683,9.83333333333333,-54.7393859666313,-38.8281890666629,-46.1160358069098,142.348735639869,2.8703546157223,-14.2340726049655,1.33889958399854,0.996930622778394,-5 to -55 dB,11.4594460507777,8.95833333333333,-52.9571257000229,-36.7649961449178,-45.8796707777232,107.552219262307,3.26313184045101,-10.715436904399,1.17520644309666,0.975829709796311,-5 to -55 dB,5.45539660136102,8.25,-46.7932066041362,-29.2121360739947,-Inf,0,6.54756552097578,-1.05167843357296,0.902737973603224,0.989379537325857,-5 to -55 dB,0,8.25
60,9,full,1,1,1,1,-2.55,-54.3723991933243,-38.723922761514,-46.0734323967053,136.40753881086,3.44956572382848,-9.84362463095,1.33558239399523,0.99666133565744,-5 to -55 dB,11.1847717247035,9.83333333333333,-54.7461466903989,-38.8765975328511,-46.0936461293728,146.063332014327,2.85501448391809,-14.2043383792712,1.33892117818565,0.99693226256286,-5 to -55 dB,11.5740089933417,8.89583333333333,-52.9740876270249,-36.7242019852874,-45.8002146039489,108.210565479863,3.12478464744615,-10.6188376986095,1.17792936924307,0.975813716282546,-5 to -55 dB,5.64256354537644,8.1875,-46.8181060391979,-29.1884041787944,-Inf,0,6.70445251476121,-1.27764004142061,0.91274393070177,0.985239880335611,-5 to -55 dB,0,8.1875
60,10,full,1,1,1,1,-2.5,-54.3723991933243,-38.723922761514,-46.0988803949658,139.126559345943,3.44956572382848,-9.84362463095,1.33558239399523,0.99666133565744,-5 to -55 dB,10.4393009130188,9.83333333333333,-54.7207127370677,-38.9169784792003,-46.1344785005674,149.805864734109,2.89175476462875,-14.1170255167817,1.33871848122874,0.996916755662485,-5 to -55 dB,10.812578105168,8.85416666666667,-53.0775598211181,-36.8675157422399,-45.7953344689913,117.76124311905,2.86852585227337,-10.4641980148184,1.18215512154145,0.975844430427374,-5 to -55 dB,5.04430869402596,8.14583333333333,-46.8721112500335,-29.1488370827975,-Inf,0,6.66202218213184,-1.86473761069137,0.954176804334825,0.985978426743846,-5 to -55 dB,0,8.14583333333333
60,11,full,1,1,1,1,-2.45,-54.3723991933243,-38.723922761514,-46.1269167240149,139.247800134774,3.44956572382848,-9.84362463095,1.33558239399523,0.99666133565744,-5 to -55 dB,10.2442228623077,9.83333333333333,-54.6736201986556,-38.8084941997436,-46.1750331089126,146.350251922119,2.95669817147511,-14.0777579805124,1.33828797585612,0.996884249249431,-5 to -55 dB,10.5725377403482,8.8125,-52.896064735854,-36.6256759421349,-45.8442814694308,111.73347734912,3.04301563073032,-10.5625726152079,1.18109630168009,0.975763745716218,-5 to -55 dB,4.79787597175479,8.10416666666667,-46.8720960514217,-29.0861995153498,-Inf,0,6.59800391272649,-1.67360797863122,0.966326343717234,0.98553716722873,-5 to -55 dB,0,8.10416666666667
60,12,full,1,1,1,1,-2.4,-54.3723991933243,-38.723922761514,-46.207155911157,138.627850534042,3.44956572382848,-9.84362463095,1.33558239399523,0.99666133565744,-5 to -55 dB,10.5342156847426,9.83333333333333,-54.742989131761,-38.8143758087253,-46.247307993585,146.044508066322,2.85130384701003,-13.8876253033973,1.33890514015385,0.996931040223619,-5 to -55 dB,10.93266530744,8.77083333333333,-52.9681058634312,-36.7813486227083,-45.9578802168398,116.311352898038,2.83779794710975,-10.4330843156242,1.1853686887972,0.975798691968206,-5 to -55 dB,5.15405233339931,8.0625,-46.9027689043639,-29.1361672178058,-Inf,0,6.86472368985495,-2.17226884632309,0.962432838562978,0.980609608266255,-5 to -55 dB,0,8.0625
60,13,full,1,1,1,1,-2.35,-54.3723991933243,-38.723922761514,-46.1386024949224,140.186715717024,3.44956572382848,-9.84362463095,1.33558239399523,0.99666133565744,-5 to -55 dB,10.9376451089544,9.83333333333333,-54.7607738125031,-38.8653931418104,-46.2036069111679,149.45513968888,2.81799392470528,-13.7990084826334,1.33893250420992,0.996932352602062,-5 to -55 dB,11.3477128328842,8.72916666666667,-52.9790983760274,-36.7747800031967,-45.8897121575018,120.067609106177,2.72031819010502,-10.3865800496027,1.18906546672594,0.975775760462881,-5 to -55 dB,5.68748063617579,8.02083333333333,-46.8374941351623,-29.0246742858823,-Inf,0,6.33720606359897,-1.93091626864638,0.908992466557001,0.98834978025762,-5 to -55 dB,0,8.02083333333333
60,14,full,1,1,1,1,-2.3,-54.3723991933243,-38.723922761514,-46.1464182026953,138.153247133608,3.44956572382848,-9.84362463095,1.33558239399523,0.99666133565744,-5 to -55 dB,10.8245070572126,9.83333333333333,-54.659664422771,-38.8738950086523,-46.2083719778301,147.408019719732,2.96747712226524,-13.8371400404176,1.33808782115883,0.996868620674238,-5 to -55 dB,11.14349583721,8.70833333333333,-52.9429595878254,-36.6868130761025,-45.7562568898513,116.456446252042,2.68017317188071,-10.3829272256254,1.19068620661128,0.975753012361516,-5 to -55 dB,5.60731987811227,8,-46.8430550685355,-28.9934986501303,-Inf,0,6.34008615380387,-2.38802286982208,0.926659662480295,0.98472608756487,-5 to -55 dB,0,8
60,15,full,1,1,1,1,-2.25,-54.3723991933243,-38.723922761514,-45.9750240904026,143.764655897654,3.44956572382848,-9.84362463095,1.33558239399523,0.99666133565744,-5 to -55 dB,10.4495396341073,9.83333333333333,-54.6214458097237,-38.8522924557358,-45.9917348466686,151.645636407926,3.01886298764944,-13.7549913627506,1.33780455484845,0.996846886660357,-5 to -55 dB,10.7367069863697,8.66666666666667,-52.8147746265835,-36.5600538763505,-45.6259788942382,118.797229078989,2.78441568845075,-10.4799367758962,1.19042980973096,0.975687773232423,-5 to -55 dB,5.17793149250795,7.95833333333333,-46.6288297897921,-28.7752891371434,-Inf,0,6.42752217223355,-2.20744656442677,0.955922260978906,0.983045306076388,-5 to -55 dB,0,7.95833333333333
60,16,full,1,1,1,1,-2.2,-54.3723991933243,-38.723922761514,-46.0175787419146,142.933386536262,3.44956572382848,-9.84362463095,1.33558239399523,0.99666133565744,-5 to -55 dB,9.81732314299543,9.83333333333333,-54.6946877385047,-38.866322569218,-45.9742111769162,152.235851907643,2.90741154253868,-13.6237231763838,1.33853522805737,0.996902021687936,-5 to -55 dB,10.1746516732397,8.64583333333333,-52.7849011356231,-36.5489442968167,-45.8059578914871,117.796588369174,2.73964345244813,-10.4795350194581,1.19278699649751,0.975679667210654,-5 to -55 dB,4.67338060982051,7.9375,-46.5813575189225,-28.9178819870904,-Inf,0,6.58582868444044,-2.05597357946754,0.99584322594918,0.979854497901262,-5 to -55 dB,0,7.9375
60,17,full,1,1,1,1,-2.15,-54.3723991933243,-38.723922761514,-45.765857966669,140.920443524861,3.44956572382848,-9.84362463095,1.33558239399523,0.99666133565744,-5 to -55 dB,10.5532912401673,9.83333333333333,-54.6876369886586,-38.8636851534528,-45.8571201889954,150.125684820219,2.9176646094695,-13.6541218944352,1.33835968710257,0.996888671654429,-5 to -55 dB,10.9068848895728,8.60416666666667,-52.9735806926958,-36.8112266249057,-45.6122492746993,128.064780367446,2.35559700703362,-10.2721797977112,1.20088468727111,0.97574115242692,-5 to -55 dB,5.5592877448482,7.89583333333333,-46.4325133592359,-29.0105043586862,-Inf,0,6.48157654638603,-2.09662012904444,0.94899071036939,0.983658457513422,-5 to -55 dB,0,7.89583333333333
60,18,full,1,1,1,1,-2.1,-54.3723991933243,-38.723922761514,-45.7182914735713,143.931147843973,3.44956572382848,-9.84362463095,1.33558239399523,0.99666133565744,-5 to -55 dB,10.5320256654546,9.83333333333333,-54.720765384847,-38.8854872414548,-45.8201358888282,153.556619659679,2.86623537140499,-13.6159465477236,1.33876255247858,0.996919343480502,-5 to -55 dB,10.9166527467039,8.58333333333333,-52.9660877043789,-36.7941628832837,-45.6493205469471,131.511389128839,2.27886728402001,-10.2510989292534,1.20366521144414,0.975766251011535,-5 to -55 dB,5.62989471785678,7.875,-46.3718317377734,-28.9260026399122,-Inf,0,6.98235577523473,-2.13906267123435,0.949262808131282,0.986469621849793,-5 to -55 dB,0,7.875
60,19,full,1,1,1,1,-2.05,-54.3723991933243,-38.723922761514,-45.5506223693432,141.499498823064,3.44956572382848,-9.84362463095,1.33558239399523,0.99666133565744,-5 to -55 dB,10.4401977411822,9.83333333333333,-54.6841273948899,-38.8683011416016,-45.5687042101971,150.337178714348,2.92169837332836,-13.6327495305134,1.33834723718614,0.996887737668875,-5 to -55 dB,10.7926544537375,8.5625,-52.7919654964486,-36.4886348809501,-45.2837247078854,118.668342373132,2.47197431741626,-10.4310744454165,1.20311369405714,0.975709947756927,-5 to -55 dB,5.4980820611065,7.85416666666667,-46.1252341136902,-28.834987672347,-Inf,0,7.17340949226551,-1.58464028548787,0.96862951403855,0.984632789427612,-5 to -55 dB,0,7.85416666666667
60,20,full,1,1,1,1,-2,-54.3723991933243,-38.723922761514,-45.5438743770177,143.944179378566,3.44956572382848,-9.84362463095,1.33558239399523,0.99666133565744,-5 to -55 dB,10.4134087248434,9.83333333333333,-54.6033480811737,-38.8419593200803,-45.5494769355277,151.128732233765,3.03979068083551,-13.6797829073187,1.33758057697588,0.996829291256427,-5 to -55 dB,10.6900553352265,8.54166666666667,-52.7109514324424,-36.4012410963019,-45.1802690352018,119.663352508855,2.51678446328068,-10.5130613430363,1.20460550216427,0.975685840086856,-5 to -55 dB,5.48816016688429,7.83333333333333,-46.0431525225309,-28.8048735510328,-Inf,0,7.29460133803481,-1.81121369955504,0.963029430713793,0.983251233875828,-5 to -55 dB,0,7.83333333333333
60,21,full,1,1,1,1,-1.95,-54.3723991933243,-38.723922761514,-45.5156824728873,142.866915204972,3.44956572382848,-9.84362463095,1.33558239399523,0.99666133565744,-5 to -55 dB,11.1151088210975,9.83333333333333,-54.5950160151104,-38.8257766358229,-45.5389786200373,150.343609099521,3.04735246520104,-13.6253574205167,1.33751263516813,0.996823583545923,-5 to -55 dB,11.3847471935415,8.52083333333333,-52.8688559708807,-36.6483602151728,-45.1648347967747,127.804759066294,2.18703716510565,-10.3342216760819,1.21204304447042,0.975835171219424,-5 to -55 dB,6.35910864088562,7.8125,-46.0651387819634,-28.9218007032927,-Inf,0,7.32867850752205,-1.90031816248827,0.946932830221917,0.980470509261186,-5 to -55 dB,0,7.8125
60,22,full,1,1,1,1,-1.9,-54.3723991933243,-38.723922761514,-45.4021223734516,143.970515483336,3.44956572382848,-9.84362463095,1.33558239399523,0.99666133565744,-5 to -55 dB,10.814647174459,9.83333333333333,-54.5984170393468,-38.8369515586536,-45.4638032510482,150.65923581272,3.04106909014221,-13.5553851847123,1.33752680541853,0.996824696862682,-5 to -55 dB,11.0876031517331,8.5,-52.6299862616292,-36.2946680770068,-45.1023745458737,117.0285856666,2.48962720499484,-10.5846856164362,1.21118543385093,0.975697190460717,-5 to -55 dB,5.91274145334331,7.79166666666667,-46.0229569769829,-28.8254484347687,-Inf,0,7.16717174364251,-1.62364703933585,0.939681203321603,0.984563244727386,-5 to -55 dB,0,7.79166666666667
60,23,full,1,1,1,1,-1.85,-54.3723991933243,-38.723922761514,-45.3979823676774,144.926470120348,3.44956572382848,-9.84362463095,1.33558239399523,0.99666133565744,-5 to -55 dB,9.95001410226641,9.83333333333333,-54.6112919285601,-38.8233309732084,-45.4559935618771,151.96602615764,3.02173182596508,-13.480443943646,1.33765969119677,0.996835153446108,-5 to -55 dB,10.2371690550993,8.5,-52.8168813513172,-36.5804874123646,-45.1215169121858,129.430265436297,2.12401217133966,-10.3519304065099,1.21850178306823,0.975942387576302,-5 to -55 dB,5.31247171390877,7.79166666666667,-46.0200913433622,-28.8365745768,-Inf,0,7.07975562964245,-1.48350492204433,1.02771742609428,0.975403747343197,-5 to -55 dB,0,7.79166666666667
60,24,full,1,1,1,1,-1.8,-54.3723991933243,-38.723922761514,-45.5831111994061,143.754706365938,3.44956572382848,-9.84362463095,1.33558239399523,0.99666133565744,-5 to -55 dB,10.1574247679608,9.83333333333333,-54.6312540216479,-38.832865855804,-45.6507394596893,151.049622890976,2.99109002457597,-13.4707842202362,1.33798140805339,0.996860155982652,-5 to -55 dB,10.4621170763403,8.47916666666667,-52.8059906498525,-36.5545872490514,-45.388836738465,128.300296912929,2.07510017515999,-10.3602302661537,1.2220748136311,0.976023105431691,-5 to -55 dB,5.66031918700307,7.77083333333333,-46.2629403579689,-28.8476650831288,-Inf,0,6.98913801494814,-1.46518117208895,0.963836064848384,0.984686468808182,-5 to -55 dB,0,7.77083333333333
60,25,full,1,1,1,1,-1.75,-54.3723991933243,-38.723922761514,-45.9820761943529,143.972778973732,3.44956572382848,-9.84362463095,1.33558239399523,0.99666133565744,-5 to -55 dB,10.3710402845796,9.83333333333333,-54.6719987656884,-38.8744499289778,-46.0400369654743,152.505287490345,2.92963317022286,-13.4211688176331,1.33829418303872,0.996883526390628,-5 to -55 dB,10.7112951449465,8.47916666666667,-52.6149024720561,-36.2218993198666,-45.580507121261,116.886045679993,2.32234891731494,-10.5612270446396,1.22196301205622,0.975941594029229,-5 to -55 dB,5.73754392339239,7.77083333333333,-46.6555166572431,-29.0255380230743,-Inf,0,6.47257168530385,-1.87779134019521,0.943160191053424,0.984657936765223,-5 to -55 dB,0,7.77083333333333
60,26,full,1,1,1,1,-1.7,-54.3723991933243,-38.723922761514,-46.4171682949024,136.988260272684,3.44956572382848,-9.84362463095,1.33558239399523,0.99666133565744,-5 to -55 dB,9.47414690443977,9.83333333333333,-54.6640676663671,-38.8665389959858,-46.4430427050408,145.065708843864,2.94160573450235,-13.4252363444691,1.33810726360292,0.996869709867343,-5 to -55 dB,9.80554663917255,8.47916666666667,-52.5937979696548,-36.1923811371486,-46.0183538282806,109.955373722633,2.30316635604705,-10.5801705689534,1.22566114195247,0.976077842722951,-5 to -55 dB,4.96417936128463,7.77083333333333,-47.1045155685638,-31.032943332383,-Inf,0,5.74039455177005,-1.96100381177933,0.972697019223046,0.988100345066493,-5 to -55 dB,0,7.77083333333333
60,27,full,1,1,1,1,-1.65,-54.3723991933243,-38.723922761514,-46.3417059248626,134.677821074059,3.44956572382848,-9.84362463095,1.33558239399523,0.99666133565744,-5 to -55 dB,9.66552965268859,9.83333333333333,-54.6731734723825,-38.8733534865356,-46.3989052405684,142.840084190543,2.92784404257172,-13.4143070279861,1.33829617532589,0.996883663202067,-5 to -55 dB,10.0059636394845,8.47916666666667,-52.5888384833922,-36.1754923192446,-46.0456441143244,107.377387476374,2.26537664708585,-10.5848029031513,1.23115668818028,0.976262925692652,-5 to -55 dB,5.22506606285883,7.77083333333333,-47.0548683333744,-29.259609340957,-Inf,0,5.53445029768267,-1.93340623011537,0.96960789437445,0.983335643205871,-5 to -55 dB,0,7.77083333333333
60,28,full,1,1,1,1,-1.6,-54.3723991933243,-38.723922761514,-46.3573551320191,136.262566645056,3.44956572382848,-9.84362463095,1.33558239399523,0.99666133565744,-5 to -55 dB,9.89725878130252,9.83333333333333,-54.6584894895035,-38.8635748845356,-46.3915594479298,144.075392391551,2.95002676515435,-13.4310678457779,1.33808367336657,0.996867906463779,-5 to -55 dB,10.2245233492068,8.47916666666667,-52.5874256197114,-36.1512821784538,-46.111114369628,108.968423218534,2.23032018622226,-10.5888170008189,1.23636210105493,0.976535990289159,-5 to -55 dB,5.50152320392475,7.77083333333333,-46.9628225980247,-29.2365354997164,-Inf,0,5.44202069796151,-2.51590708804813,0.954934820764532,0.985751079815796,-5 to -55 dB,0,7.77083333333333
60,29,full,1,1,1,1,-1.55,-54.3723991933243,-38.723922761514,-46.4240787046596,135.451880797059,3.44956572382848,-9.84362463095,1.33558239399523,0.99666133565744,-5 to -55 dB,9.57063639121087,9.83333333333333,-54.6617920349929,-38.8656598850106,-46.4744312227164,143.120617255585,2.94505178078753,-13.4318392475349,1.33808927707214,0.996868335764559,-5 to -55 dB,9.90122162629214,8.47916666666667,-52.5983707230454,-36.139593626781,-46.0823083767586,107.757536539414,2.18549377667435,-10.5826106411314,1.24195424548699,0.976814951807465,-5 to -55 dB,5.33368368584127,7.77083333333333,-47.0848876275863,-29.4092519554927,-Inf,0,5.43542009447104,-2.19967961290307,0.975737833989945,0.983642558543494,-5 to -55 dB,0,7.77083333333333
60,30,full,1,1,1,1,-1.5,-54.3723991933243,-38.723922761514,-46.4129488987396,138.772541733284,3.44956572382848,-9.84362463095,1.33558239399523,0.99666133565744,-5 to -55 dB,9.64451439755924,9.83333333333333,-54.6277378220765,-38.8445684410475,-46.4088855795302,145.631465797315,2.99637853052687,-13.4744584759556,1.33795148686958,0.996857858044358,-5 to -55 dB,9.9428196464127,8.47916666666667,-52.7960546552139,-36.4296858352544,-46.0465824938164,121.552214858298,1.84769897683188,-10.3761211087018,1.25155547216158,0.977367748993226,-5 to -55 dB,5.66920599968369,7.77083333333333,-47.1163605437242,-29.2702670433713,-Inf,0,5.13035129221784,-3.31743847336493,0.974673504096146,0.984766639671696,-5 to -55 dB,0,7.77083333333333
60,31,full,1,1,1,1,-1.45,-54.3723991933243,-38.723922761514,-46.4124683185087,137.88343428091,3.44956572382848,-9.84362463095,1.33558239399523,0.99666133565744,-5 to -55 dB,9.22051793564817,9.83333333333333,-54.6319459145156,-38.8475424533617,-46.4578776685761,144.940241533389,2.990697367451,-13.4588609077855,1.33800530327799,0.996861970973159,-5 to -55 dB,9.52026657734952,8.5,-52.8250430937091,-36.4257151431539,-46.0911551353036,119.644970035506,1.79956420322767,-10.3474923918372,1.25693185800675,0.977789364418728,-5 to -55 dB,5.44115582566075,7.79166666666667,-47.1624049065853,-31.066249255296,-Inf,0,5.32154899485891,-3.33030915661805,0.989326882505916,0.986110217395262,-5 to -55 dB,0,7.79166666666667
60,32,full,1,1,1,1,-1.4,-54.3723991933243,-38.723922761514,-46.4145193266682,138.487371473362,3.44956572382848,-9.84362463095,1.33558239399523,0.99666133565744,-5 to -55 dB,9.21252915869996,9.83333333333333,-54.6068730792296,-38.8481419162203,-46.4948061016554,145.326723658813,3.0283910063541,-13.5465558344716,1.33759046337318,0.996829669099458,-5 to -55 dB,9.49310286532278,8.5,-52.6453431190754,-36.1207114008117,-46.0467481944432,108.741746408603,2.10935554497796,-10.5647964688527,1.2593072798509,0.978044115591911,-5 to -55 dB,5.28620678865725,7.79166666666667,-47.234874075978,-29.3848129066955,-Inf,0,5.31639780761628,-3.34058691919393,1.04193463302831,0.973916010042331,-5 to -55 dB,0,7.79166666666667
60,33,full,1,1,1,1,-1.35,-54.3723991933243,-38.723922761514,-46.1967133850053,139.492364636365,3.44956572382848,-9.84362463095,1.33558239399523,0.99666133565744,-5 to -55 dB,9.15276496405391,9.83333333333333,-54.6337440095901,-38.8576820652679,-46.3004507814192,146.952283400897,2.98921472816979,-13.5849408853545,1.33802063599861,0.996863103332447,-5 to -55 dB,9.45929460338522,8.52083333333333,-52.8655094727166,-36.4404720075391,-45.8938266101529,119.724904045844,1.78447632264,-10.332670977684,1.2683768372542,0.978894455650841,-5 to -55 dB,5.60445500851836,7.8125,-47.0008925925064,-29.1447226703639,-Inf,0,5.95943850659576,-2.73687340738665,1.03277896789218,0.979202048896331,-5 to -55 dB,0,7.8125
60,34,full,1,1,1,1,-1.3,-54.3723991933243,-38.723922761514,-46.1858229717769,138.516998365211,3.44956572382848,-9.84362463095,1.33558239399523,0.99666133565744,-5 to -55 dB,9.76840735380565,9.83333333333333,-54.6190577768417,-38.8560172621987,-46.2484572434556,145.538802801309,3.01622532998492,-13.6633986697541,1.33774878572141,0.996842470372217,-5 to -55 dB,10.0590020225681,8.54166666666667,-52.7171207676884,-36.1917067319656,-45.8148896756337,109.984902089937,2.08230670920358,-10.4888466054523,1.27113182080181,0.979332752715685,-5 to -55 dB,6.22484321742727,7.83333333333333,-46.9577857423135,-29.1713181838958,-Inf,0,6.31049455090869,-1.86058535309475,0.990847689274464,0.982957507491587,-5 to -55 dB,0,7.83333333333333
60,35,full,1,1,1,1,-1.25,-54.3723991933243,-38.723922761514,-45.8811490261065,141.598071989255,3.44956572382848,-9.84362463095,1.33558239399523,0.99666133565744,-5 to -55 dB,9.73225704585451,9.83333333333333,-54.7021350500529,-38.8865781002363,-45.9481708820777,149.652558244907,2.89443398632412,-13.6139600279469,1.33859554255742,0.996906589775947,-5 to -55 dB,10.1044963422769,8.5625,-52.7503400015173,-36.2292283251118,-45.5686800503348,111.684751150506,2.10046772096341,-10.4624188189193,1.2765343263175,0.980092762659604,-5 to -55 dB,6.38362066993021,7.85416666666667,-46.5328122122073,-29.0537641454985,-Inf,0,7.01897326224007,-0.955698727354267,1.01116146779229,0.981515009560781,-5 to -55 dB,0,7.85416666666667
60,36,full,1,1,1,1,-1.2,-54.3723991933243,-38.723922761514,-45.6857738680839,147.025748218836,3.44956572382848,-9.84362463095,1.33558239399523,0.99666133565744,-5 to -55 dB,9.59401511546876,9.83333333333333,-54.7270294992377,-38.9189177322422,-45.7330686172969,156.946734480892,2.85671657494554,-13.6094097918718,1.33887145053775,0.996927702070028,-5 to -55 dB,9.99023547087642,8.58333333333333,-52.9350561066558,-36.5057738395112,-45.4668760428595,124.661042864159,1.88038965301282,-10.2608048454842,1.2852373927573,0.981207145107148,-5 to -55 dB,6.61622693419084,7.875,-46.2652652829083,-28.9301515158191,-Inf,0,7.66837955163633,0.0770639027437842,1.01744831114569,0.985280219489,-5 to -55 dB,0,7.875
60,37,full,1,1,1,1,-1.15,-54.3723991933243,-38.723922761514,-45.0100578916663,153.72065514861,3.44956572382848,-9.84362463095,1.33558239399523,0.99666133565744,-5 to -55 dB,10.3259013184871,9.83333333333333,-54.7080802885509,-38.905726570716,-45.0670492046613,162.582079447207,2.88669882353026,-13.6327950965847,1.33864138553294,0.996910080532908,-5 to -55 dB,10.7061419872294,8.60416666666667,-52.9693632153804,-36.4961745523165,-44.7919327700347,130.706463230827,1.91033879053728,-10.2488006109135,1.2896520938733,0.98211472532445,-5 to -55 dB,7.43483946223212,7.89583333333333,-45.5567600280073,-28.4793276532638,-Inf,0,8.42995476482801,1.56664458363208,1.02204054782035,0.981093637676946,-5 to -55 dB,0,7.89583333333333
60,38,full,1,1,1,1,-1.1,-54.3723991933243,-38.723922761514,-44.9638898518,153.892756023147,3.44956572382848,-9.84362463095,1.33558239399523,0.99666133565744,-5 to -55 dB,10.0077924489361,9.83333333333333,-54.7048354489897,-38.9079688264999,-44.964365071857,162.384152756236,2.89203784390347,-13.6131343778517,1.33860798252644,0.996907532302793,-5 to -55 dB,10.3863423322708,8.64583333333333,-52.8369991973824,-36.2234377836647,-44.6993973989153,121.847013586974,2.20563988647801,-10.4030165418328,1.28938168646292,0.982717237556008,-5 to -55 dB,7.1002233640593,7.9375,-45.3824317732544,-28.4616946449513,-Inf,0,9.05965027364847,1.98969553863428,1.07431260358165,0.973098290379852,-5 to -55 dB,0,7.9375
60,39,full,1,1,1,1,-1.05,-54.3723991933243,-38.723922761514,-44.6602402435744,160.656101043398,3.44956572382848,-9.84362463095,1.33558239399523,0.99666133565744,-5 to -55 dB,10.5250758186558,9.83333333333333,-54.6286180592968,-38.8732558742373,-44.7262627045877,167.002529862064,3.00809268905172,-13.7475167492089,1.33793630083035,0.996857080165683,-5 to -55 dB,10.8285870376835,8.66666666666667,-52.9077144077659,-36.265374076957,-44.4594029962152,129.837650881003,2.15740217996163,-10.3556513155225,1.29199609263868,0.983621538869837,-5 to -55 dB,7.78319098512853,7.95833333333333,-45.128424921096,-28.2593958019364,-Inf,0,9.42613470825459,2.15277278087345,1.05201444400872,0.975099996582624,-5 to -55 dB,0,7.95833333333333
60,40,full,1,1,1,1,-1,-54.3723991933243,-38.723922761514,-45.4963825595649,148.421228685199,3.44956572382848,-9.84362463095,1.33558239399523,0.99666133565744,-5 to -55 dB,9.5304030086128,9.83333333333333,-54.6809079777523,-38.9199608418538,-45.4363294443934,158.35818414657,2.93542348509545,-13.8150162075035,1.33833479109576,0.996886805418502,-5 to -55 dB,9.88250061608568,8.70833333333333,-52.9219886229322,-36.3077838666915,-45.2868152601618,115.979066825538,2.1915306878763,-10.3582948660974,1.29304297000978,0.984354651269927,-5 to -55 dB,6.86341012595963,8,-46.0673558903725,-28.9472888863003,-Inf,0,8.73567976443444,1.50827651374416,1.09804133292762,0.972718378139285,-5 to -55 dB,0,8
60,41,full,1,1,1,1,-0.95,-54.3723991933243,-38.723922761514,-46.0081689242572,134.867383036876,3.44956572382848,-9.84362463095,1.33558239399523,0.99666133565744,-5 to -55 dB,8.62797662804586,9.83333333333333,-54.763548573778,-38.9006887453034,-46.042482055255,145.493816373632,2.81376246431803,-13.7961179851346,1.33893250420992,0.996932352602062,-5 to -55 dB,9.06019406085839,8.72916666666667,-52.9520773051856,-36.3599901725,-45.6779103245606,103.085276275151,2.21072080386417,-10.3845727823147,1.29453227762484,0.985017340211102,-5 to -55 dB,6.06167679952401,8.02083333333333,-46.6189285436852,-29.6383084480836,-Inf,0,8.25892177253554,0.806926150634619,1.12207559076676,0.974565614376463,-5 to -55 dB,0,8.02083333333333
60,42,full,1,1,1,1,-0.9,-54.3723991933243,-38.723922761514,-46.3616145944565,127.216045894859,3.44956572382848,-9.84362463095,1.33558239399523,0.99666133565744,-5 to -55 dB,8.23770942470297,9.83333333333333,-54.8049647481792,-38.8973973360099,-46.4200888826502,136.053067750156,2.75670398505075,-13.8230988169697,1.33921081782905,0.996954249398624,-5 to -55 dB,8.70760724771137,8.77083333333333,-52.9821433657724,-36.4105481362376,-46.0623852812704,95.5332116710524,2.25417785740611,-10.4049274432941,1.29762982452427,0.985690693596394,-5 to -55 dB,5.77390693752765,8.0625,-47.0929219115471,-30.1244190494027,-Inf,0,7.69986899037575,0.207043919504775,1.11808095717353,0.980294555151356,-5 to -55 dB,0,8.0625
60,43,full,1,1,1,1,-0.85,-54.3723991933243,-38.723922761514,-46.8644764404395,122.256273316089,3.44956572382848,-9.84362463095,1.33558239399523,0.99666133565744,-5 to -55 dB,6.38175965998105,9.83333333333333,-54.7524536720326,-38.886376937155,-46.8852659857054,129.51400134706,2.83724673707992,-13.9958125178711,1.33892668982383,0.996932682817355,-5 to -55 dB,6.79792413174335,8.8125,-52.8867157694361,-36.2970295477241,-46.4567536916856,84.3693608070882,2.51561862635393,-10.594939752908,1.29915811505423,0.986153736055709,-5 to -55 dB,3.9470984918516,8.10416666666667,-47.6166177898682,-30.6309088381136,-Inf,0,7.10898622019825,-0.543992993559318,1.27897644717842,0.965046601912372,-5 to -55 dB,0,8.10416666666667
60,44,full,1,1,1,1,-0.8,-54.3723991933243,-38.723922761514,-47.1775580126632,119.663492205479,3.44956572382848,-9.84362463095,1.33558239399523,0.99666133565744,-5 to -55 dB,6.52828023976091,9.83333333333333,-54.7536357718396,-38.9901721539983,-47.2698346151466,130.845853613137,2.84175088236561,-14.082821601719,1.33892669305586,0.996932683367071,-5 to -55 dB,6.94296720509152,8.85416666666667,-53.0184213978243,-36.4880185489255,-46.9081727227634,84.7485676247907,2.43114714339381,-10.5581450268486,1.30513111072851,0.987080131840115,-5 to -55 dB,4.26923644852864,8.14583333333333,-48.0477514031787,-30.8938097783615,-Inf,0,7.11296893029041,-1.26178709172726,1.20607721043593,0.975518832335163,-5 to -55 dB,0,8.14583333333333
60,45,full,1,1,1,1,-0.75,-54.3723991933243,-38.723922761514,-47.0426526606886,117.61438575439,3.44956572382848,-9.84362463095,1.33558239399523,0.99666133565744,-5 to -55 dB,6.86297682253058,9.83333333333333,-54.7887121224505,-38.9679439829862,-47.0844633052929,128.502463143492,2.79014074809934,-14.1601480179493,1.33905163878616,0.996942178765004,-5 to -55 dB,7.31144656903124,8.89583333333333,-52.9735441605238,-36.4598717935764,-46.7053908675018,80.5244158844234,2.61739976584263,-10.6457729483492,1.30663341076096,0.987611555913755,-5 to -55 dB,4.64330170434491,8.1875,-47.8735033009655,-30.9711121105729,-Inf,0,7.12317190200417,-0.484844678530937,1.18871941497955,0.97659634865075,-5 to -55 dB,0,8.1875
60,46,full,1,1,1,1,-0.7,-54.3723991933243,-38.723922761514,-47.2587586625579,112.049987732645,3.44956572382848,-9.84362463095,1.33558239399523,0.99666133565744,-5 to -55 dB,5.75693948675068,9.83333333333333,-54.8102131988952,-38.9070807133777,-47.3573786398718,119.224846544786,2.76235534660716,-14.1605508992941,1.33921248726852,0.99695439775587,-5 to -55 dB,6.2172050995902,8.95833333333333,-53.1003179535587,-36.627209472357,-46.9751286174758,78.562011831403,2.5507218891239,-10.5463549099616,1.31090296668344,0.988469267083501,-5 to -55 dB,3.78609717307832,8.25,-48.2114890734133,-33.0123715470171,-Inf,0,6.72699991157196,-0.279480597486781,1.26839331472933,0.971084614033523,-5 to -55 dB,0,8.25
60,47,full,1,1,1,1,-0.65,-54.3723991933243,-38.723922761514,-47.5744784615227,109.764660878998,3.44956572382848,-9.84362463095,1.33558239399523,0.99666133565744,-5 to -55 dB,5.09561667486364,9.83333333333333,-54.8024062861388,-38.9595755084125,-47.6762974182886,118.773554039966,2.77582234175086,-14.2543326647674,1.33920836406651,0.996953838701983,-5 to -55 dB,5.55131696023129,9,-53.1139658881202,-36.7035083966556,-47.2940813270762,78.0004330096212,2.63740065515087,-10.5637389112195,1.31248529057555,0.98909599988024,-5 to -55 dB,3.21842574919147,8.29166666666667,-48.6251380530231,-33.2561726614979,-Inf,0,6.69346911851393,-0.44612427724198,1.28255281320221,0.97831744986726,-5 to -55 dB,0,8.29166666666667
60,48,full,1,1,1,1,-0.6,-54.3723991933243,-38.723922761514,-48.133469461535,110.5982594895,3.44956572382848,-9.84362463095,1.33558239399523,0.99666133565744,-5 to -55 dB,4.15495996813773,9.83333333333333,-54.748059423288,-38.976276246973,-48.242966344139,120.624833714929,2.86031891272519,-14.3869634438846,1.33892051688041,0.996931982748888,-5 to -55 dB,4.54991534292454,9.0625,-53.1851449148684,-36.6988620791183,-47.8981541231947,78.4093296866909,2.63684084343263,-10.5269616837361,1.3146539693603,0.989795059680815,-5 to -55 dB,2.47083252664705,8.35416666666667,-49.3599252318923,-33.4534199243125,-Inf,0,6.11563174600318,-0.61695553013677,1.3236564935218,0.975951890167171,-5 to -55 dB,0,8.35416666666667
60,49,full,1,1,1,1,-0.55,-54.3723991933243,-38.723922761514,-48.5964889998475,88.6527734368081,3.44956572382848,-9.84362463095,1.33558239399523,0.99666133565744,-5 to -55 dB,4.85029995000917,9.83333333333333,-54.7507772613701,-38.8998596924744,-48.7051251557515,93.7106067403972,2.86194674322461,-14.4458601414403,1.33892236148493,0.996932123949702,-5 to -55 dB,5.24815070581974,9.10416666666667,-53.1938977924001,-36.8363109460207,-48.4389718485556,62.6124777362678,2.74254729006311,-10.5288788355329,1.31664368128402,0.990454297792749,-5 to -55 dB,3.22425484910435,8.39583333333333,-49.9002956025465,-34.3035960763851,-Inf,0,6.65078892423493,-2.51536295764757,1.26363493985831,0.981890427175989,-5 to -55 dB,0,8.39583333333333
60,50,full,1,1,1,1,-0.5,-54.3723991933243,-38.723922761514,-49.0376259486026,74.9412489929721,3.44956572382848,-9.84362463095,1.33558239399523,0.99666133565744,-5 to -55 dB,4.11722005065678,9.83333333333333,-54.7660909059685,-38.9221685950886,-49.1330314085833,78.8802371634378,2.83244744580456,-14.4572883015413,1.33892945124604,0.996930699826109,-5 to -55 dB,4.53246700960005,9.16666666666667,-53.262619110101,-36.8290357880718,-48.6710594271055,57.6069767275458,2.76174078959305,-10.4874084736782,1.31836429619931,0.991102367052134,-5 to -55 dB,2.62339741998015,8.45833333333333,-50.3035042467684,-35.3552143198746,-Inf,0,5.970053950782,-3.30559076949527,1.27345117179554,0.985822709704801,-5 to -55 dB,0,8.45833333333333
60,51,full,1,1,1,1,-0.45,-54.3723991933243,-38.723922761514,-48.8809357747977,104.077411137451,3.44956572382848,-9.84362463095,1.33558239399523,0.99666133565744,-5 to -55 dB,4.49094267262704,9.83333333333333,-54.6801971067949,-38.9151179198408,-48.9916506438656,105.75252296524,2.96490035617884,-14.2418158888506,1.33832735816922,0.996884766350396,-5 to -55 dB,4.81878298958998,9.22916666666667,-53.2502410854091,-36.9196850724821,-48.7367633032219,72.2576442240171,2.90372202988174,-10.5685854725891,1.31959709783218,0.991679420813655,-5 to -55 dB,3.09661913552445,8.52083333333333,-50.1404187913133,-34.8334106056945,-Inf,0,6.83562842731036,-0.416202418910763,1.27958096038419,0.983665545219747,-5 to -55 dB,0,8.52083333333333
60,52,full,1,1,1,1,-0.4,-54.3723991933243,-38.723922761514,-49.5266758438679,62.5208838688338,3.44956572382848,-9.84362463095,1.33558239399523,0.99666133565744,-5 to -55 dB,3.52716002093165,9.83333333333333,-54.7804049486134,-38.9298728808561,-49.65359128109,64.1776672077613,2.82301861135227,-13.0187478811396,1.33901623318234,0.996937295734178,-5 to -55 dB,3.95145172367659,9.29166666666667,-53.3531269726596,-37.4777661825132,-49.4720622724181,44.4921456286073,3.01322345257272,-10.68032126884,1.32105009136882,0.992269450046752,-5 to -55 dB,2.22155955100928,8.66666666666667,-51.2342364879576,-36.4507652969588,-Inf,0,5.89525038722976,-1.62330331474791,1.27730714142387,0.988871175743639,-5 to -55 dB,0,8.66666666666667
60,53,full,1,1,1,1,-0.35,-54.3723991933243,-38.723922761514,-50.2031342328984,46.8633438005186,3.44956572382848,-9.84362463095,1.33558239399523,0.99666133565744,-5 to -55 dB,2.70414196668546,9.83333333333333,-54.8095736560534,-38.9001996662224,-50.317840623369,44.6869534987848,2.78524434742608,-11.3767526077088,1.33919989020783,0.996951284931771,-5 to -55 dB,3.14398721942427,9.35416666666667,-53.6323196384868,-37.716298396004,-50.1073222016385,39.0302999751955,2.85389341692856,-10.5218506336621,1.32567794758059,0.993128977419601,-5 to -55 dB,1.72535608774538,8.8125,-51.9462596950547,-37.3476320750052,-Inf,0,5.38184717145857,-3.55137474335155,1.2873051706024,0.990636172685613,-5 to -55 dB,0,8.8125
60,54,full,1,1,1,1,-0.3,-54.3723991933243,-38.723922761514,-50.7301359518913,37.9815739592023,3.44956572382848,-9.84362463095,1.33558239399523,0.99666133565744,-5 to -55 dB,1.4417426350025,9.83333333333333,-54.7550822533144,-38.9394801591633,-50.8129038342283,33.6351223022236,2.85402933029348,-10.709072873138,1.33888789092209,0.996924097271298,-5 to -55 dB,1.76903874876702,9.41666666666667,-53.6050974806927,-37.7691242163452,-50.5557264879759,32.693811256427,3.158603711994,-10.802329393757,1.32517188792813,0.993509425103475,-5 to -55 dB,0.870856680860693,8.95833333333333,-52.8791023318691,-38.114699935458,-Inf,0,4.74318633629646,-3.85805240746765,1.36264099815651,0.988745060299235,-5 to -55 dB,0,8.95833333333333
60,55,full,1,1,1,1,-0.25,-54.3723991933243,-38.723922761514,-51.1693035970327,30.6814249903296,3.44956572382848,-9.84362463095,1.33558239399523,0.99666133565744,-5 to -55 dB,1.36466242443585,9.83333333333333,-54.679890518916,-38.8584637230872,-51.3115646286481,25.211299259466,2.9697114460923,-10.0648249768472,1.33844730606368,0.996890391971097,-5 to -55 dB,1.66018213464511,9.47916666666667,-53.8920258769295,-38.0564292250438,-51.1732295180072,26.899503675543,2.97905286551559,-10.6268062940775,1.32897501231661,0.994270672681112,-5 to -55 dB,0.705393024362548,9.10416666666667,-53.6790707721516,-38.4026063850236,-Inf,0,3.76404709299871,-7.28909036015987,1.31688893110746,0.991667501120392,-5 to -55 dB,0,9.10416666666667
60,56,full,1,1,1,1,-0.2,-54.3723991933243,-38.723922761514,-51.3104001895838,23.8776426875268,3.44956572382848,-9.84362463095,1.33558239399523,0.99666133565744,-5 to -55 dB,0.740340883437829,9.83333333333333,-54.7015730117674,-38.8199301492008,-51.5149437619388,20.8124441058661,2.92737290284952,-9.91692967189495,1.3387590070365,0.996909967983359,-5 to -55 dB,0.913567659742643,9.54166666666667,-53.9958688495522,-38.0892864135251,-51.6174575649796,27.1799636210778,3.06568580098226,-10.6701626816237,1.33051166584172,0.994810028943634,-5 to -55 dB,0.734949691938221,9.25,-53.8608478535953,-38.4695162353883,-Inf,0,3.72873953239585,-8.12576284826843,1.38237581146695,0.99201444604832,-5 to -55 dB,0,9.25
60,57,full,1,1,1,1,-0.15,-54.3723991933243,-38.723922761514,-51.7314548041475,12.858846881585,3.44956572382848,-9.84362463095,1.33558239399523,0.99666133565744,-5 to -55 dB,0.664162537885184,9.83333333333333,-54.7770628026718,-38.9885660990979,-52.0237350937361,19.696781578153,2.82674456355151,-10.2304413020265,1.33910135441719,0.996936136580695,-5 to -55 dB,1.00060262229828,9.625,-53.958886466766,-38.2455974266829,-51.5074538442218,24.1659789538231,3.36501098842574,-10.2497876011894,1.33042300552128,0.995191310054535,-5 to -55 dB,0.482550161814934,9.39583333333333,-53.9588715726988,-38.3974400234749,-Inf,0,3.94868608191199,-9.20829537461765,1.33224179896092,0.99567687003344,-5 to -55 dB,0,9.39583333333333
60,58,full,1,1,1,1,-0.1,-54.3723991933243,-38.723922761514,-52.3777375279191,12.1524929687133,3.44956572382848,-9.84362463095,1.33558239399523,0.99666133565744,-5 to -55 dB,0.467069487214016,9.83333333333333,-54.6037008338434,-38.7838216509976,-52.4743152650355,15.3870265538669,3.1004345285783,-10.0774406347282,1.33775108058537,0.996832626938531,-5 to -55 dB,0.642163012715738,9.6875,-54.0353888428022,-38.1521698286667,-53.052094775806,22.0990244930516,3.48512651500816,-10.0226883140912,1.33113270789474,0.995627648871179,-5 to -55 dB,0.403322537277727,9.54166666666667,-53.9999515223045,-38.382623345732,-Inf,0,3.98605864487247,-9.3091060021918,1.34450711490059,0.995633361609706,-5 to -55 dB,0,9.54166666666667
60,59,full,1,1,1,1,-0.05,-54.3723991933243,-38.723922761514,-52.3774456630951,12.0781270918842,3.44956572382848,-9.84362463095,1.33558239399523,0.99666133565744,-5 to -55 dB,0.841553095496718,9.83333333333333,-54.8601334247744,-39.0486030429628,-52.7177797040865,23.184604755625,2.70793695883496,-9.28464110414155,1.33971313138329,0.996981404512744,-5 to -55 dB,1.26264376170724,9.77083333333333,-54.5257058331028,-38.7766993719554,-53.5895162031463,24.982707325936,3.00491930709098,-10.372738427221,1.33689404473309,0.996437205982401,-5 to -55 dB,0.904366705544151,9.6875,-54.0989074431467,-38.3997423809909,-Inf,0,3.93392551371703,-9.4246217601667,1.32777203610135,0.993634950554079,-5 to -55 dB,0,9.6875
60,60,full,1,1,1,1,0,-54.3723991933243,-38.723922761514,-Inf,-0.115347283891013,3.44956572382848,-9.84362463095,1.33558239399523,0.99666133565744,-5 to -55 dB,0,9.83333333333333,-54.1316484642631,-38.5528322379094,-77.3230869418644,6.46993773562723,3.79520430285693,-9.78685996039971,1.33267155138412,0.996447824542474,-5 to -55 dB,0.240977838063732,9.83333333333333,-53.509894560509,-38.1448117754768,-68.3943977051621,19.2865451978218,4.65294064923199,-11.0386627587715,1.32604421809369,0.995968674674131,-5 to -55 dB,0.863263161111489,9.83333333333333,-54.3723991933243,-38.723922761514,-Inf,0,3.44956572382848,-9.84362463095,1.33558239399523,0.99666133565744,-5 to -55 dB,0,9.83333333333333
60,61,full,1,1,1,1,0.05,-54.3723991933243,-38.723922761514,-52.9982968367754,14.0047044322297,3.44956572382848,-9.84362463095,1.33558239399523,0.99666133565744,-5 to -55 dB,0.295791013492665,9.83333333333333,-54.9409262670562,-39.0652479972258,-53.4227168998424,13.0263842748583,2.6115592189774,-9.09292827701901,1.34046731023546,0.997040702396093,-5 to -55 dB,0.687078494766114,9.91666666666667,-54.7086981559039,-39.0952945489182,-53.6891702644416,17.5197056721319,3.16056981325374,-10.5738179834764,1.33877021119072,0.99720902739031,-5 to -55 dB,0.558705258310596,9.97916666666667,-54.8060483976383,-39.1645015023508,-Inf,0,3.26554757288495,-10.0228816955391,1.32635782067436,0.995839865131743,-5 to -55 dB,0,9.97916666666667
60,62,full,1,1,1,1,0.1,-54.3723991933243,-38.723922761514,-52.5400798055682,21.2556875623859,3.44956572382848,-9.84362463095,1.33558239399523,0.99666133565744,-5 to -55 dB,0.761783965686065,9.83333333333333,-54.6633672698803,-38.9848496354332,-52.7214626398242,16.3945866386333,3.04461791476482,-9.69718067974942,1.33824221228917,0.996869771489377,-5 to -55 dB,0.522693834960813,10,-54.71519397903,-38.8504782534585,-53.4451446628869,23.6916474500783,3.3490002726607,-10.7243649742568,1.33861108005207,0.997480620532945,-5 to -55 dB,0.40714338368497,10.125,-55.1765558052908,-39.4563362836076,-Inf,0,2.724638004181,-10.5447443317998,1.34964260574734,0.996754259331999,-5 to -55 dB,0,10.125
60,63,full,1,1,1,1,0.15,-54.3723991933243,-38.723922761514,-52.4438774682744,29.2720700700832,3.44956572382848,-9.84362463095,1.33558239399523,0.99666133565744,-5 to -55 dB,0.845993070495699,9.83333333333333,-54.7574596044453,-38.8442044306254,-52.7444756622201,28.0820720345945,2.90866081462919,-9.56239135040276,1.33895912158064,0.996924189071026,-5 to -55 dB,0.517942377065898,10.0833333333333,-54.8571061900753,-39.0736124304522,-53.3089337480656,27.3157704085323,3.31793340428269,-10.6455190478218,1.33967950128287,0.997817938893668,-5 to -55 dB,0.378927059934925,10.2708333333333,-55.4425921823083,-39.7974072384086,-Inf,0,2.62286111356248,-10.9235649696063,1.35009225640957,0.996037615333635,-5 to -55 dB,0,10.2708333333333
60,64,full,1,1,1,1,0.2,-54.3723991933243,-38.723922761514,-52.2350003086029,36.3240125147912,3.44956572382848,-9.84362463095,1.33558239399523,0.99666133565744,-5 to -55 dB,1.460342513871,9.83333333333333,-54.7268208631084,-39.012334689048,-52.4150175043302,26.3277902013858,2.98594664198511,-9.69265380439506,1.3388150345724,0.996916293738086,-5 to -55 dB,1.15235032420438,10.1666666666667,-55.0098631325433,-40.446703330472,-53.056380909807,28.0981168375458,3.27083348349163,-10.3886986820719,1.3407623796158,0.998124100356411,-5 to -55 dB,0.725860406226981,10.4166666666667,-55.7680868761819,-41.2988528052305,-Inf,0,2.53958792918313,-11.1401572525145,1.36456072255285,0.996155316203825,-5 to -55 dB,0,10.4166666666667
60,65,full,1,1,1,1,0.25,-54.3723991933243,-38.723922761514,-52.3476611484379,43.9985782692598,3.44956572382848,-9.84362463095,1.33558239399523,0.99666133565744,-5 to -55 dB,1.6317685157203,9.83333333333333,-54.8001649040009,-38.9586970373927,-52.5880118696615,36.7832407862632,2.85815653806825,-9.91354859946489,1.33940566699418,0.996961802144651,-5 to -55 dB,1.20399870111143,10.375,-55.39584259556,-40.5184579616599,-53.1260460515664,33.43570087262,2.84165008233172,-10.4801796410107,1.3423635105775,0.998433817925507,-5 to -55 dB,0.425405202264868,10.5625,-55.9076170559564,-41.5064283695023,-Inf,0,2.40774732962669,-11.448337503289,1.37088084798436,0.997409584130992,-5 to -55 dB,0,10.5625
60,66,full,1,1,1,1,0.3,-54.3723991933243,-38.723922761514,-52.2461938304428,45.261384255727,3.44956572382848,-9.84362463095,1.33558239399523,0.99666133565744,-5 to -55 dB,1.91607596536707,9.83333333333333,-54.9681610205609,-39.1825483735773,-52.5858156483788,33.4034708850262,2.6098485983261,-12.1311982256781,1.34069293945547,0.997064506617622,-5 to -55 dB,1.35259629048097,10.4583333333333,-55.1799636628596,-40.5314019940871,-52.9854163247472,36.481281421973,3.30908977021473,-10.649712581487,1.34095230712103,0.99854406971938,-5 to -55 dB,0.86655785708332,10.7083333333333,-56.0518126474526,-41.6022101824781,-Inf,0,2.27247585695833,-11.7535197451008,1.38628855900762,0.996597009871608,-5 to -55 dB,0,10.7083333333333
60,67,full,1,1,1,1,0.35,-54.3723991933243,-38.723922761514,-52.2108596358124,47.6075440576253,3.44956572382848,-9.84362463095,1.33558239399523,0.99666133565744,-5 to -55 dB,2.08902412471974,9.83333333333333,-54.9692313314703,-39.1961479639542,-52.5701800349964,37.6956029526926,2.61697011442686,-12.2822559645206,1.34069443834776,0.997064654490239,-5 to -55 dB,1.51220988666384,10.5416666666667,-55.4438197127673,-40.6366965582532,-52.9844184959336,36.8346541911139,3.04090156882354,-10.6070681437587,1.34167631841732,0.998757265552669,-5 to -55 dB,0.728120478737412,10.8541666666667,-56.193324271076,-41.8085065477098,-Inf,0,2.00523767841772,-12.1738537219089,1.38667549793408,0.99704026043588,-5 to -55 dB,0,10.8541666666667
60,68,full,1,1,1,1,0.4,-54.3723991933243,-38.723922761514,-52.3540132556681,49.5129062564463,3.44956572382848,-9.84362463095,1.33558239399523,0.99666133565744,-5 to -55 dB,2.07492158249067,9.83333333333333,-55.0168720652934,-39.1962144727187,-52.7335929331568,38.2030991325368,2.56733968196285,-12.651189450406,1.34107600349161,0.997096806262292,-5 to -55 dB,1.45701146655501,10.625,-55.4350300463931,-40.6520622935273,-53.0566385108354,37.0548822195094,3.15396456609303,-10.5083636605781,1.34109869350924,0.998880930542395,-5 to -55 dB,0.698870434881838,11,-56.4339543568693,-41.913182986472,-Inf,0,1.91212793540782,-12.4712518100887,1.38241913686549,0.997060001126468,-5 to -55 dB,0,11
60,69,full,1,1,1,1,0.45,-54.3723991933243,-38.723922761514,-52.5183905694105,52.195787058943,3.44956572382848,-9.84362463095,1.33558239399523,0.99666133565744,-5 to -55 dB,3.04052845670242,9.83333333333333,-55.0653388205357,-39.2826800557011,-52.9192496639156,38.8847986683208,2.49980944229149,-12.508099588941,1.34152514187881,0.997130466157795,-5 to -55 dB,2.40807640158337,10.7083333333333,-55.6722996932766,-40.6906561137872,-53.3817745998235,35.29758525976,2.89376937516645,-9.95979914561415,1.34156203789145,0.999032521547448,-5 to -55 dB,1.4679514722512,11.1458333333333,-56.5978840732822,-42.0304367755926,-Inf,0,1.78214185298104,-12.8287068109958,1.45021503641525,0.995191522182002,-5 to -55 dB,0,11.1458333333333
60,70,full,1,1,1,1,0.5,-54.3723991933243,-38.723922761514,-52.7324753775784,58.4311841532373,3.44956572382848,-9.84362463095,1.33558239399523,0.99666133565744,-5 to -55 dB,2.73661738145716,9.83333333333333,-55.1364037807231,-39.2959495398475,-53.2354128976498,43.5257744326128,2.40470214422859,-13.0035725675061,1.34205551188803,0.997171678501091,-5 to -55 dB,2.00511478229919,10.8125,-55.646926103724,-40.7743414921736,-53.6862868033319,37.2543314969155,2.9986661822915,-10.3337507141003,1.34096509950857,0.999119072551685,-5 to -55 dB,0.950279416138302,11.2916666666667,-56.9074681057692,-42.3367516814597,-Inf,0,1.61884455674096,-13.0377029706479,1.39928772858532,0.997397301536582,-5 to -55 dB,0,11.2916666666667
60,71,full,1,1,1,1,0.55,-54.3723991933243,-38.723922761514,-52.8322077583602,61.6658001329598,3.44956572382848,-9.84362463095,1.33558239399523,0.99666133565744,-5 to -55 dB,2.81409652559559,9.83333333333333,-55.1688252563171,-39.2553683032723,-53.3942435509641,48.4371741384414,2.35918340544324,-13.6781478423615,1.3423633756465,0.997195151203204,-5 to -55 dB,2.044590109969,10.8958333333333,-55.865387940301,-40.7837720165927,-53.7972609325497,39.3301686762541,2.70466266426322,-7.49077206909921,1.34137319702133,0.999218929945152,-5 to -55 dB,0.69696482199098,11.4375,-56.9964972298658,-42.3761103807074,-Inf,0,1.57562904949405,-13.2958503691155,1.38423419768981,0.998226129604018,-5 to -55 dB,0,11.4375
60,72,full,1,1,1,1,0.6,-54.3723991933243,-38.723922761514,-52.7902605125804,62.6531720895972,3.44956572382848,-9.84362463095,1.33558239399523,0.99666133565744,-5 to -55 dB,3.28025360924139,9.83333333333333,-55.1793673419517,-39.3132652425022,-53.3303069700517,46.9114086441002,2.35747216239845,-13.4966560975108,1.34244435682874,0.997202438162333,-5 to -55 dB,2.50843971242538,11,-55.9122284332817,-40.78583117626,-53.7471467737412,39.2026133667983,2.66942972893002,-6.91454126726104,1.34100970083985,0.999279512995029,-5 to -55 dB,1.00766668685573,11.5833333333333,-57.2013804484146,-42.5674360928486,-Inf,0,1.53271302513312,-13.3976003358857,1.40223083709597,0.99817680820308,-5 to -55 dB,0,11.5833333333333
60,73,full,1,1,1,1,0.65,-54.3723991933243,-38.723922761514,-52.8285541018854,65.5216440297226,3.44956572382848,-9.84362463095,1.33558239399523,0.99666133565744,-5 to -55 dB,3.43991447651722,9.83333333333333,-55.1690770594876,-39.2723028038814,-53.3369668653319,49.8701717715213,2.38799093592221,-13.4464395477132,1.342333087874,0.99719347601129,-5 to -55 dB,2.6913793830212,11.0833333333333,-56.2118855209776,-40.8816610215029,-54.0810286675699,36.4349979949766,2.0376642927809,-8.50564787353523,1.34183563674162,0.999348698860281,-5 to -55 dB,0.973337450825506,11.7291666666667,-57.4254179606848,-42.8872890149375,-Inf,0,1.65404580509801,-13.5488416659835,1.41098879378166,0.997542805827273,-5 to -55 dB,0,11.7291666666667
60,74,full,1,1,1,1,0.7,-54.3723991933243,-38.723922761514,-52.8119947172387,70.5612047013649,3.44956572382848,-9.84362463095,1.33558239399523,0.99666133565744,-5 to -55 dB,3.12870066826389,9.83333333333333,-55.2026010157383,-39.306942038456,-53.3404038412577,53.284342349052,2.38972145765277,-13.3440333191027,1.34226007023828,0.997188081714708,-5 to -55 dB,2.37067551198204,11.0625,-56.4873672391201,-41.0700834878463,-54.2861605307315,34.9954941183667,1.56428475574433,-9.19742801546801,1.34218025067284,0.999395083268155,-5 to -55 dB,0.57263833624949,11.875,-57.5923948350969,-42.9043163729482,-Inf,0,1.46537049084655,-13.5844777082966,1.36272124921102,0.998795737094778,-5 to -55 dB,0,11.875
60,75,full,1,1,1,1,0.75,-54.3723991933243,-38.723922761514,-52.746245815335,73.5160588496407,3.44956572382848,-9.84362463095,1.33558239399523,0.99666133565744,-5 to -55 dB,4.08492751938761,9.83333333333333,-55.2450631205411,-39.3116368801917,-53.3363773788195,56.6104560785528,2.33109791638957,-13.5664223646793,1.34278098098558,0.997228088804176,-5 to -55 dB,3.30219310371324,11.1458333333333,-56.673275812313,-41.0128454539328,-54.4062445064075,37.408771140225,1.20212219358896,-9.71322597736753,1.3420800440025,0.999412411812563,-5 to -55 dB,1.1356982258058,12.0208333333333,-57.7371450915938,-43.0283457531843,-Inf,0,1.22747544959051,-13.6669300178792,1.43618019510994,0.997687774230496,-5 to -55 dB,0,12.0208333333333
60,76,full,1,1,1,1,0.8,-54.3723991933243,-38.723922761514,-52.6912887256352,74.9484850433435,3.44956572382848,-9.84362463095,1.33558239399523,0.99666133565744,-5 to -55 dB,4.44917918325403,9.83333333333333,-55.2878423968908,-39.3313693330327,-53.2660460509934,57.9512567178686,2.26600683926206,-13.7585732368901,1.34306259481645,0.99724888056418,-5 to -55 dB,3.62535779075858,11.25,-56.7685355703646,-41.0930337923616,-54.3678247444534,33.9351311709517,1.11621446952292,-9.89030321377768,1.34107614396289,0.999403823329579,-5 to -55 dB,1.30154664278606,12.1666666666667,-57.886352260917,-43.1176703851075,-Inf,0,1.11168640353389,-13.7469962020831,1.44075921071172,0.997921399830198,-5 to -55 dB,0,12.1666666666667
60,77,full,1,1,1,1,0.85,-54.3723991933243,-38.723922761514,-52.8260488323563,76.4881021195834,3.44956572382848,-9.84362463095,1.33558239399523,0.99666133565744,-5 to -55 dB,3.9945891130402,9.83333333333333,-55.2493421912103,-39.332595967273,-53.4230474411623,59.3464702845486,2.32720299886519,-12.7187958794458,1.34279148837469,0.997228777157647,-5 to -55 dB,3.20773217664541,11.3541666666667,-56.7311349337657,-41.0174581386631,-54.4258705347526,40.5508176053846,1.24840609632254,-9.6519458047071,1.33954418230692,0.999376507101003,-5 to -55 dB,0.974939414367843,12.3125,-58.0480528018791,-43.1899379179902,-Inf,0,1.34638284359838,-13.6277441696444,1.41864828048927,0.998391845616133,-5 to -55 dB,0,12.3125
60,78,full,1,1,1,1,0.9,-54.3723991933243,-38.723922761514,-52.8324446474905,78.7747839472134,3.44956572382848,-9.84362463095,1.33558239399523,0.99666133565744,-5 to -55 dB,4.69759005135851,9.83333333333333,-55.2303852327845,-39.3062894386301,-53.3755309021418,61.7814473291289,2.35724220223861,-8.08161775602382,1.34257353593755,0.997211872704671,-5 to -55 dB,3.94072126021739,11.4583333333333,-57.1265223650856,-41.2342601834003,-54.6181105399372,35.6972304560582,0.636486743676712,-9.30242424111025,1.33954992515345,0.999354000408078,-5 to -55 dB,1.37336814893461,12.4583333333333,-58.1876680772331,-43.3241684090829,-Inf,0,1.05415326430717,-13.7740484073716,1.43976840104541,0.998214222748581,-5 to -55 dB,0,12.4583333333333
60,79,full,1,1,1,1,0.95,-54.3723991933243,-38.723922761514,-52.8001098185407,81.9551137395554,3.44956572382848,-9.84362463095,1.33558239399523,0.99666133565744,-5 to -55 dB,5.37478739285846,9.83333333333333,-55.1946404137178,-39.3122575100082,-53.3611891290704,64.4986699356519,2.41929177801164,-7.63951603241836,1.34217204837293,0.997180363876767,-5 to -55 dB,4.65594984659998,11.5625,-56.89941459461,-41.1475242393528,-54.478163851549,41.9304563964536,1.1542822268679,-9.65415966199278,1.33778057624466,0.99931782476079,-5 to -55 dB,2.16085771000881,12.6041666666667,-58.3265918224942,-43.4595006896834,-Inf,0,0.886013759898953,-13.9720232000229,1.46125145914608,0.998810988632181,-5 to -55 dB,0,12.6041666666667
60,80,full,1,1,1,1,1,-54.3723991933243,-38.723922761514,-52.787883916377,87.5803044502364,3.44956572382848,-9.84362463095,1.33558239399523,0.99666133565744,-5 to -55 dB,5.13929895739061,9.83333333333333,-55.180631515574,-39.3160511937402,-53.3183354181041,70.897222783651,2.44209681057874,-7.51916250186594,1.34210145777743,0.997174535717081,-5 to -55 dB,4.43128346929135,11.6458333333333,-57.1011027387123,-41.2602607719864,-54.6078564657497,44.7729218714137,0.873038955310996,-10.0690612731834,1.33748406403099,0.999307656997648,-5 to -55 dB,1.76623461058729,12.75,-58.52741040168,-43.564254306738,-Inf,0,0.495469801775222,-13.9614716186138,1.44104429774812,0.998688810368837,-5 to -55 dB,0,12.75
60,81,full,1,1,1,1,1.05,-54.3723991933243,-38.723922761514,-52.8890145795967,91.1763147091055,3.44956572382848,-9.84362463095,1.33558239399523,0.99666133565744,-5 to -55 dB,5.13791029461607,9.83333333333333,-55.1899843073778,-39.3409159169602,-53.426204436203,74.0863626190559,2.43397797116195,-7.41059034485757,1.34213632928353,0.997177327470796,-5 to -55 dB,4.42261026611113,11.75,-57.2004848084637,-41.3346626031363,-54.7582188123861,45.8013707977156,0.833689725257701,-10.0391426839788,1.33639783714489,0.999305926319435,-5 to -55 dB,1.72120591118487,12.8958333333333,-58.6674715014828,-43.7444113987305,-Inf,0,0.482213436972361,-14.1062975458601,1.4282519039455,0.999046450436011,-5 to -55 dB,0,12.8958333333333
60,82,full,1,1,1,1,1.1,-54.3723991933243,-38.723922761514,-52.9070695660175,95.3152888703109,3.44956572382848,-9.84362463095,1.33558239399523,0.99666133565744,-5 to -55 dB,5.67153951169134,9.83333333333333,-55.2489984238879,-39.3614036594362,-53.5212345102245,77.247317947159,2.35887064622272,-7.31639738357423,1.34278859133806,0.997227497858432,-5 to -55 dB,4.90783058066509,11.8541666666667,-57.3512934028555,-41.5141366111238,-54.9673337885617,45.051936627408,0.710785554137722,-10.021560490969,1.33508403686171,0.999309204744692,-5 to -55 dB,2.24865385873595,13.0416666666667,-58.9607421687767,-43.9320540956233,-Inf,0,0.187418382656807,-14.1012890194798,1.44355653473993,0.999110274791368,-5 to -55 dB,0,13.0416666666667
60,83,full,1,1,1,1,1.15,-54.3723991933243,-38.723922761514,-53.0209604683957,99.9870968737463,3.44956572382848,-9.84362463095,1.33558239399523,0.99666133565744,-5 to -55 dB,5.66140667408406,9.83333333333333,-55.253681308135,-39.3909224597923,-53.6179055243147,81.6704191649669,2.33178311180787,-7.10424076897754,1.34305148802169,0.997247152120421,-5 to -55 dB,4.8774937671757,12.0833333333333,-57.4154614306406,-41.5206900670942,-55.0840355298278,52.2400242533603,0.724714159499493,-9.97810501401736,1.33307382846211,0.99930956813889,-5 to -55 dB,2.33655963234705,13.1875,-59.1362574262751,-44.0481833768437,-Inf,0,0.336549839323734,-14.1017171581604,1.44494723677324,0.998781710578154,-5 to -55 dB,0,13.1875
60,84,full,1,1,1,1,1.2,-54.3723991933243,-38.723922761514,-53.057421004905,104.940253172728,3.44956572382848,-9.84362463095,1.33558239399523,0.99666133565744,-5 to -55 dB,6.25607070967239,9.83333333333333,-55.2954098773955,-39.4336590203595,-53.7125137642101,85.430737667859,2.27605560186722,-6.97441194284851,1.3433630460778,0.997270203009573,-5 to -55 dB,5.43456756609309,12.2083333333333,-57.487181842885,-41.6542956408926,-55.2552790334215,53.0493685197885,0.707264689476682,-10.259289752392,1.33094938738907,0.999306003360207,-5 to -55 dB,2.97982815248507,13.3333333333333,-59.4286658967646,-44.175569356094,-Inf,0,-0.45621418556999,-14.0366138827923,1.46575350984694,0.99871589619043,-5 to -55 dB,0,13.3333333333333
60,85,full,1,1,1,1,1.25,-54.3723991933243,-38.723922761514,-53.160126468639,107.111215376635,3.44956572382848,-9.84362463095,1.33558239399523,0.99666133565744,-5 to -55 dB,6.13592570713999,9.83333333333333,-55.2912942405506,-39.3519599653405,-53.8216146014104,90.3286330054424,2.287186743621,-6.96549612778952,1.34334173215821,0.997268605080278,-5 to -55 dB,5.3207053659979,12.3125,-57.5867534997868,-41.7672730576076,-55.3821712276691,52.6743845936411,0.678131026705517,-10.2116559742615,1.32870825895691,0.999299816413059,-5 to -55 dB,2.87418586364203,13.4791666666667,-59.5202669956077,-44.1867408319407,-Inf,0,-0.595032495012543,-14.1516755231926,1.43961622696077,0.999472227125558,-5 to -55 dB,0,13.4791666666667
60,86,full,1,1,1,1,1.3,-54.3723991933243,-38.723922761514,-53.1776299857147,110.107240959988,3.44956572382848,-9.84362463095,1.33558239399523,0.99666133565744,-5 to -55 dB,6.19205431283743,9.83333333333333,-55.3035500762156,-39.3588814881087,-53.8486890125813,94.1866614773535,2.277580917055,-6.85705625815104,1.34340582360117,0.997273430724906,-5 to -55 dB,5.3688921244829,12.4166666666667,-57.7287222695279,-41.8949665177407,-55.4724051745339,51.5270799648838,0.588493934017861,-10.2540290729004,1.3267572405997,0.999291699982138,-5 to -55 dB,3.01515115701106,13.625,-59.611913589773,-44.3017259074132,-Inf,0,-0.59959235263886,-14.307115435172,1.4507059492111,0.99887781501493,-5 to -55 dB,0,13.625
60,87,full,1,1,1,1,1.35,-54.3723991933243,-38.723922761514,-53.1499762252706,114.383094041651,3.44956572382848,-9.84362463095,1.33558239399523,0.99666133565744,-5 to -55 dB,6.29753097107563,9.83333333333333,-55.677553629741,-40.9394388334201,-54.0505638572653,81.4113173283503,1.71862890263374,-9.36193190225244,1.34516722650626,0.997411123268221,-5 to -55 dB,5.11455824032272,12.5208333333333,-57.7426103021074,-42.0142337501212,-55.489638304666,54.0825238121272,0.71874414182622,-10.2174120741649,1.32396292063828,0.999281851788132,-5 to -55 dB,3.28763087763258,13.7708333333333,-59.6568750213167,-44.3979051409193,-Inf,0,-0.714089348384297,-14.4397318915038,1.46436101211508,0.999268621130083,-5 to -55 dB,0,13.7708333333333
60,88,full,1,1,1,1,1.4,-54.3723991933243,-38.723922761514,-53.1102595308139,120.044523670198,3.44956572382848,-9.84362463095,1.33558239399523,0.99666133565744,-5 to -55 dB,6.91775485053797,9.83333333333333,-55.7646031346436,-41.0854482893493,-54.1489631626935,81.5876848357817,1.59069942286024,-10.5895354140225,1.34529061468141,0.997420786792951,-5 to -55 dB,5.66405983368438,12.625,-57.9185006196468,-42.1041165264668,-55.6671724139511,59.4832091571662,0.555367690530681,-9.88600419339999,1.3225035295915,0.999273972983288,-5 to -55 dB,3.90711433435985,13.9166666666667,-59.8960082468696,-44.5342428833797,-Inf,0,-1.07299028282542,-14.4509813767043,1.4759511018309,0.999253366215818,-5 to -55 dB,0,13.9166666666667
60,89,full,1,1,1,1,1.45,-54.3723991933243,-38.723922761514,-53.2435214802202,119.19895268659,3.44956572382848,-9.84362463095,1.33558239399523,0.99666133565744,-5 to -55 dB,6.7475422853624,9.83333333333333,-55.9143761615998,-41.2453342764747,-54.3836232175067,74.4776614933897,1.35901812006613,-11.4205073044025,1.34626218112796,0.997493406409566,-5 to -55 dB,5.34653942921478,12.75,-57.9810053561914,-42.2771900617842,-55.8497693873127,53.9729848937678,0.625781467669139,-9.61091177921389,1.32052639747001,0.999259447676922,-5 to -55 dB,3.84194209264631,14.0625,-60.0685906347361,-44.5536379229876,-Inf,0,-1.34794798224012,-14.5420080810094,1.4740697277705,0.999224955240912,-5 to -55 dB,0,14.0625
60,90,full,1,1,1,1,1.5,-54.3723991933243,-38.723922761514,-53.2039470160843,121.059866315946,3.44956572382848,-9.84362463095,1.33558239399523,0.99666133565744,-5 to -55 dB,6.78055830728576,9.83333333333333,-55.9225818907437,-41.2555357787878,-54.3263207771684,75.2828124582237,1.36489894294629,-11.9559299108985,1.34626438078368,0.997495943891311,-5 to -55 dB,5.37086496926519,12.8541666666667,-58.0620382881771,-42.3275838048736,-55.9566829525461,57.7899284124309,0.626014295366467,-9.33416599934677,1.31906444818377,0.999246282385299,-5 to -55 dB,3.9277729396357,14.2083333333333,-60.1437987685612,-44.6540624166934,-Inf,0,-1.22998686070106,-14.7058317594532,1.46533227365036,0.999445485869255,-5 to -55 dB,0,14.2083333333333
60,91,full,1,1,1,1,1.55,-54.3723991933243,-38.723922761514,-53.2992160726188,123.848965074434,3.44956572382848,-9.84362463095,1.33558239399523,0.99666133565744,-5 to -55 dB,6.97628183898887,9.83333333333333,-55.9918587021916,-41.3298990374323,-54.4826592341838,76.3988497860207,1.25189414139605,-11.9018974465541,1.34705234363591,0.997561161704369,-5 to -55 dB,5.51043720032816,12.9583333333333,-58.1743820263097,-42.4761863788136,-56.1906159096231,57.7580954126017,0.576929340939079,-9.89262102288401,1.31795832315524,0.999236744479706,-5 to -55 dB,4.16821377480186,14.3541666666667,-60.2943814999468,-44.7043503781797,-Inf,0,-1.66583706411402,-14.765505354122,1.47137666134703,0.998990734632244,-5 to -55 dB,0,14.3541666666667
60,92,full,1,1,1,1,1.6,-54.3723991933243,-38.723922761514,-53.3696516520447,124.939694059508,3.44956572382848,-9.84362463095,1.33558239399523,0.99666133565744,-5 to -55 dB,7.63352826457372,9.83333333333333,-55.9917553718163,-41.3550452790682,-54.5887798018519,76.0495550372417,1.30545382621694,-11.9513974641653,1.3467265664862,0.99753255610441,-5 to -55 dB,6.20595772921941,12.9583333333333,-58.1946962295573,-42.522532506796,-56.1853898662803,58.4641069534296,0.655639051767912,-10.2322597954737,1.31660119671307,0.999220614825627,-5 to -55 dB,4.95179894522147,14.5,-60.4227983750245,-44.8945139944688,-Inf,0,-1.81281790467711,-14.919868233761,1.50966375026511,0.998560507968363,-5 to -55 dB,0,14.5
60,93,full,1,1,1,1,1.65,-54.3723991933243,-38.723922761514,-53.3987649608202,125.958759172313,3.44956572382848,-9.84362463095,1.33558239399523,0.99666133565744,-5 to -55 dB,7.49229748159859,9.83333333333333,-56.0285516689588,-41.3444137938128,-54.6599802697378,78.5029103088765,1.24303856229983,-12.6745791095632,1.34710756488808,0.997565378108557,-5 to -55 dB,6.04804611832601,13.0625,-58.3806787519043,-42.7004177274348,-56.2627836184552,55.4023903420908,0.499521787899002,-10.0903748574655,1.31601779323428,0.999215801335852,-5 to -55 dB,4.82404563573433,14.6458333333333,-60.3995655661909,-44.8923775338951,-Inf,0,-1.93431247323649,-15.1178132281899,1.51042837622336,0.998951110952785,-5 to -55 dB,0,14.6458333333333
60,94,full,1,1,1,1,1.7,-54.3723991933243,-38.723922761514,-53.4489645210526,131.195934434084,3.44956572382848,-9.84362463095,1.33558239399523,0.99666133565744,-5 to -55 dB,7.62529921619314,9.83333333333333,-55.9969031460971,-41.3353647849741,-54.6833383705979,83.7125363665355,1.31124870224608,-12.7293644844906,1.34684704139822,0.997541849011361,-5 to -55 dB,6.20386788404691,13.1875,-58.4692153817015,-42.7902317466704,-56.4030586794275,60.4646385019135,0.524677166254808,-10.2118329079387,1.31516744521348,0.999203926286627,-5 to -55 dB,4.9929644449337,14.7916666666667,-60.4821036056103,-44.9795977514292,-Inf,0,-1.90036070695391,-15.1622253618126,1.50799690944652,0.99894517981104,-5 to -55 dB,0,14.7916666666667
60,95,full,1,1,1,1,1.75,-54.3723991933243,-38.723922761514,-53.4430313510552,130.782992725041,3.44956572382848,-9.84362463095,1.33558239399523,0.99666133565744,-5 to -55 dB,7.22524178003027,9.83333333333333,-56.010493896518,-41.3371902790522,-54.7101924356754,83.1647154815684,1.29703401296923,-13.115734074719,1.34699612232176,0.997555453551801,-5 to -55 dB,5.79331071910523,13.2916666666667,-58.4982034363845,-42.8903455306985,-56.4553551546145,59.3882957416861,0.651886683701716,-10.1620619489685,1.31400782684436,0.999185294547131,-5 to -55 dB,4.66284108535342,14.9375,-60.5411603757837,-44.9843293602578,-Inf,0,-1.69055247316315,-15.3478726278558,1.47173858705575,0.999547415804702,-5 to -55 dB,0,14.9375
60,96,full,1,1,1,1,1.8,-54.3723991933243,-38.723922761514,-53.3406599685144,131.99645014227,3.44956572382848,-9.84362463095,1.33558239399523,0.99666133565744,-5 to -55 dB,7.39104258175584,9.83333333333333,-56.0492643330261,-41.3493290474863,-54.6086487965901,84.0208782155699,1.24631330738067,-13.4347322473124,1.34722907250513,0.997576586563646,-5 to -55 dB,5.92070401321593,13.4166666666667,-58.5913660996312,-43.0086287213131,-56.5125843184369,58.276517952697,0.694672159495592,-10.2244318081627,1.31342607035023,0.999174211487206,-5 to -55 dB,4.87210158617501,15.0833333333333,-60.6225392596903,-44.9002677198564,-Inf,0,-1.64878585886057,-15.421401235978,1.4782693680674,0.998565573811993,-5 to -55 dB,0,15.0833333333333
60,97,full,1,1,1,1,1.85,-54.3723991933243,-38.723922761514,-53.4734834691322,134.542736421317,3.44956572382848,-9.84362463095,1.33558239399523,0.99666133565744,-5 to -55 dB,7.92976363180252,9.83333333333333,-56.0230638242392,-41.3430352815,-54.7658737545709,87.1872853052507,1.2933455423117,-13.67938431253,1.34709998445895,0.997563607631855,-5 to -55 dB,6.49451818758654,13.5208333333333,-58.6591488651271,-43.1307843487033,-56.7110049776131,58.3396068157032,0.741821515862131,-10.229164760153,1.31271018233942,0.999160172757158,-5 to -55 dB,5.48806917254378,15.2291666666667,-60.8786575510721,-45.1425040347876,-Inf,0,-1.77395416939298,-15.2776117380943,1.50949896963304,0.998916416150633,-5 to -55 dB,0,15.2291666666667
60,98,full,1,1,1,1,1.9,-54.3723991933243,-38.723922761514,-53.5236519039365,132.494524111632,3.44956572382848,-9.84362463095,1.33558239399523,0.99666133565744,-5 to -55 dB,8.23201587140489,9.83333333333333,-56.0503370683017,-41.327918938422,-54.8510953561059,86.5850047941905,1.25268498243,-13.0424789237317,1.34747584401907,0.997597086711708,-5 to -55 dB,6.76015043244132,13.7708333333333,-58.7490540579145,-43.2197859428224,-56.8483764406944,57.4403967389558,0.808374465889791,-10.2283943575389,1.31219905927296,0.999147208278859,-5 to -55 dB,5.84518397328925,15.375,-60.9686654638056,-45.149001024175,-Inf,0,-1.87646655393042,-15.3231649191822,1.50916077560463,0.997681768515787,-5 to -55 dB,0,15.375
60,99,full,1,1,1,1,1.95,-54.3723991933243,-38.723922761514,-53.5119976847423,135.445353245791,3.44956572382848,-9.84362463095,1.33558239399523,0.99666133565744,-5 to -55 dB,8.14654695842167,9.83333333333333,-55.9989375296655,-41.2929471362015,-54.7803898372982,91.4941003429199,1.37888575888219,-13.1096022715983,1.34711803474751,0.997564845875818,-5 to -55 dB,6.71959321252753,13.875,-58.7596003977392,-43.3166670731189,-56.7597775288655,58.9699044894132,0.956885252742955,-10.3265179314356,1.3114282374227,0.999125928748819,-5 to -55 dB,5.84475313620662,15.5208333333333,-61.0025263658756,-45.1821978114307,-Inf,0,-2.09466128685483,-15.3988192879872,1.49020968072866,0.998946871088236,-5 to -55 dB,0,15.5208333333333
60,100,full,1,1,1,1,2,-54.3723991933243,-38.723922761514,-53.5079972222036,137.467366845552,3.44956572382848,-9.84362463095,1.33558239399523,0.99666133565744,-5 to -55 dB,7.7929145903894,9.83333333333333,-56.0296702387235,-41.3373774547606,-54.8225343444155,92.9467228946063,1.35313290944625,-11.1121234347361,1.34725263956542,0.997580965469628,-5 to -55 dB,6.34850040339311,14,-58.9237889808972,-43.4327844500031,-56.9189347017275,57.9625024550827,0.868131894456438,-10.1855817363158,1.31130970326534,0.999120831263655,-5 to -55 dB,5.45008719976976,15.6666666666667,-61.0183243109357,-45.2709880825495,-Inf,0,-1.81638056634702,-15.4816535288506,1.46402671914901,0.999439138211046,-5 to -55 dB,0,15.6666666666667
75,1,full,1,1,1,1,-3.7,-57.7371450915938,-43.0283457531843,-45.9291643517788,212.757626696745,1.22747544959051,-13.6669300178792,1.43618019510994,0.997687774230496,-5 to -55 dB,14.8827237491197,12.0208333333333,-57.8163183028747,-43.0174117737822,-45.9310863692634,216.56297717948,0.886565479512475,-18.1427019597191,1.43708187848146,0.997723738394169,-5 to -55 dB,15.0429522871022,10.3541666666667,-55.0000272526775,-38.4454769631583,-45.6616062066779,163.300765889537,1.43834445010996,-14.3390340597631,1.26349455366278,0.981774726311545,-5 to -55 dB,8.55080839795309,8.64583333333333,-46.2240927885674,-29.3581884478413,-Inf,0,7.50738373283123,0.367883094910309,0.92841481643138,0.978361273675621,-5 to -55 dB,0,8.64583333333333
75,2,full,1,1,1,1,-3.65,-57.7371450915938,-43.0283457531843,-45.9783407646795,212.177928304295,1.22747544959051,-13.6669300178792,1.43618019510994,0.997687774230496,-5 to -55 dB,14.6685444369933,12.0208333333333,-57.8498588539991,-43.0146972978254,-45.9796971451626,216.488134350133,0.816956311720499,-18.0117957645132,1.43736884664637,0.997734670838985,-5 to -55 dB,14.8634446214111,10.2916666666667,-54.8732985775259,-38.3086853257183,-45.7340625691589,159.2776202101,1.54784685746592,-14.4061674287576,1.2619505741958,0.981642627647957,-5 to -55 dB,8.26362147741788,8.58333333333333,-46.2710811571203,-29.3956575092356,-Inf,0,7.53127222975191,0.108461412387513,0.946439491090746,0.983837818968868,-5 to -55 dB,0,8.58333333333333
75,3,full,1,1,1,1,-3.6,-57.7371450915938,-43.0283457531843,-46.0474200772542,211.392866354133,1.22747544959051,-13.6669300178792,1.43618019510994,0.997687774230496,-5 to -55 dB,14.8931951855944,12.0208333333333,-57.8780948651138,-43.0327306815001,-46.0527691539098,215.989368963482,0.741019771084525,-17.999492970499,1.43772118113896,0.997748353844503,-5 to -55 dB,15.1181233690256,10.2291666666667,-54.7937522370056,-38.1962825526471,-45.7853594251046,155.144850563949,1.57758926908562,-14.4251541639767,1.26134167008052,0.981584778851785,-5 to -55 dB,8.52538301131866,8.52083333333333,-46.3633898560668,-29.3120204859389,-Inf,0,7.49742296735654,-0.43000341665159,0.922649664254588,0.982665627086205,-5 to -55 dB,0,8.52083333333333
75,4,full,1,1,1,1,-3.55,-57.7371450915938,-43.0283457531843,-45.9467831866544,212.01642486743,1.22747544959051,-13.6669300178792,1.43618019510994,0.997687774230496,-5 to -55 dB,14.269160922089,12.0208333333333,-57.7929463935422,-42.9955992106533,-45.9403733022535,215.793582794718,0.890264009965898,-17.9451797321868,1.43679882421889,0.997712864649576,-5 to -55 dB,14.4154644354019,10.1666666666667,-54.7461118294509,-38.14801030289,-45.6510850501777,155.397157805829,1.55499233567155,-14.4141778863661,1.26181453022747,0.981629698418318,-5 to -55 dB,7.92668903999201,8.45833333333333,-46.2223901551396,-29.2064648108613,-Inf,0,7.46428101336516,-0.072386820901153,0.95668906546871,0.98540329961535,-5 to -55 dB,0,8.45833333333333
75,5,full,1,1,1,1,-3.5,-57.7371450915938,-43.0283457531843,-46.0529420814444,210.50289015002,1.22747544959051,-13.6669300178792,1.43618019510994,0.997687774230496,-5 to -55 dB,14.7829693915039,12.0208333333333,-57.7805269245942,-42.979913745105,-46.0482226107253,213.190920840049,0.917444385114173,-17.8380218343771,1.43664697578532,0.997706659147444,-5 to -55 dB,14.9209182535537,10.1041666666667,-54.7366735140067,-38.1526735621987,-45.6804195085228,155.727580599544,1.4679758676841,-14.3703525574986,1.26327690341575,0.981754912889992,-5 to -55 dB,8.55929950192938,8.39583333333333,-46.3231588421517,-29.3447942584804,-Inf,0,7.32053682250371,-0.296551136924811,0.909333002487771,0.986386751112552,-5 to -55 dB,0,8.39583333333333
75,6,full,1,1,1,1,-3.45,-57.7371450915938,-43.0283457531843,-46.0992071274204,211.540151181902,1.22747544959051,-13.6669300178792,1.43618019510994,0.997687774230496,-5 to -55 dB,15.3073689311328,12.0208333333333,-57.8381945803256,-43.0166453210614,-46.0986650679887,215.751493079936,0.807325443212766,-17.7086138334153,1.43733838021995,0.997733504977967,-5 to -55 dB,15.5010699392364,10.0625,-54.6830666855335,-38.116412122503,-45.6587459190608,157.034804373357,1.46177186381894,-14.3686783205627,1.2634572052381,0.981772706518834,-5 to -55 dB,9.01931793345917,8.35416666666667,-46.3942225149221,-29.1947183719681,-Inf,0,7.09484231567776,-0.612564455319111,0.891746149342017,0.983259253143438,-5 to -55 dB,0,8.35416666666667
75,7,full,1,1,1,1,-3.4,-57.7371450915938,-43.0283457531843,-46.316293754431,209.509340681698,1.22747544959051,-13.6669300178792,1.43618019510994,0.997687774230496,-5 to -55 dB,14.7429605424826,12.0208333333333,-57.9073399910896,-43.0561584670876,-46.3148516935951,215.131797300653,0.654117474206689,-17.5719942674344,1.43800540611443,0.99775959130485,-5 to -55 dB,15.0053810127743,10,-54.6209257788241,-38.0436905161138,-45.9175909117966,151.136739633029,1.46108697924282,-14.4143231303511,1.26339000618932,0.98176795655769,-5 to -55 dB,8.44820315678683,8.29166666666667,-46.5739251906582,-29.2746222063988,-Inf,0,6.99627220546337,-0.925976369294485,0.90916972260853,0.987614145022487,-5 to -55 dB,0,8.29166666666667
75,8,full,1,1,1,1,-3.35,-57.7371450915938,-43.0283457531843,-46.5076163411344,207.098968378908,1.22747544959051,-13.6669300178792,1.43618019510994,0.997687774230496,-5 to -55 dB,14.4569800622986,12.0208333333333,-57.8581572908555,-43.0396162784971,-46.5122626179434,212.323157677513,0.736500426055779,-17.6300048598283,1.43751812111172,0.997740391595774,-5 to -55 dB,14.673133817228,9.95833333333333,-54.5571718104371,-37.9719277309835,-46.0463087670201,147.272865518815,1.46733704938426,-14.4514229819572,1.26334399301124,0.981767395017606,-5 to -55 dB,8.16420952290428,8.25,-46.7932066041362,-29.2121360739947,-Inf,0,6.54756552097578,-1.05167843357296,0.902737973603224,0.989379537325857,-5 to -55 dB,0,8.25
75,9,full,1,1,1,1,-3.3,-57.7371450915938,-43.0283457531843,-46.5041980286362,208.462814779104,1.22747544959051,-13.6669300178792,1.43618019510994,0.997687774230496,-5 to -55 dB,14.5158512793855,12.0208333333333,-57.8305071110006,-43.0360699367411,-46.5012823280143,213.06612972181,0.769368041252213,-17.6917164462837,1.43732773553229,0.997733092721602,-5 to -55 dB,14.7083927631854,9.89583333333333,-54.5112376412255,-37.9280889057937,-46.0524755009584,148.391401427501,1.45895821534614,-14.4679232983962,1.26348997054746,0.981782155174015,-5 to -55 dB,8.2588387767666,8.1875,-46.8181060391979,-29.1884041787944,-Inf,0,6.70445251476121,-1.27764004142061,0.91274393070177,0.985239880335611,-5 to -55 dB,0,8.1875
75,10,full,1,1,1,1,-3.25,-57.7371450915938,-43.0283457531843,-46.5767776601452,211.611559027095,1.22747544959051,-13.6669300178792,1.43618019510994,0.997687774230496,-5 to -55 dB,13.9370927333051,12.0208333333333,-57.7711050786554,-42.9916302173795,-46.5757472026738,215.802877349944,0.872657964929849,-17.6991777816354,1.43658648914584,0.997704248590913,-5 to -55 dB,14.075194184983,9.85416666666667,-54.5215240283403,-37.9566104872907,-46.1468458106539,154.504794414705,1.35728513444129,-14.4080189638027,1.26467193327472,0.981890736069882,-5 to -55 dB,7.57270104180477,8.14583333333333,-46.8721112500335,-29.1488370827975,-Inf,0,6.66202218213184,-1.86473761069137,0.954176804334825,0.985978426743846,-5 to -55 dB,0,8.14583333333333
75,11,full,1,1,1,1,-3.2,-57.7371450915938,-43.0283457531843,-46.5443768479397,211.217831317566,1.22747544959051,-13.6669300178792,1.43618019510994,0.997687774230496,-5 to -55 dB,13.6305093381094,12.0208333333333,-57.7940930417585,-42.9822280414695,-46.5623769147269,215.601327050189,0.829957023322644,-17.6885771109465,1.43685949532812,0.997715162033594,-5 to -55 dB,13.7932787781948,9.8125,-54.3727896999232,-37.8106070846919,-46.1402664989213,150.243100081611,1.5314623356077,-14.5348452174593,1.26210690020136,0.981663941116694,-5 to -55 dB,7.3009723503854,8.10416666666667,-46.8720960514217,-29.0861995153498,-Inf,0,6.59800391272649,-1.67360797863122,0.966326343717234,0.98553716722873,-5 to -55 dB,0,8.10416666666667
75,12,full,1,1,1,1,-3.15,-57.7371450915938,-43.0283457531843,-46.5149141888761,210.582243549249,1.22747544959051,-13.6669300178792,1.43618019510994,0.997687774230496,-5 to -55 dB,13.9990090355453,12.0208333333333,-57.8127802062591,-42.9926658839309,-46.5260547561156,214.369878394109,0.794822147900899,-17.6616084883519,1.43707985947234,0.997723659288819,-5 to -55 dB,14.1820365680721,9.77083333333333,-54.3923262071473,-37.8441205494074,-46.1407818512463,151.329185816597,1.42187662777529,-14.4700020366375,1.26402262949171,0.981834728277427,-5 to -55 dB,7.61822103095547,8.0625,-46.9027689043639,-29.1361672178058,-Inf,0,6.86472368985495,-2.17226884632309,0.962432838562978,0.980609608266255,-5 to -55 dB,0,8.0625
75,13,full,1,1,1,1,-3.1,-57.7371450915938,-43.0283457531843,-46.4704853944094,212.205570444155,1.22747544959051,-13.6669300178792,1.43618019510994,0.997687774230496,-5 to -55 dB,14.3050025981305,12.0208333333333,-57.7952860335775,-42.9930350826351,-46.4600456358717,216.000441614765,0.828168961019765,-17.768940008779,1.43688987999975,0.997716317269892,-5 to -55 dB,14.4713273339218,9.72916666666667,-54.3525764267853,-37.8129385147722,-46.0698196883202,152.001525094831,1.4011902835755,-14.4869595793169,1.26416573946259,0.981850885820666,-5 to -55 dB,8.04537102217129,8.02083333333333,-46.8374941351623,-29.0246742858823,-Inf,0,6.33720606359897,-1.93091626864638,0.908992466557001,0.98834978025762,-5 to -55 dB,0,8.02083333333333
75,14,full,1,1,1,1,-3.05,-57.7371450915938,-43.0283457531843,-46.464762500581,210.347476076594,1.22747544959051,-13.6669300178792,1.43618019510994,0.997687774230496,-5 to -55 dB,14.2157200190559,12.0208333333333,-57.8273911582491,-43.0205252424121,-46.46815184502,214.245750739035,0.766601757301222,-17.7811243030159,1.43732107222894,0.997732837194433,-5 to -55 dB,14.4147954486367,9.70833333333333,-54.3266941380843,-37.7980538330478,-46.1007530379809,150.392546750903,1.3703898891483,-14.4740864381063,1.26450321600835,0.98188595254427,-5 to -55 dB,7.93798436122425,8,-46.8430550685355,-28.9934986501303,-Inf,0,6.34008615380387,-2.38802286982208,0.926659662480295,0.98472608756487,-5 to -55 dB,0,8
75,15,full,1,1,1,1,-3,-57.7371450915938,-43.0283457531843,-46.2168479409206,216.38518985824,1.22747544959051,-13.6669300178792,1.43618019510994,0.997687774230496,-5 to -55 dB,13.907313935411,12.0208333333333,-57.8157986155326,-43.0189710247986,-46.2264307779187,221.846700130802,0.783013331718788,-17.8517745300986,1.437133839822,0.997725722963366,-5 to -55 dB,14.0971050205203,9.66666666666667,-54.3147383435599,-37.800111440855,-45.7690783308442,157.150017100791,1.32694732449266,-14.4494086858116,1.26538546377657,0.981970431775424,-5 to -55 dB,7.59122341629391,7.95833333333333,-46.6288297897921,-28.7752891371434,-Inf,0,6.42752217223355,-2.20744656442677,0.955922260978906,0.983045306076388,-5 to -55 dB,0,7.95833333333333
75,16,full,1,1,1,1,-2.95,-57.7371450915938,-43.0283457531843,-46.1679498309345,214.829000848425,1.22747544959051,-13.6669300178792,1.43618019510994,0.997687774230496,-5 to -55 dB,13.2221781832887,12.0208333333333,-57.8333119865187,-43.0337696458278,-46.1657534659864,220.345685741913,0.748438501137052,-17.9771781634305,1.4373297413119,0.997733171897707,-5 to -55 dB,13.430864762329,9.64583333333333,-54.2746796450904,-37.7724259445629,-45.831334574249,155.386135654761,1.33963500475241,-14.4565312810242,1.26531277612604,0.981968929169917,-5 to -55 dB,6.97581522140009,7.9375,-46.5813575189225,-28.9178819870904,-Inf,0,6.58582868444044,-2.05597357946754,0.99584322594918,0.979854497901262,-5 to -55 dB,0,7.9375
75,17,full,1,1,1,1,-2.9,-57.7371450915938,-43.0283457531843,-46.0887472250161,212.876283052965,1.22747544959051,-13.6669300178792,1.43618019510994,0.997687774230496,-5 to -55 dB,14.0516285939913,12.0208333333333,-57.8202653620252,-43.024687664994,-46.0851209949706,218.553022938833,0.766011848195519,-18.044247566265,1.43721068091243,0.997728624188399,-5 to -55 dB,14.2490449150663,9.60416666666667,-54.3437386636108,-37.8920287267379,-45.7715698351372,160.73550278802,1.16538229318178,-14.372552862326,1.26700983843109,0.982122895919712,-5 to -55 dB,7.78047729398,7.89583333333333,-46.4325133592359,-29.0105043586862,-Inf,0,6.48157654638603,-2.09662012904444,0.94899071036939,0.983658457513422,-5 to -55 dB,0,7.89583333333333
75,18,full,1,1,1,1,-2.85,-57.7371450915938,-43.0283457531843,-46.0418489463496,215.748713714163,1.22747544959051,-13.6669300178792,1.43618019510994,0.997687774230496,-5 to -55 dB,13.9910477838745,12.0208333333333,-57.8325347230771,-43.0291719188054,-46.0382550785339,221.255969065608,0.742905204973719,-17.8559857461047,1.4373297413119,0.997733171897707,-5 to -55 dB,14.2014436108296,9.58333333333333,-54.3223904427127,-37.8657251026619,-45.6055087720461,163.524799652471,1.15525923417209,-14.3658051638401,1.26723508044211,0.982150104162322,-5 to -55 dB,7.79965573666921,7.875,-46.3718317377734,-28.9260026399122,-Inf,0,6.98235577523473,-2.13906267123435,0.949262808131282,0.986469621849793,-5 to -55 dB,0,7.875
75,19,full,1,1,1,1,-2.8,-57.7371450915938,-43.0283457531843,-45.7930525916658,213.335678879179,1.22747544959051,-13.6669300178792,1.43618019510994,0.997687774230496,-5 to -55 dB,13.8689517900945,12.0208333333333,-57.7847389790831,-43.0041087840308,-45.7965814725608,218.582116447062,0.828031050521696,-17.8734293033279,1.43666109957413,0.997707245129089,-5 to -55 dB,14.0346436927126,9.5625,-54.1993584614669,-37.6954829587318,-45.4070236773757,152.533780855257,1.32860599851001,-14.4686417851294,1.26625822275292,0.98206815596388,-5 to -55 dB,7.63397392299579,7.85416666666667,-46.1252341136902,-28.834987672347,-Inf,0,7.17340949226551,-1.58464028548787,0.96862951403855,0.984632789427612,-5 to -55 dB,0,7.85416666666667
75,20,full,1,1,1,1,-2.75,-57.7371450915938,-43.0283457531843,-45.7337939491332,215.275181988323,1.22747544959051,-13.6669300178792,1.43618019510994,0.997687774230496,-5 to -55 dB,13.8200555710821,12.0208333333333,-57.7969354341536,-43.0083491933205,-45.7357435510893,220.325176194951,0.798461647131358,-17.7307753406275,1.43690705018132,0.997716977218517,-5 to -55 dB,13.9995216402775,9.54166666666667,-54.1520155065075,-37.6635406239287,-45.3233115612853,154.162889186229,1.37209164287204,-14.4946256568765,1.26563008417625,0.982021538383489,-5 to -55 dB,7.59158668586205,7.83333333333333,-46.0431525225309,-28.8048735510328,-Inf,0,7.29460133803481,-1.81121369955504,0.963029430713793,0.983251233875828,-5 to -55 dB,0,7.83333333333333
75,21,full,1,1,1,1,-2.7,-57.7371450915938,-43.0283457531843,-45.7308448064091,214.370836355392,1.22747544959051,-13.6669300178792,1.43618019510994,0.997687774230496,-5 to -55 dB,14.5497340078555,12.0208333333333,-57.8087481868184,-43.0130590239165,-45.7356085458743,219.424165793983,0.771411814344586,-17.6480302189787,1.43703216905961,0.997721853785103,-5 to -55 dB,14.7405386161765,9.52083333333333,-54.2398434576125,-37.8013177451421,-45.3143658297554,159.938951613121,1.18275419737863,-14.3835608123007,1.267641195244,0.982211334934835,-5 to -55 dB,8.36813303842103,7.8125,-46.0651387819634,-28.9218007032927,-Inf,0,7.32867850752205,-1.90031816248827,0.946932830221917,0.980470509261186,-5 to -55 dB,0,7.8125
75,22,full,1,1,1,1,-2.65,-57.7371450915938,-43.0283457531843,-45.7098997783715,215.204722990455,1.22747544959051,-13.6669300178792,1.43618019510994,0.997687774230496,-5 to -55 dB,14.2937607890834,12.0208333333333,-57.8148457347934,-43.0147866411091,-45.6925521337918,219.681206914676,0.758098497922863,-17.7777175660009,1.437133839822,0.997725722963366,-5 to -55 dB,14.4909667885825,9.5,-54.1347738200037,-37.6451516276139,-45.317931661846,154.015633598903,1.33450274840935,-14.4748446055307,1.26676347803511,0.982139913609915,-5 to -55 dB,7.99131193646121,7.79166666666667,-46.0229569769829,-28.8254484347687,-Inf,0,7.16717174364251,-1.62364703933585,0.939681203321603,0.984563244727386,-5 to -55 dB,0,7.79166666666667
75,23,full,1,1,1,1,-2.6,-57.7371450915938,-43.0283457531843,-45.6825249101586,216.157505610093,1.22747544959051,-13.6669300178792,1.43618019510994,0.997687774230496,-5 to -55 dB,13.4738389037566,12.0208333333333,-57.8051336356551,-43.0092036572573,-45.6736518361124,220.301094154485,0.775908977159158,-17.7184990153671,1.43695588997981,0.997718929667155,-5 to -55 dB,13.6628520430109,9.5,-54.2100872083929,-37.7801323624042,-45.3526695154875,161.881815105708,1.18160800384353,-14.3833236345907,1.26816341521337,0.98228220685992,-5 to -55 dB,7.20613025071277,7.79166666666667,-46.0200913433622,-28.8365745768,-Inf,0,7.07975562964245,-1.48350492204433,1.02771742609428,0.975403747343197,-5 to -55 dB,0,7.79166666666667
75,24,full,1,1,1,1,-2.55,-57.7371450915938,-43.0283457531843,-45.9203679686932,215.027861521198,1.22747544959051,-13.6669300178792,1.43618019510994,0.997687774230496,-5 to -55 dB,13.5773192419027,12.0208333333333,-57.8165303903141,-43.0213691710747,-45.9141840687648,219.552378589787,0.75462290336796,-17.7932602424612,1.43715571111505,0.997726546994518,-5 to -55 dB,13.7771966123058,9.47916666666667,-54.1936130204642,-37.7753764325197,-45.5405262260887,160.323803676241,1.1808306149126,-14.388955484767,1.26843467193064,0.982320937659421,-5 to -55 dB,7.45567459815684,7.77083333333333,-46.2629403579689,-28.8476650831288,-Inf,0,6.98913801494814,-1.46518117208895,0.963836064848384,0.984686468808182,-5 to -55 dB,0,7.77083333333333
75,25,full,1,1,1,1,-2.5,-57.7371450915938,-43.0283457531843,-46.2975135567814,215.049465611259,1.22747544959051,-13.6669300178792,1.43618019510994,0.997687774230496,-5 to -55 dB,13.7898026796963,12.0208333333333,-57.81312416903,-43.0127195380956,-46.2966564592397,219.187798172732,0.760845256542666,-17.8102507277369,1.43710116463235,0.997724473521531,-5 to -55 dB,13.9847768945454,9.47916666666667,-54.10858297954,-37.6339966980668,-45.8640359836144,153.755633512766,1.31959933297247,-14.4692330749699,1.26772418846039,0.982267736831799,-5 to -55 dB,7.56467079830255,7.77083333333333,-46.6555166572431,-29.0255380230743,-Inf,0,6.47257168530385,-1.87779134019521,0.943160191053424,0.984657936765223,-5 to -55 dB,0,7.77083333333333
75,26,full,1,1,1,1,-2.45,-57.7371450915938,-43.0283457531843,-46.6642047043243,208.47950917573,1.22747544959051,-13.6669300178792,1.43618019510994,0.997687774230496,-5 to -55 dB,12.9957005562508,12.0208333333333,-57.8247133956965,-43.02093475041,-46.6765441543734,212.727599754429,0.739332431466258,-17.7941698206263,1.43732107222894,0.997732837194433,-5 to -55 dB,13.2004192997094,9.47916666666667,-54.1040684664371,-37.6366207552477,-46.2295197460672,146.497746426316,1.32280731643071,-14.4692123651694,1.26809529062645,0.982319399505382,-5 to -55 dB,6.69646398431995,7.77083333333333,-47.1045155685638,-31.032943332383,-Inf,0,5.74039455177005,-1.96100381177933,0.972697019223046,0.988100345066493,-5 to -55 dB,0,7.77083333333333
75,27,full,1,1,1,1,-2.4,-57.7371450915938,-43.0283457531843,-46.6278980365908,206.324993551438,1.22747544959051,-13.6669300178792,1.43618019510994,0.997687774230496,-5 to -55 dB,13.0995510448654,12.0208333333333,-57.8077852983239,-43.005691974727,-46.6449422440376,210.813960788633,0.770651912962726,-17.8099445613038,1.4370301515904,0.997721774529031,-5 to -55 dB,13.2890072574767,9.47916666666667,-54.0987089360782,-37.6411255716845,-46.1788907662605,144.329301371351,1.33298072145047,-14.4731967372679,1.2683771357189,0.982364544087517,-5 to -55 dB,6.87415938108075,7.77083333333333,-47.0548683333744,-29.259609340957,-Inf,0,5.53445029768267,-1.93340623011537,0.96960789437445,0.983335643205871,-5 to -55 dB,0,7.77083333333333
75,28,full,1,1,1,1,-2.35,-57.7371450915938,-43.0283457531843,-46.534299979761,207.984174856088,1.22747544959051,-13.6669300178792,1.43618019510994,0.997687774230496,-5 to -55 dB,13.4376520285858,12.0208333333333,-57.815276831345,-43.0204161929606,-46.5520840317559,211.916644646353,0.756813335201358,-17.8037630302705,1.43714044502218,0.997725971620661,-5 to -55 dB,13.6347653164065,9.47916666666667,-54.0932244818785,-37.6501992636737,-46.0432682885888,146.116589409953,1.34887237666776,-14.4804433454976,1.26880872071887,0.982427328873662,-5 to -55 dB,7.07591841622455,7.77083333333333,-46.9628225980247,-29.2365354997164,-Inf,0,5.44202069796151,-2.51590708804813,0.954934820764532,0.985751079815796,-5 to -55 dB,0,7.77083333333333
75,29,full,1,1,1,1,-2.3,-57.7371450915938,-43.0283457531843,-46.7024463729123,206.545172877592,1.22747544959051,-13.6669300178792,1.43618019510994,0.997687774230496,-5 to -55 dB,13.0431965100589,12.0208333333333,-57.8055047688008,-43.0064069012119,-46.713771592553,210.052451822073,0.77493027483966,-17.817996167996,1.43696387908755,0.997719250455761,-5 to -55 dB,13.2309724326226,9.47916666666667,-54.0952188809272,-37.6606581318446,-46.2312490867524,145.617746783697,1.35729640634018,-14.4830739606765,1.26929719758728,0.98249841456509,-5 to -55 dB,6.79082977745859,7.77083333333333,-47.0848876275863,-29.4092519554927,-Inf,0,5.43542009447104,-2.19967961290307,0.975737833989945,0.983642558543494,-5 to -55 dB,0,7.77083333333333
75,30,full,1,1,1,1,-2.25,-57.7371450915938,-43.0283457531843,-46.7046719801293,210.315105418187,1.22747544959051,-13.6669300178792,1.43618019510994,0.997687774230496,-5 to -55 dB,13.1591833931597,12.0208333333333,-57.8163293370097,-43.0124165693651,-46.6880867959578,214.766992710404,0.754995075905777,-17.7934646375235,1.43715571111505,0.997726546994518,-5 to -55 dB,13.3566579710221,9.47916666666667,-54.192833739767,-37.8159079825891,-46.2416986728761,155.966825530134,1.2043416296353,-14.3897631288445,1.27078335063734,0.982670237427714,-5 to -55 dB,6.93868365894924,7.77083333333333,-47.1163605437242,-29.2702670433713,-Inf,0,5.13035129221784,-3.31743847336493,0.974673504096146,0.984766639671696,-5 to -55 dB,0,7.77083333333333
75,31,full,1,1,1,1,-2.2,-57.7371450915938,-43.0283457531843,-46.767647602435,209.729771065491,1.22747544959051,-13.6669300178792,1.43618019510994,0.997687774230496,-5 to -55 dB,12.7397032728709,12.0208333333333,-57.8221671881939,-43.0202388305487,-46.7577719787364,214.298073668578,0.744396197873042,-17.7011768459536,1.4372525117038,0.99773021414473,-5 to -55 dB,12.9408609030068,9.5,-54.2120640696465,-37.8410916310435,-46.2898168366527,155.825543037417,1.20763777357866,-14.3812747047055,1.27138680635706,0.982760539411019,-5 to -55 dB,6.57363002680459,7.79166666666667,-47.1624049065853,-31.066249255296,-Inf,0,5.32154899485891,-3.33030915661805,0.989326882505916,0.986110217395262,-5 to -55 dB,0,7.79166666666667
75,32,full,1,1,1,1,-2.15,-57.7371450915938,-43.0283457531843,-46.8542816595579,210.442808564235,1.22747544959051,-13.6669300178792,1.43618019510994,0.997687774230496,-5 to -55 dB,12.7364136365498,12.0208333333333,-57.8157180702074,-43.0195816943287,-46.8552212076896,215.172440498326,0.756484181600758,-17.7768306774676,1.43714249725437,0.997726049245388,-5 to -55 dB,12.9339573025959,9.5,-54.1384932271947,-37.7263751640165,-46.3900255029442,148.488976302491,1.36465216390353,-14.4709924032889,1.27121782895493,0.982778089694919,-5 to -55 dB,6.43342595493968,7.79166666666667,-47.234874075978,-29.3848129066955,-Inf,0,5.31639780761628,-3.34058691919393,1.04193463302831,0.973916010042331,-5 to -55 dB,0,7.79166666666667
75,33,full,1,1,1,1,-2.1,-57.7371450915938,-43.0283457531843,-46.6574009416107,211.317519629699,1.22747544959051,-13.6669300178792,1.43618019510994,0.997687774230496,-5 to -55 dB,12.7047693004915,12.0208333333333,-57.8241122142118,-43.0228922076399,-46.6443348982984,215.550569647227,0.742979923593583,-17.6324016562412,1.43731238565848,0.997732502461933,-5 to -55 dB,12.911085366909,9.52083333333333,-54.2445472425089,-37.8961595271218,-46.2443622541783,157.177380408468,1.21965773615727,-14.3786854993509,1.27279419557676,0.982975111955613,-5 to -55 dB,6.5192684459368,7.8125,-47.0008925925064,-29.1447226703639,-Inf,0,5.95943850659576,-2.73687340738665,1.03277896789218,0.979202048896331,-5 to -55 dB,0,7.8125
75,34,full,1,1,1,1,-2.05,-57.7371450915938,-43.0283457531843,-46.5944214296526,210.966205245073,1.22747544959051,-13.6669300178792,1.43618019510994,0.997687774230496,-5 to -55 dB,13.2851073823476,12.0208333333333,-57.8274050129942,-43.0275363487773,-46.5902098064974,215.145483541863,0.742155540453246,-17.699790130729,1.43732773553229,0.997733092721602,-5 to -55 dB,13.4919572178981,9.54166666666667,-54.1761623122836,-37.7927524128191,-46.1538761169559,149.06232774034,1.3835567325304,-14.4696185548363,1.27253299376523,0.982993400562839,-5 to -55 dB,7.09387408708595,7.83333333333333,-46.9577857423135,-29.1713181838958,-Inf,0,6.31049455090869,-1.86058535309475,0.990847689274464,0.982957507491587,-5 to -55 dB,0,7.83333333333333
75,35,full,1,1,1,1,-2,-57.7371450915938,-43.0283457531843,-46.168592369549,213.454962785256,1.22747544959051,-13.6669300178792,1.43618019510994,0.997687774230496,-5 to -55 dB,13.2616059024982,12.0208333333333,-57.8252625112078,-43.0310863857785,-46.1748103899536,217.763795320244,0.753308303943468,-17.8322413777667,1.43732107222893,0.997732837194433,-5 to -55 dB,13.4669363367528,9.5625,-54.2066603081732,-37.832919055918,-45.7829667678638,152.844966730643,1.37857555038561,-14.4610787543229,1.27354429812396,0.98314614922214,-5 to -55 dB,7.12045931519202,7.85416666666667,-46.5328122122073,-29.0537641454985,-Inf,0,7.01897326224007,-0.955698727354267,1.01116146779229,0.981515009560781,-5 to -55 dB,0,7.85416666666667
75,36,full,1,1,1,1,-1.95,-57.7371450915938,-43.0283457531843,-45.8963353762187,218.699533948119,1.22747544959051,-13.6669300178792,1.43618019510994,0.997687774230496,-5 to -55 dB,13.0932971892039,12.0208333333333,-57.832269893462,-43.0322927250818,-45.9249337139256,223.106971313335,0.743395976992654,-17.8562549143688,1.4373297413119,0.997733171897707,-5 to -55 dB,13.305516325101,9.58333333333333,-54.3110230205416,-38.0184925350678,-45.5191479457145,166.770941879061,1.24829991309775,-14.3775880108447,1.27570869926899,0.983424900020443,-5 to -55 dB,7.18234049831692,7.875,-46.2652652829083,-28.9301515158191,-Inf,0,7.66837955163633,0.0770639027437842,1.01744831114569,0.985280219489,-5 to -55 dB,0,7.875
75,37,full,1,1,1,1,-1.9,-57.7371450915938,-43.0283457531843,-45.2337265002225,225.194103557198,1.22747544959051,-13.6669300178792,1.43618019510994,0.997687774230496,-5 to -55 dB,13.862191492107,12.0208333333333,-57.8404525643404,-43.0367342765217,-45.2468313310282,229.641330546602,0.728619561667077,-18.0237429127283,1.43734699486285,0.997733836851739,-5 to -55 dB,14.0826891831444,9.60416666666667,-54.3447245490475,-38.0667233237261,-44.9300328701206,174.058892864805,1.24659684848188,-14.3715309503735,1.27685742851661,0.983608517536747,-5 to -55 dB,7.90180250009169,7.89583333333333,-45.5567600280073,-28.4793276532638,-Inf,0,8.42995476482801,1.56664458363208,1.02204054782035,0.981093637676946,-5 to -55 dB,0,7.89583333333333
75,38,full,1,1,1,1,-1.85,-57.7371450915938,-43.0283457531843,-45.0706022694748,225.038966065524,1.22747544959051,-13.6669300178792,1.43618019510994,0.997687774230496,-5 to -55 dB,13.5341958667137,12.0208333333333,-57.8265316961671,-43.0402485002579,-45.0841702398945,229.761442995044,0.760987199391916,-17.9840663947003,1.43732107222894,0.997732837194433,-5 to -55 dB,13.7409872871201,9.64583333333333,-54.2831533007121,-37.9708427579047,-44.7545986552269,168.124453724192,1.4173221323637,-14.4477536372677,1.27651970298124,0.983648402864118,-5 to -55 dB,7.54129294722477,7.9375,-45.3824317732544,-28.4616946449513,-Inf,0,9.05965027364847,1.98969553863428,1.07431260358165,0.973098290379852,-5 to -55 dB,0,7.9375
75,39,full,1,1,1,1,-1.8,-57.7371450915938,-43.0283457531843,-44.8399276912123,231.438898015593,1.22747544959051,-13.6669300178792,1.43618019510994,0.997687774230496,-5 to -55 dB,13.9921258753808,12.0208333333333,-57.835517056407,-43.0412325158605,-44.8570169398462,236.099991376441,0.74655957501431,-17.8317319753514,1.43733838021995,0.997733504977967,-5 to -55 dB,14.2070578489301,9.66666666666667,-54.3094174837439,-38.0198581121859,-44.5941022302165,174.950322642786,1.43945511913568,-14.4549204278086,1.27772024362947,0.983859425481717,-5 to -55 dB,8.1405827884372,7.95833333333333,-45.128424921096,-28.2593958019364,-Inf,0,9.42613470825459,2.15277278087345,1.05201444400872,0.975099996582624,-5 to -55 dB,0,7.95833333333333
75,40,full,1,1,1,1,-1.75,-57.7371450915938,-43.0283457531843,-45.7410471458435,221.448499864482,1.22747544959051,-13.6669300178792,1.43618019510994,0.997687774230496,-5 to -55 dB,13.0607228303127,12.0208333333333,-57.8536036149123,-43.0407188792268,-45.7659772458169,225.832046913347,0.718029076669815,-17.7544735897278,1.43748757556359,0.997739208357834,-5 to -55 dB,13.2911221557946,9.70833333333333,-54.333277316585,-38.0618240701965,-45.3748489952865,162.172518114139,1.47664114301285,-14.467268097172,1.27908841208344,0.984097736053234,-5 to -55 dB,7.14007528677186,8,-46.0673558903725,-28.9472888863003,-Inf,0,8.73567976443444,1.50827651374416,1.09804133292762,0.972718378139285,-5 to -55 dB,0,8
75,41,full,1,1,1,1,-1.7,-57.7371450915938,-43.0283457531843,-46.2681547851361,207.779271366292,1.22747544959051,-13.6669300178792,1.43618019510994,0.997687774230496,-5 to -55 dB,12.1715729809026,12.0208333333333,-57.8245189570331,-43.0235834058377,-46.2803935457422,211.618273288463,0.774337886571917,-17.7392167815569,1.43727244568766,0.997730974100198,-5 to -55 dB,12.3733909145558,9.72916666666667,-54.3707600629309,-38.1101057982354,-45.8924068300523,148.276724462585,1.50270227711359,-14.4681274182055,1.28079390279028,0.984383833753084,-5 to -55 dB,6.29311238402485,8.02083333333333,-46.6189285436852,-29.6383084480836,-Inf,0,8.25892177253554,0.806926150634619,1.12207559076676,0.974565614376463,-5 to -55 dB,0,8.02083333333333
75,42,full,1,1,1,1,-1.65,-57.7371450915938,-43.0283457531843,-46.7215428212728,200.47798020827,1.22747544959051,-13.6669300178792,1.43618019510994,0.997687774230496,-5 to -55 dB,11.8096912542291,12.0208333333333,-57.8225041348522,-43.0256880381925,-46.7443553880692,204.045317767018,0.776887857340587,-17.6517177676348,1.43721934054157,0.99772895366163,-5 to -55 dB,12.0069194662383,9.77083333333333,-54.397256904026,-38.1579245057447,-46.272963533835,140.551478046982,1.56315248499951,-14.4648950758194,1.28255811916049,0.984692774454117,-5 to -55 dB,5.95695481405079,8.0625,-47.0929219115471,-30.1244190494027,-Inf,0,7.69986899037575,0.207043919504775,1.11808095717353,0.980294555151356,-5 to -55 dB,0,8.0625
75,43,full,1,1,1,1,-1.6,-57.7371450915938,-43.0283457531843,-47.2370330295563,195.053353327755,1.22747544959051,-13.6669300178792,1.43618019510994,0.997687774230496,-5 to -55 dB,9.93508961480644,12.0208333333333,-57.8177395289456,-43.0122193768347,-47.2328957167438,198.708071566659,0.786449492098925,-17.6645268742849,1.43714249725437,0.997726049245388,-5 to -55 dB,10.126670918572,9.8125,-54.3902592222347,-38.1644517987314,-46.8295947559974,134.128264585738,1.66284854647425,-14.516759524388,1.28409551647494,0.98500157181002,-5 to -55 dB,4.15991084695576,8.10416666666667,-47.6166177898682,-30.6309088381136,-Inf,0,7.10898622019825,-0.543992993559318,1.27897644717842,0.965046601912372,-5 to -55 dB,0,8.10416666666667
75,44,full,1,1,1,1,-1.55,-57.7371450915938,-43.0283457531843,-47.6147972793029,192.209213020357,1.22747544959051,-13.6669300178792,1.43618019510994,0.997687774230496,-5 to -55 dB,10.1184501156172,12.0208333333333,-57.8243460133325,-43.0361162482455,-47.6320082673147,195.955475945832,0.774864407565103,-17.645026853735,1.4372525117038,0.99773021414473,-5 to -55 dB,10.3133754279503,9.85416666666667,-54.5294723132556,-38.3394503323627,-47.1795754427652,135.668556788814,1.51850345468602,-14.3997823531435,1.2894851884495,0.985749864516987,-5 to -55 dB,4.45101250415648,8.14583333333333,-48.0477514031787,-30.8938097783615,-Inf,0,7.11296893029041,-1.26178709172726,1.20607721043593,0.975518832335163,-5 to -55 dB,0,8.14583333333333
75,45,full,1,1,1,1,-1.5,-57.7371450915938,-43.0283457531843,-47.4611979273935,190.536806742625,1.22747544959051,-13.6669300178792,1.43618019510994,0.997687774230496,-5 to -55 dB,10.4611633103125,12.0208333333333,-57.8226097754842,-43.0391223584985,-47.4709893452988,194.444943013819,0.78394522171827,-17.6997480296767,1.43721068091243,0.997728624188399,-5 to -55 dB,10.6526349343794,9.89583333333333,-54.5229163779734,-38.353810049686,-47.0072157079696,131.245174207784,1.62940750005591,-14.4558265306297,1.29176198785667,0.986170609833548,-5 to -55 dB,4.81474621808656,8.1875,-47.8735033009655,-30.9711121105729,-Inf,0,7.12317190200417,-0.484844678530937,1.18871941497955,0.97659634865075,-5 to -55 dB,0,8.1875
75,46,full,1,1,1,1,-1.45,-57.7371450915938,-43.0283457531843,-47.7827245232945,184.755127841057,1.22747544959051,-13.6669300178792,1.43618019510994,0.997687774230496,-5 to -55 dB,9.3838215027021,12.0208333333333,-57.8911600721477,-43.0671879506203,-47.7996274529482,189.88362729271,0.675126616989825,-17.5964302973935,1.4378306565347,0.997752782785646,-5 to -55 dB,9.63887783844704,9.95833333333333,-54.5567288199967,-38.4451266342946,-47.3391745826277,125.771603850319,1.67449163162158,-14.4518818662477,1.29486841030865,0.986696166057181,-5 to -55 dB,3.86481135111223,8.25,-48.2114890734133,-33.0123715470171,-Inf,0,6.72699991157196,-0.279480597486781,1.26839331472933,0.971084614033523,-5 to -55 dB,0,8.25
75,47,full,1,1,1,1,-1.4,-57.7371450915938,-43.0283457531843,-48.122697130487,182.576876339458,1.22747544959051,-13.6669300178792,1.43618019510994,0.997687774230496,-5 to -55 dB,8.74087700878875,12.0208333333333,-57.9143448050427,-43.0735600636052,-48.1619604027316,187.81905656464,0.641010374527898,-17.5648668356595,1.43808600769418,0.997762736727708,-5 to -55 dB,9.01785940191749,10,-54.6304974174722,-38.5830755153905,-47.7047718456006,124.98431775482,1.66150505892057,-14.4044047149387,1.29974772363426,0.98742680028104,-5 to -55 dB,3.37623334642647,8.29166666666667,-48.6251380530231,-33.2561726614979,-Inf,0,6.69346911851393,-0.44612427724198,1.28255281320221,0.97831744986726,-5 to -55 dB,0,8.29166666666667
75,48,full,1,1,1,1,-1.35,-57.7371450915938,-43.0283457531843,-48.7872914074291,183.606832826699,1.22747544959051,-13.6669300178792,1.43618019510994,0.997687774230496,-5 to -55 dB,7.74904185802342,12.0208333333333,-57.8341849239079,-43.0393750669593,-48.8056862878552,187.700703486452,0.814698764849912,-17.7126914167514,1.4373297413119,0.997733171897707,-5 to -55 dB,7.94398089895943,10.0625,-54.6908241327028,-38.6939682855117,-48.1911154374039,127.962554163995,1.68224140689421,-14.3606369160383,1.30488505169222,0.988170772521755,-5 to -55 dB,2.61180208571479,8.35416666666667,-49.3599252318923,-33.4534199243125,-Inf,0,6.11563174600318,-0.61695553013677,1.3236564935218,0.975951890167171,-5 to -55 dB,0,8.35416666666667
75,49,full,1,1,1,1,-1.3,-57.7371450915938,-43.0283457531843,-49.2059407770617,158.287113683289,1.22747544959051,-13.6669300178792,1.43618019510994,0.997687774230496,-5 to -55 dB,8.50861949387769,12.0208333333333,-57.7878738243261,-43.0150870153123,-49.2101103580891,161.308640779907,0.904074998950668,-17.8305539652876,1.43666109957413,0.997707245129089,-5 to -55 dB,8.65483484281555,10.1041666666667,-54.7599434348782,-38.7915290951247,-48.6598131684686,106.009387907313,1.67740720469545,-14.3462296026747,1.30957578599178,0.988876319834315,-5 to -55 dB,3.44606423882673,8.39583333333333,-49.9002956025465,-34.3035960763851,-Inf,0,6.65078892423493,-2.51536295764757,1.26363493985831,0.981890427175989,-5 to -55 dB,0,8.39583333333333
75,50,full,1,1,1,1,-1.25,-57.7371450915938,-43.0283457531843,-49.5617488476923,140.265929735267,1.22747544959051,-13.6669300178792,1.43618019510994,0.997687774230496,-5 to -55 dB,7.8277100416862,12.0208333333333,-57.8508543723573,-43.0454185163617,-49.5860484038656,144.037942893727,0.784083079288334,-17.8863359904409,1.43738405700985,0.997735252829841,-5 to -55 dB,8.03348387110771,10.1666666666667,-54.7827248426137,-38.8588314235796,-48.9681593283454,92.0477905095642,1.75066560378978,-14.3762340628874,1.31385159734087,0.989532082967153,-5 to -55 dB,2.84996357365742,8.45833333333333,-50.3035042467684,-35.3552143198746,-Inf,0,5.970053950782,-3.30559076949527,1.27345117179554,0.985822709704801,-5 to -55 dB,0,8.45833333333333
75,51,full,1,1,1,1,-1.2,-57.7371450915938,-43.0283457531843,-49.3714101461862,166.554351469997,1.22747544959051,-13.6669300178792,1.43618019510994,0.997687774230496,-5 to -55 dB,8.14971911815445,12.0208333333333,-57.8746802935885,-43.0445324222743,-49.3932575487656,170.549951884966,0.747341978279636,-18.0029616440461,1.4377153931652,0.997748109500153,-5 to -55 dB,8.37707377856957,10.2291666666667,-54.8287680819705,-38.8363816275428,-48.899237827841,108.693256981038,1.77841040553376,-14.3888690179993,1.31893852881774,0.990241859764307,-5 to -55 dB,3.42506499001068,8.52083333333333,-50.1404187913133,-34.8334106056945,-Inf,0,6.83562842731036,-0.416202418910763,1.27958096038419,0.983665545219747,-5 to -55 dB,0,8.52083333333333
75,52,full,1,1,1,1,-1.15,-57.7371450915938,-43.0283457531843,-50.286370383815,123.056522406781,1.22747544959051,-13.6669300178792,1.43618019510994,0.997687774230496,-5 to -55 dB,7.26475158017206,12.0208333333333,-57.8582716936057,-43.0557491961266,-50.3358106326683,127.689788241156,0.801486948332425,-18.003249821124,1.43749619008721,0.997739544610934,-5 to -55 dB,7.47173655919589,10.2916666666667,-54.9198827012087,-39.4827897807917,-49.7410022229999,82.669582372449,1.86707164240057,-14.4451166508308,1.3239051733268,0.990881723478854,-5 to -55 dB,2.59146318164028,8.66666666666667,-51.2342364879576,-36.4507652969588,-Inf,0,5.89525038722976,-1.62330331474791,1.27730714142387,0.988871175743639,-5 to -55 dB,0,8.66666666666667
75,53,full,1,1,1,1,-1.1,-57.7371450915938,-43.0283457531843,-50.7946670514418,98.6929342341964,1.22747544959051,-13.6669300178792,1.43618019510994,0.997687774230496,-5 to -55 dB,6.46312750587233,12.0208333333333,-57.8298179164949,-43.0398351014877,-50.8413043684672,102.672768818339,0.861912486725419,-18.1289949805211,1.43732107222894,0.997732837194433,-5 to -55 dB,6.63811661675102,10.3541666666667,-55.0360005909682,-39.6440357575563,-50.1745302434379,60.4453707145731,1.89903528914599,-14.4729470430307,1.32884271185249,0.991441073680752,-5 to -55 dB,1.99187130993433,8.8125,-51.9462596950547,-37.3476320750052,-Inf,0,5.38184717145857,-3.55137474335155,1.2873051706024,0.990636172685613,-5 to -55 dB,0,8.8125
75,54,full,1,1,1,1,-1.05,-57.7371450915938,-43.0283457531843,-51.5950100337882,85.0141636592253,1.22747544959051,-13.6669300178792,1.43618019510994,0.997687774230496,-5 to -55 dB,5.02482082856677,12.0208333333333,-57.8331981334128,-43.0382146094693,-51.5862477348629,89.3908361772391,0.861285924911695,-18.0719371638928,1.43732773553229,0.997733092721602,-5 to -55 dB,5.20171547009396,10.4166666666667,-55.1718564139385,-39.791621819201,-50.9567702218478,49.2446038202904,1.88958945291428,-14.4779143537808,1.33378800182642,0.991936808487084,-5 to -55 dB,0.96773407967943,8.95833333333333,-52.8791023318691,-38.114699935458,-Inf,0,4.74318633629646,-3.85805240746765,1.36264099815651,0.988745060299235,-5 to -55 dB,0,8.95833333333333
75,55,full,1,1,1,1,-1,-57.7371450915938,-43.0283457531843,-52.202131302967,76.3061702938152,1.22747544959051,-13.6669300178792,1.43618019510994,0.997687774230496,-5 to -55 dB,5.16611860699343,12.0208333333333,-57.8402579977726,-43.0488279640381,-52.1942566864736,80.6838175093241,0.852583281413266,-17.9905011787923,1.43733838021995,0.997733504977967,-5 to -55 dB,5.34516850172208,10.4791666666667,-55.3117711151199,-39.9389101845137,-51.5340207590089,42.0542539946582,1.87632308046918,-14.4763387294273,1.33837116531195,0.992339809993408,-5 to -55 dB,0.978743618783082,9.10416666666667,-53.6790707721516,-38.4026063850236,-Inf,0,3.76404709299871,-7.28909036015987,1.31688893110746,0.991667501120392,-5 to -55 dB,0,9.10416666666667
75,56,full,1,1,1,1,-0.95,-57.7371450915938,-43.0283457531843,-52.2676232503381,73.708354911141,1.22747544959051,-13.6669300178792,1.43618019510994,0.997687774230496,-5 to -55 dB,4.17343829328069,12.0208333333333,-57.829240292771,-43.0397652381189,-52.2714355910175,78.1269219832976,0.883972413727642,-17.9083057243703,1.43728574654237,0.997731482091935,-5 to -55 dB,4.34071296549075,10.5416666666667,-55.4488290076077,-40.0859588628883,-51.667705992402,42.6825437174465,1.89009070793526,-14.475456839199,1.3432052758743,0.992774910774505,-5 to -55 dB,0.637309242909885,9.25,-53.8608478535953,-38.4695162353883,-Inf,0,3.72873953239585,-8.12576284826843,1.38237581146695,0.99201444604832,-5 to -55 dB,0,9.25
75,57,full,1,1,1,1,-0.9,-57.7371450915938,-43.0283457531843,-52.4441536608498,79.8405460255199,1.22747544959051,-13.6669300178792,1.43618019510994,0.997687774230496,-5 to -55 dB,4.39875140080217,12.0208333333333,-57.8288409302673,-43.0419956891591,-52.4536962389437,84.6394913175045,0.906564426884204,-17.6693877684899,1.43727244568766,0.997730974100198,-5 to -55 dB,4.56110325665118,10.625,-55.5800305902601,-40.2213941229731,-51.8039893073324,50.4647262140906,1.89345962494464,-14.4780052756421,1.34796455035615,0.993212175123309,-5 to -55 dB,0.702292194462925,9.39583333333333,-53.9588715726988,-38.3974400234749,-Inf,0,3.94868608191199,-9.20829537461765,1.33224179896092,0.99567687003344,-5 to -55 dB,0,9.39583333333333
75,58,full,1,1,1,1,-0.85,-57.7371450915938,-43.0283457531843,-52.4749430960154,81.0893733694141,1.22747544959051,-13.6669300178792,1.43618019510994,0.997687774230496,-5 to -55 dB,4.20652405132019,12.0208333333333,-57.8520727080348,-43.0555862052852,-52.5081088917037,86.5010848206717,0.87243144221601,-17.4683888608886,1.43736884664637,0.997734670838985,-5 to -55 dB,4.38922871612552,10.6875,-55.7623891201587,-40.3954729526607,-51.8655340805778,54.0599012152295,1.80824696117533,-14.3546585394641,1.353550677041,0.993719789661138,-5 to -55 dB,0.692471742462094,9.54166666666667,-53.9999515223045,-38.382623345732,-Inf,0,3.98605864487247,-9.3091060021918,1.34450711490059,0.995633361609706,-5 to -55 dB,0,9.54166666666667
75,59,full,1,1,1,1,-0.8,-57.7371450915938,-43.0283457531843,-52.5265052342742,82.6313633267243,1.22747544959051,-13.6669300178792,1.43618019510994,0.997687774230496,-5 to -55 dB,4.59215172566224,12.0208333333333,-57.8294843054028,-43.060400133909,-52.5716981468448,88.5208356781422,0.924903403022643,-17.3591251515436,1.43727244568766,0.997730974100198,-5 to -55 dB,4.74792611322954,10.7708333333333,-55.8458326585202,-40.5249543172169,-51.9758652537286,56.8510458978701,1.89634521394422,-14.4297565607472,1.35731704524623,0.994053990259796,-5 to -55 dB,1.09992572315052,9.6875,-54.0989074431467,-38.3997423809909,-Inf,0,3.93392551371703,-9.4246217601667,1.32777203610135,0.993634950554079,-5 to -55 dB,0,9.6875
75,60,full,1,1,1,1,-0.75,-57.7371450915938,-43.0283457531843,-52.746245815335,73.5160588496407,1.22747544959051,-13.6669300178792,1.43618019510994,0.997687774230496,-5 to -55 dB,3.97460465771472,12.0208333333333,-57.8595446655141,-43.0680461809165,-52.7839169554988,79.7087508623518,0.873207765021321,-17.1694998449757,1.43749423593534,0.997739463710318,-5 to -55 dB,4.15522658681611,10.8333333333333,-55.9812760249292,-40.6711963278346,-52.2211198801058,50.5873676976425,1.87849736180313,-14.5352304413734,1.36260782619651,0.994476185050354,-5 to -55 dB,0.776978915100427,9.83333333333333,-54.3723991933243,-38.723922761514,-Inf,0,3.44956572382848,-9.84362463095,1.33558239399523,0.99666133565744,-5 to -55 dB,0,9.83333333333333
75,61,full,1,1,1,1,-0.7,-57.7371450915938,-43.0283457531843,-53.2057397194927,63.2100146431201,1.22747544959051,-13.6669300178792,1.43618019510994,0.997687774230496,-5 to -55 dB,4.02495549796532,12.0208333333333,-57.8385974161053,-43.052203236559,-53.2283493811359,68.6564455094355,0.925621871759616,-17.2234495394259,1.4373297413119,0.997733171897707,-5 to -55 dB,4.18083684282674,10.9166666666667,-56.1247787839719,-40.7889378917552,-52.6053829324901,42.1065609279692,1.87496927583197,-14.2520596179525,1.3680944472583,0.994855324642399,-5 to -55 dB,0.964049726665918,9.97916666666667,-54.8060483976383,-39.1645015023508,-Inf,0,3.26554757288495,-10.0228816955391,1.32635782067436,0.995839865131743,-5 to -55 dB,0,9.97916666666667
75,62,full,1,1,1,1,-0.65,-57.7371450915938,-43.0283457531843,-53.3564933910908,55.7966354756385,1.22747544959051,-13.6669300178792,1.43618019510994,0.997687774230496,-5 to -55 dB,3.32387343801106,12.0208333333333,-57.8327845990582,-43.0566457656514,-53.3360897828447,61.8599189887399,0.94266997178584,-17.2916931332344,1.43732107222894,0.997732837194433,-5 to -55 dB,3.46876191433872,11,-56.2317806376902,-40.8975801522309,-52.9005674645172,37.0739400869788,1.91587906486082,-14.3671931425207,1.37285486276236,0.995158955370087,-5 to -55 dB,0.711059108579507,10.125,-55.1765558052908,-39.4563362836076,-Inf,0,2.724638004181,-10.5447443317998,1.34964260574734,0.996754259331999,-5 to -55 dB,0,10.125
75,63,full,1,1,1,1,-0.6,-57.7371450915938,-43.0283457531843,-53.6671486915902,47.3888803827574,1.22747544959051,-13.6669300178792,1.43618019510994,0.997687774230496,-5 to -55 dB,3.22946964644599,12.0208333333333,-57.861128381461,-43.0701822273194,-53.7071740168596,53.1274588484333,0.903549001657629,-17.3683192976895,1.4374961900872,0.997739544610934,-5 to -55 dB,3.39923370084561,11.0833333333333,-56.3417979032404,-41.0138616886926,-53.2494847806773,33.7828506773068,1.9205714872379,-14.545727532618,1.37810902690787,0.995455846076079,-5 to -55 dB,0.680270203118893,10.2708333333333,-55.4425921823083,-39.7974072384086,-Inf,0,2.62286111356248,-10.9235649696063,1.35009225640957,0.996037615333635,-5 to -55 dB,0,10.2708333333333
75,64,full,1,1,1,1,-0.55,-57.7371450915938,-43.0283457531843,-53.9586531548223,40.8483172103435,1.22747544959051,-13.6669300178792,1.43618019510994,0.997687774230496,-5 to -55 dB,2.66617615306409,12.0208333333333,-57.8898551308207,-43.0874110258719,-54.031308292427,46.5331418561313,0.861883309912073,-17.6160008990054,1.43777892877203,0.997750684450589,-5 to -55 dB,2.86131325270666,11.1666666666667,-56.5222597366426,-41.1222277683379,-53.6173856710053,32.4370675515302,1.80487315650745,-14.4953232158927,1.38487577948574,0.995778165451106,-5 to -55 dB,0.527152959683685,10.4166666666667,-55.7680868761819,-41.2988528052305,-Inf,0,2.53958792918313,-11.1401572525145,1.36456072255285,0.996155316203825,-5 to -55 dB,0,10.4166666666667
75,65,full,1,1,1,1,-0.5,-57.7371450915938,-43.0283457531843,-53.9923076255911,34.3472353935463,1.22747544959051,-13.6669300178792,1.43618019510994,0.997687774230496,-5 to -55 dB,2.44145644887705,12.0208333333333,-57.8747808472302,-43.0839160837363,-54.048706958851,39.8058940838466,0.890997974627209,-18.0475672382383,1.43770095904427,0.997747523054014,-5 to -55 dB,2.61575496241586,11.25,-56.5653589395573,-42.3621869717523,-53.6967075576047,26.9618485586457,1.89830008099121,-14.5063113576536,1.38980422677277,0.995993536369951,-5 to -55 dB,0.577918481434223,10.5625,-55.9076170559564,-41.5064283695023,-Inf,0,2.40774732962669,-11.448337503289,1.37088084798436,0.997409584130992,-5 to -55 dB,0,10.5625
75,66,full,1,1,1,1,-0.45,-57.7371450915938,-43.0283457531843,-53.9975485287313,32.2347723565364,1.22747544959051,-13.6669300178792,1.43618019510994,0.997687774230496,-5 to -55 dB,2.20675188391065,12.0208333333333,-57.8737920708365,-43.0742896664531,-54.041106444745,36.6343775521823,0.900195503468553,-18.2907199336915,1.43769902563952,0.997747441708739,-5 to -55 dB,2.37687616160261,11.3333333333333,-56.6895225877726,-42.4833129792521,-53.7061091535584,26.2678501086835,1.87401416107716,-14.3810497533461,1.3962833151076,0.996206892519735,-5 to -55 dB,0.561001033437931,10.7083333333333,-56.0518126474526,-41.6022101824781,-Inf,0,2.27247585695833,-11.7535197451008,1.38628855900762,0.996597009871608,-5 to -55 dB,0,10.7083333333333
75,67,full,1,1,1,1,-0.4,-57.7371450915938,-43.0283457531843,-53.8865309852286,30.7814047933241,1.22747544959051,-13.6669300178792,1.43618019510994,0.997687774230496,-5 to -55 dB,2.05682963566685,12.0208333333333,-57.8689087842798,-43.0744212058104,-53.9566277776337,35.3335861986081,0.915798326930631,-17.2968606262006,1.43760410819328,0.997743726580237,-5 to -55 dB,2.21388677472486,11.4166666666667,-56.8134267942586,-42.5540047399697,-53.6342765054744,23.5527266509773,1.81435173150691,-14.3872415173469,1.40130555891684,0.996414689750195,-5 to -55 dB,0.700142445750226,10.8541666666667,-56.193324271076,-41.8085065477098,-Inf,0,2.00523767841772,-12.1738537219089,1.38667549793408,0.99704026043588,-5 to -55 dB,0,10.8541666666667
75,68,full,1,1,1,1,-0.35,-57.7371450915938,-43.0283457531843,-53.9771866834658,27.9206719624037,1.22747544959051,-13.6669300178792,1.43618019510994,0.997687774230496,-5 to -55 dB,2.05242540562095,12.0208333333333,-57.8999258022495,-43.0952858461526,-54.0447288643905,31.6784414310406,0.867413294468307,-16.1304301584917,1.43783461045389,0.997752941388689,-5 to -55 dB,2.23869381645319,11.5,-56.9353592314508,-42.6348254461427,-53.8125214486429,20.7604583225414,1.75630105309386,-14.3288924348416,1.40688509941036,0.996594997736394,-5 to -55 dB,0.641783606807083,11,-56.4339543568693,-41.913182986472,-Inf,0,1.91212793540782,-12.4712518100887,1.38241913686549,0.997060001126468,-5 to -55 dB,0,11
75,69,full,1,1,1,1,-0.3,-57.7371450915938,-43.0283457531843,-54.2416101428229,26.0666139578003,1.22747544959051,-13.6669300178792,1.43618019510994,0.997687774230496,-5 to -55 dB,1.33285170420396,12.0208333333333,-57.8857133294541,-43.1002234802512,-54.3053315010875,29.4302511678176,0.896973710003194,-15.8617640373869,1.43773365740134,0.997748857368124,-5 to -55 dB,1.4856119668155,11.5833333333333,-57.00351698922,-42.6596750209893,-54.2204561907103,19.8003829852328,1.781052381414,-14.4670020333678,1.41139569488259,0.996760458252827,-5 to -55 dB,0.889764354823886,11.1458333333333,-56.5978840732822,-42.0304367755926,-Inf,0,1.78214185298104,-12.8287068109958,1.45021503641525,0.995191522182002,-5 to -55 dB,0,11.1458333333333
75,70,full,1,1,1,1,-0.25,-57.7371450915938,-43.0283457531843,-54.5188980978189,21.9573344745976,1.22747544959051,-13.6669300178792,1.43618019510994,0.997687774230496,-5 to -55 dB,1.38775887076754,12.0208333333333,-57.8837855220237,-43.0759457001553,-54.5736692038856,24.3774401456323,0.925155166214622,-14.469793500073,1.43772118113896,0.997748353844503,-5 to -55 dB,1.54797147479635,11.6875,-57.1570694209213,-42.7431193960505,-54.5385008858721,19.0995603075701,1.65002645880031,-14.5981710682374,1.41607103386795,0.996945780465721,-5 to -55 dB,0.490691953725094,11.2916666666667,-56.9074681057692,-42.3367516814597,-Inf,0,1.61884455674096,-13.0377029706479,1.39928772858532,0.997397301536582,-5 to -55 dB,0,11.2916666666667
75,71,full,1,1,1,1,-0.2,-57.7371450915938,-43.0283457531843,-54.6711818213075,18.1915918532434,1.22747544959051,-13.6669300178792,1.43618019510994,0.997687774230496,-5 to -55 dB,1.3581722230002,12.0208333333333,-57.9013058132264,-43.1003746446701,-54.7859495769808,21.2498198040225,0.910701346506091,-14.4838351276971,1.4377703051219,0.997750345549785,-5 to -55 dB,1.51793952861297,11.6458333333333,-57.2686649551364,-42.8115346168517,-54.7164509682883,19.2312665682936,1.59044033630535,-14.2846975411468,1.42054184963535,0.997114443608533,-5 to -55 dB,0.655537129169133,11.4375,-56.9964972298658,-42.3761103807074,-Inf,0,1.57562904949405,-13.2958503691155,1.38423419768981,0.998226129604018,-5 to -55 dB,0,11.4375
75,72,full,1,1,1,1,-0.15,-57.7371450915938,-43.0283457531843,-54.9106934770175,15.1759345842109,1.22747544959051,-13.6669300178792,1.43618019510994,0.997687774230496,-5 to -55 dB,0.900516962942686,12.0208333333333,-57.8885764630083,-43.0898087105496,-55.1009391237406,17.6561057742619,0.92772133623766,-14.3403786653848,1.43770482432469,0.997747685781848,-5 to -55 dB,1.03940706495255,11.75,-57.3565276760496,-42.8378108468382,-54.9699093894422,15.5308120603171,1.54632664761544,-14.5221978044423,1.42480585573427,0.997272468505679,-5 to -55 dB,0.498397662824154,11.5833333333333,-57.2013804484146,-42.5674360928486,-Inf,0,1.53271302513312,-13.3976003358857,1.40223083709597,0.99817680820308,-5 to -55 dB,0,11.5833333333333
75,73,full,1,1,1,1,-0.1,-57.7371450915938,-43.0283457531843,-55.5074758243752,13.329250201981,1.22747544959051,-13.6669300178792,1.43618019510994,0.997687774230496,-5 to -55 dB,0.782320966899003,12.0208333333333,-57.8867922279285,-43.1069715129421,-55.6244493303384,15.1958382979614,0.917514737458497,-14.8430533646434,1.43770095904427,0.997747523054014,-5 to -55 dB,0.91179096579037,11.8333333333333,-57.4458577946731,-42.7954458818795,-55.7135192313896,14.1168908018287,1.5156227193109,-13.8821498286594,1.42872124341527,0.997410974323238,-5 to -55 dB,0.476563772993728,11.7291666666667,-57.4254179606848,-42.8872890149375,-Inf,0,1.65404580509801,-13.5488416659835,1.41098879378166,0.997542805827273,-5 to -55 dB,0,11.7291666666667
75,74,full,1,1,1,1,-0.05,-57.7371450915938,-43.0283457531843,-56.0163885035947,10.3521263080712,1.22747544959051,-13.6669300178792,1.43618019510994,0.997687774230496,-5 to -55 dB,1.18236524208896,12.0208333333333,-57.9194961861362,-43.1142599305302,-56.2022733107811,11.8697088102389,0.910008951418185,-13.6014294589115,1.43794909644282,0.997757367420928,-5 to -55 dB,1.32701295946946,11.9375,-57.4699697886052,-42.8725041166103,-56.3742868893442,13.7618277550352,1.58179070836202,-14.557534867035,1.43148912518604,0.997509965128798,-5 to -55 dB,0.908551732932611,11.875,-57.5923948350969,-42.9043163729482,-Inf,0,1.46537049084655,-13.5844777082966,1.36272124921102,0.998795737094778,-5 to -55 dB,0,11.875
75,75,full,1,1,1,1,0,-57.7371450915938,-43.0283457531843,-Inf,-0.115347283891013,1.22747544959051,-13.6669300178792,1.43618019510994,0.997687774230496,-5 to -55 dB,0,12.0208333333333,-57.6849055285181,-42.9978543479962,-85.683208188621,2.98345458742335,1.31877685689686,-12.6490202101253,1.43574677809063,0.997668628422455,-5 to -55 dB,0.0522943433398177,12.0208333333333,-57.15464679162,-42.7355757623725,-73.2614653320251,14.1362539223331,2.2035119267232,-14.4089268334496,1.4321469611968,0.997524029644639,-5 to -55 dB,0.583073346735976,12.0208333333333,-57.7371450915938,-43.0283457531843,-Inf,0,1.22747544959051,-13.6669300178792,1.43618019510994,0.997687774230496,-5 to -55 dB,0,12.0208333333333
75,76,full,1,1,1,1,0.05,-57.7371450915938,-43.0283457531843,-56.4404199789793,10.1961532310204,1.22747544959051,-13.6669300178792,1.43618019510994,0.997687774230496,-5 to -55 dB,0.621170044205322,12.0208333333333,-57.9502310132542,-43.1495875337856,-56.6675165767978,11.6543393383759,0.851588615581103,-14.0844915628708,1.43833875889078,0.997772487457297,-5 to -55 dB,0.525491444424566,12.125,-57.6220247909822,-42.9449769200904,-57.1879972116787,13.40277830602,1.48873544693009,-14.5430379391242,1.43745584999533,0.997724386830235,-5 to -55 dB,0.605277849091221,12.1666666666667,-57.886352260917,-43.1176703851075,-Inf,0,1.11168640353389,-13.7469962020831,1.44075921071172,0.997921399830198,-5 to -55 dB,0,12.1666666666667
75,77,full,1,1,1,1,0.1,-57.7371450915938,-43.0283457531843,-55.8933415342333,12.6052157597618,1.22747544959051,-13.6669300178792,1.43618019510994,0.997687774230496,-5 to -55 dB,0.528691628998761,12.0208333333333,-57.8854836827054,-43.100135425962,-56.024648858435,12.1469519414167,0.988554751726968,-14.0446483066358,1.43772118113897,0.997748353844503,-5 to -55 dB,0.559916010124392,12.3541666666667,-57.8744448409352,-42.9373353304993,-56.4438959573386,15.3139637385289,1.10964206292442,-14.4925700566063,1.441280685514,0.997858587897966,-5 to -55 dB,0.685319014149505,12.3125,-58.0480528018791,-43.1899379179902,-Inf,0,1.34638284359838,-13.6277441696444,1.41864828048927,0.998391845616133,-5 to -55 dB,0,12.3125
75,78,full,1,1,1,1,0.15,-57.7371450915938,-43.0283457531843,-55.3234258229396,13.9361971737337,1.22747544959051,-13.6669300178792,1.43618019510994,0.997687774230496,-5 to -55 dB,0.752032842036616,12.0208333333333,-57.9459175492486,-43.1386880594809,-55.4908112578905,14.8070975016794,0.950551784363826,-13.8542761975469,1.43837840528136,0.997774031853013,-5 to -55 dB,0.608183216113884,12.4583333333333,-58.0020270702135,-42.9710180786089,-55.7769522321317,16.4211121180492,0.983821322247509,-14.4858818132477,1.44363104186967,0.997934119122545,-5 to -55 dB,0.470565581598459,12.4583333333333,-58.1876680772331,-43.3241684090829,-Inf,0,1.05415326430717,-13.7740484073716,1.43976840104541,0.998214222748581,-5 to -55 dB,0,12.4583333333333
75,79,full,1,1,1,1,0.2,-57.7371450915938,-43.0283457531843,-55.3684874229053,17.503959809372,1.22747544959051,-13.6669300178792,1.43618019510994,0.997687774230496,-5 to -55 dB,1.33791424425155,12.0208333333333,-57.8916959243878,-43.0734267849184,-55.479521473606,17.8236586890906,1.07085928401276,-13.9980467543689,1.43775973525603,0.997749925701073,-5 to -55 dB,1.20888740741578,12.5625,-58.1403722154896,-42.9574048574178,-55.8367922810551,18.6125887560867,0.796047196571969,-14.5033771446222,1.4450769638739,0.99797345516186,-5 to -55 dB,0.576083952771059,12.6041666666667,-58.3265918224942,-43.4595006896834,-Inf,0,0.886013759898953,-13.9720232000229,1.46125145914608,0.998810988632181,-5 to -55 dB,0,12.6041666666667
75,80,full,1,1,1,1,0.25,-57.7371450915938,-43.0283457531843,-55.168966057471,19.3570152272847,1.22747544959051,-13.6669300178792,1.43618019510994,0.997687774230496,-5 to -55 dB,1.11681803474342,12.0208333333333,-57.9843938273691,-43.1470472613286,-55.3343568893088,19.8377642549598,0.922995991715521,-14.6909556802238,1.43876632202369,0.997788993282085,-5 to -55 dB,0.904278927999532,12.6458333333333,-58.2465730610284,-42.927260408251,-55.8503143551649,21.3236705583759,0.651327848114389,-14.513376964613,1.44615405047119,0.998000290525446,-5 to -55 dB,0.37061584139879,12.75,-58.52741040168,-43.564254306738,-Inf,0,0.495469801775222,-13.9614716186138,1.44104429774812,0.998688810368837,-5 to -55 dB,0,12.75
75,81,full,1,1,1,1,0.3,-57.7371450915938,-43.0283457531843,-55.3358527410795,23.3574878208157,1.22747544959051,-13.6669300178792,1.43618019510994,0.997687774230496,-5 to -55 dB,1.15533014840176,12.0208333333333,-57.9553681906405,-43.1181932582651,-55.4757075095019,23.3826186867142,1.00392817349404,-14.7684402056195,1.43860328874681,0.997782689286375,-5 to -55 dB,0.976814854099349,12.75,-58.257446860268,-42.9131933517984,-55.9984728301603,23.4071494216309,0.660047072871259,-14.1316304133676,1.44670526782823,0.998001552367089,-5 to -55 dB,0.44734380894525,12.8958333333333,-58.6674715014828,-43.7444113987305,-Inf,0,0.482213436972361,-14.1062975458601,1.4282519039455,0.999046450436011,-5 to -55 dB,0,12.8958333333333
75,82,full,1,1,1,1,0.35,-57.7371450915938,-43.0283457531843,-55.5286632696083,26.7072984355263,1.22747544959051,-13.6669300178792,1.43618019510994,0.997687774230496,-5 to -55 dB,1.64289264395134,12.0208333333333,-57.9505937017753,-43.1310267422089,-55.6641476097614,25.649813539739,1.01576217457304,-14.6111218882251,1.43842680524699,0.997775918622342,-5 to -55 dB,1.46961427309664,12.8541666666667,-58.3928566829596,-42.9339365473845,-56.2307834014998,24.410204085668,0.448030840653027,-13.309953936438,1.44715809152531,0.998004788832254,-5 to -55 dB,0.572087242868221,13.0416666666667,-58.9607421687767,-43.9320540956233,-Inf,0,0.187418382656807,-14.1012890194798,1.44355653473993,0.999110274791368,-5 to -55 dB,0,13.0416666666667
75,83,full,1,1,1,1,0.4,-57.7371450915938,-43.0283457531843,-55.6548008826539,30.0464348705683,1.22747544959051,-13.6669300178792,1.43618019510994,0.997687774230496,-5 to -55 dB,1.62114178314528,12.0208333333333,-58.0032182899422,-43.1470123924717,-55.7800078120852,28.0884942521662,0.936891143539988,-14.8439007284297,1.43878786812735,0.997789824198105,-5 to -55 dB,1.40602120962312,12.8333333333333,-58.4865410762496,-42.8674614654292,-56.3186053726051,23.3865614340048,0.31594250735577,-12.5289460102169,1.44736033544739,0.99799158793626,-5 to -55 dB,0.50208413023703,13.1875,-59.1362574262751,-44.0481833768437,-Inf,0,0.336549839323734,-14.1017171581604,1.44494723677324,0.998781710578154,-5 to -55 dB,0,13.1875
75,84,full,1,1,1,1,0.45,-57.7371450915938,-43.0283457531843,-55.7687160791553,34.4843165719997,1.22747544959051,-13.6669300178792,1.43618019510994,0.997687774230496,-5 to -55 dB,2.19731759270066,12.0208333333333,-57.9919216473968,-43.1379762225312,-55.9187834539773,32.5346646901882,0.967879284526216,-14.5516539939371,1.43875549676586,0.997788576655974,-5 to -55 dB,1.99143357971203,12.8333333333333,-58.601944645618,-42.8668092935283,-56.5069607947274,25.5126089946293,0.0967333511246571,-13.1414189798744,1.44719625267855,0.997974864008344,-5 to -55 dB,0.669383312376987,13.3333333333333,-59.4286658967646,-44.175569356094,-Inf,0,-0.45621418556999,-14.0366138827923,1.46575350984694,0.99871589619043,-5 to -55 dB,0,13.3333333333333
75,85,full,1,1,1,1,0.5,-57.7371450915938,-43.0283457531843,-55.767893071468,35.1969125122736,1.22747544959051,-13.6669300178792,1.43618019510994,0.997687774230496,-5 to -55 dB,2.09351147856222,12.0208333333333,-57.9893268291367,-43.1427857229206,-55.9056477950861,32.4742997475523,0.965914408308474,-10.0793998660162,1.4390141376147,0.997798420083847,-5 to -55 dB,1.87708983832559,13.9791666666667,-58.7441996699588,-42.8390171363953,-56.5086096988285,26.389133005501,-0.172589520064833,-13.4525392192268,1.44740112994514,0.997944368255103,-5 to -55 dB,0.570759550315417,13.4791666666667,-59.5202669956077,-44.1867408319407,-Inf,0,-0.595032495012543,-14.1516755231926,1.43961622696077,0.999472227125558,-5 to -55 dB,0,13.4791666666667
75,86,full,1,1,1,1,0.55,-57.7371450915938,-43.0283457531843,-55.6563193954662,36.5985803907055,1.22747544959051,-13.6669300178792,1.43618019510994,0.997687774230496,-5 to -55 dB,2.17808517566073,12.0208333333333,-57.9402931480219,-43.1261001792147,-55.7902722658126,34.7880423964129,1.06604308901421,-9.55102073066083,1.43877304204846,0.997789258629483,-5 to -55 dB,2.01436113737621,13.9791666666667,-58.9263878833444,-42.8469005506581,-56.6802972408363,26.9642135116544,-0.493585541090479,-13.9876622656996,1.44718096184753,0.997913013103481,-5 to -55 dB,0.577699842374716,13.625,-59.611913589773,-44.3017259074132,-Inf,0,-0.59959235263886,-14.307115435172,1.4507059492111,0.99887781501493,-5 to -55 dB,0,13.625
75,87,full,1,1,1,1,0.6,-57.7371450915938,-43.0283457531843,-55.8527645924162,41.4111757000701,1.22747544959051,-13.6669300178792,1.43618019510994,0.997687774230496,-5 to -55 dB,2.22844387893025,12.0208333333333,-58.0419761963273,-43.1800230378688,-56.0318971746437,37.6494680350644,0.887169781786281,-10.3030920578605,1.43916978818049,0.99780450111076,-5 to -55 dB,1.96933439117569,13.9791666666667,-59.0324083198271,-42.8269585919013,-56.8036934985778,29.9819180847572,-0.67044330478413,-13.9503843492794,1.4465328168351,0.99787242532512,-5 to -55 dB,0.577675722930013,13.7708333333333,-59.6568750213167,-44.3979051409193,-Inf,0,-0.714089348384297,-14.4397318915038,1.46436101211508,0.999268621130083,-5 to -55 dB,0,13.7708333333333
75,88,full,1,1,1,1,0.65,-57.7371450915938,-43.0283457531843,-55.7254667697135,47.154844632943,1.22747544959051,-13.6669300178792,1.43618019510994,0.997687774230496,-5 to -55 dB,2.81411054780564,12.0208333333333,-58.0365006067553,-43.1549371312537,-55.9072635112653,44.6512156697413,0.924457509894427,-11.56949162426,1.43891820645422,0.997794744554401,-5 to -55 dB,2.58587059281997,13.375,-59.0884496649157,-42.8090463985744,-56.8276347858136,33.1986722561742,-0.709915242442979,-13.7247298664186,1.44557243426059,0.997828750188772,-5 to -55 dB,0.871860638876476,13.9166666666667,-59.8960082468696,-44.5342428833797,-Inf,0,-1.07299028282542,-14.4509813767043,1.4759511018309,0.999253366215818,-5 to -55 dB,0,13.9166666666667
75,89,full,1,1,1,1,0.7,-57.7371450915938,-43.0283457531843,-55.7681688227205,46.1400528319552,1.22747544959051,-13.6669300178792,1.43618019510994,0.997687774230496,-5 to -55 dB,2.64772225987942,12.0208333333333,-58.0462750371228,-43.190876872663,-55.9603035750717,41.2058376696658,0.919422007435494,-11.754438399577,1.43897909207375,0.997797074000958,-5 to -55 dB,2.4126586753361,13.5,-59.1755057450643,-42.8183488382783,-56.9009028088677,31.9562902700312,-0.816649041443997,-13.3327856250666,1.44442560318679,0.997789332008894,-5 to -55 dB,0.674897903327832,14.0625,-60.0685906347361,-44.5536379229876,-Inf,0,-1.34794798224012,-14.5420080810094,1.4740697277705,0.999224955240912,-5 to -55 dB,0,14.0625
75,90,full,1,1,1,1,0.75,-57.7371450915938,-43.0283457531843,-55.7583419395846,47.9760720355953,1.22747544959051,-13.6669300178792,1.43618019510994,0.997687774230496,-5 to -55 dB,2.7065385600868,12.0208333333333,-58.0458698990154,-43.1934175243468,-55.9693856031305,44.1871948545942,0.911578972247949,-11.5756649154691,1.4390141376147,0.997798420083847,-5 to -55 dB,2.47465540131464,13.7291666666667,-59.1865687877019,-42.8126322964057,-56.9302912653396,32.7450739958259,-0.762661573996515,-13.7354274945969,1.44268444011437,0.997754905569363,-5 to -55 dB,0.703302619284842,14.2083333333333,-60.1437987685612,-44.6540624166934,-Inf,0,-1.22998686070106,-14.7058317594532,1.46533227365036,0.999445485869255,-5 to -55 dB,0,14.2083333333333
75,91,full,1,1,1,1,0.8,-57.7371450915938,-43.0283457531843,-55.7673823887744,51.4547928166266,1.22747544959051,-13.6669300178792,1.43618019510994,0.997687774230496,-5 to -55 dB,2.90587746801348,12.0208333333333,-58.0386777393137,-43.1750117013251,-55.9559388310305,47.64049020839,0.93152453862962,-11.3700468209539,1.43897049664837,0.997796744150036,-5 to -55 dB,2.68844499896627,13.8333333333333,-59.2449531914798,-42.8310782039845,-56.9094421832639,35.2338864668047,-0.796592165461949,-14.4517309044416,1.44090487804155,0.997729621417962,-5 to -55 dB,0.983166765579505,14.3541666666667,-60.2943814999468,-44.7043503781797,-Inf,0,-1.66583706411402,-14.765505354122,1.47137666134703,0.998990734632244,-5 to -55 dB,0,14.3541666666667
75,92,full,1,1,1,1,0.85,-57.7371450915938,-43.0283457531843,-55.8032459276383,51.7415318453256,1.22747544959051,-13.6669300178792,1.43618019510994,0.997687774230496,-5 to -55 dB,3.51520950577557,12.0208333333333,-58.1001045071206,-43.2231093193651,-56.0333443751287,45.4503171959624,0.860845479288465,-11.4260988556288,1.4392625267917,0.997808067233766,-5 to -55 dB,3.24198993995223,13.9583333333333,-59.3810230132117,-42.8606675047523,-57.0992269107392,35.0643861227231,-0.983340908135131,-14.1200939445711,1.43887781124319,0.997723649907728,-5 to -55 dB,1.45227064964942,14.5,-60.4227983750245,-44.8945139944688,-Inf,0,-1.81281790467711,-14.919868233761,1.50966375026511,0.998560507968363,-5 to -55 dB,0,14.5
75,93,full,1,1,1,1,0.9,-57.7371450915938,-43.0283457531843,-55.7554201211397,53.4109424613956,1.22747544959051,-13.6669300178792,1.43618019510994,0.997687774230496,-5 to -55 dB,3.36592889248056,12.0208333333333,-58.0815659673865,-43.2110962853126,-55.9720184919452,47.8208002639118,0.906847135482758,-11.0547385475341,1.43913015378145,0.997802892833752,-5 to -55 dB,3.12398552276587,14.0625,-59.5040411911388,-42.9102566578307,-57.087672970195,35.9160744240537,-1.12791747611965,-14.4382087578997,1.43662222535117,0.997739967323565,-5 to -55 dB,1.50443554761387,14.6458333333333,-60.3995655661909,-44.8923775338951,-Inf,0,-1.93431247323649,-15.1178132281899,1.51042837622336,0.998951110952785,-5 to -55 dB,0,14.6458333333333
75,94,full,1,1,1,1,0.95,-57.7371450915938,-43.0283457531843,-55.7074333097442,57.8912561390555,1.22747544959051,-13.6669300178792,1.43618019510994,0.997687774230496,-5 to -55 dB,3.52078071247686,12.0208333333333,-58.0748111753433,-43.2193134692774,-55.9351277955673,51.7673197489971,0.923983430802448,-10.7874976869539,1.43911139432041,0.997802160594169,-5 to -55 dB,3.28483767352562,14.1875,-59.6110020316842,-42.9770865270371,-56.8909578532526,37.4657644962765,-1.20136706738899,-14.3146355932874,1.43374424299571,0.997784748374506,-5 to -55 dB,1.56220628642463,14.7916666666667,-60.4821036056103,-44.9795977514292,-Inf,0,-1.90036070695391,-15.1622253618126,1.50799690944652,0.99894517981104,-5 to -55 dB,0,14.7916666666667
75,95,full,1,1,1,1,1,-57.7371450915938,-43.0283457531843,-55.7593437502116,57.3801835270214,1.22747544959051,-13.6669300178792,1.43618019510994,0.997687774230496,-5 to -55 dB,3.11959172675499,12.0208333333333,-58.0598379486005,-43.2106323232192,-55.9823245082768,52.2779239703113,0.968689408635624,-10.6031711934092,1.4390839956502,0.997801092634623,-5 to -55 dB,2.90467345443274,14.2916666666667,-59.6802333090477,-43.0571976375383,-56.8668422881261,35.8007417655033,-1.1688208233337,-14.1892676142529,1.43030452433335,0.99784625877383,-5 to -55 dB,1.29858397407257,14.9375,-60.5411603757837,-44.9843293602578,-Inf,0,-1.69055247316315,-15.3478726278558,1.47173858705575,0.999547415804702,-5 to -55 dB,0,14.9375
75,96,full,1,1,1,1,1.05,-57.7371450915938,-43.0283457531843,-55.8048086131587,58.3587742142556,1.22747544959051,-13.6669300178792,1.43618019510994,0.997687774230496,-5 to -55 dB,3.28048329134616,12.0208333333333,-58.06774554205,-43.216488419565,-56.0337299792863,54.10606853226,0.964066011489126,-10.6647595833312,1.43908592301209,0.997801171284764,-5 to -55 dB,3.0599842150663,14.2916666666667,-59.7307590087702,-43.147827601628,-57.0007525948537,34.3810374505422,-1.06457882151787,-14.2122619806241,1.42600416390866,0.997917412043317,-5 to -55 dB,1.43129374062324,15.0833333333333,-60.6225392596903,-44.9002677198564,-Inf,0,-1.64878585886057,-15.421401235978,1.4782693680674,0.998565573811993,-5 to -55 dB,0,15.0833333333333
75,97,full,1,1,1,1,1.1,-57.7371450915938,-43.0283457531843,-55.9308525191416,60.6238822301134,1.22747544959051,-13.6669300178792,1.43618019510994,0.997687774230496,-5 to -55 dB,3.79279338736344,12.0208333333333,-58.0859696075973,-43.2262711469156,-56.1883463270756,56.3062635101931,0.937734355769681,-10.7415723295972,1.43911139432041,0.997802160594169,-5 to -55 dB,3.55950992852183,14.2916666666667,-59.8022319110269,-43.2493485941195,-57.1688035927899,36.9385248200732,-0.937528185983882,-13.991141461314,1.42126366751562,0.997981082824349,-5 to -55 dB,2.1774040211045,15.2291666666667,-60.8786575510721,-45.1425040347876,-Inf,0,-1.77395416939298,-15.2776117380943,1.50949896963304,0.998916416150633,-5 to -55 dB,0,15.2291666666667
75,98,full,1,1,1,1,1.15,-57.7371450915938,-43.0283457531843,-56.096207894943,58.5031123363035,1.22747544959051,-13.6669300178792,1.43618019510994,0.997687774230496,-5 to -55 dB,4.11577360578609,12.0208333333333,-58.071446540656,-43.2122978412283,-56.3545507204366,55.6836282434446,1.03324086674445,-9.25578523168336,1.4392625267917,0.997808067233766,-5 to -55 dB,3.90978674925181,15.4375,-59.9383565931715,-43.396183335851,-57.3451647823094,33.3937891068795,-0.991432729505856,-14.1767369819137,1.41565343378488,0.998050628554057,-5 to -55 dB,2.54877155631795,15.375,-60.9686654638056,-45.149001024175,-Inf,0,-1.87646655393042,-15.3231649191822,1.50916077560463,0.997681768515787,-5 to -55 dB,0,15.375
75,99,full,1,1,1,1,1.2,-57.7371450915938,-43.0283457531843,-56.106376263067,61.2326998987005,1.22747544959051,-13.6669300178792,1.43618019510994,0.997687774230496,-5 to -55 dB,4.01057771762445,12.0208333333333,-58.1216919807515,-43.2302707856853,-56.3832027126413,57.419731750644,0.943634434184076,-9.60103716415157,1.43960728777539,0.997821556885941,-5 to -55 dB,3.75506520679965,15.4375,-60.0174009460697,-43.4984608031039,-57.4533220514662,36.250945442411,-0.905867484806699,-14.4138489447769,1.40986659912163,0.998096896889765,-5 to -55 dB,2.61501521284348,15.5208333333333,-61.0025263658756,-45.1821978114307,-Inf,0,-2.09466128685483,-15.3988192879872,1.49020968072866,0.998946871088236,-5 to -55 dB,0,15.5208333333333
75,100,full,1,1,1,1,1.25,-57.7371450915938,-43.0283457531843,-56.1311617848666,63.5489172138869,1.22747544959051,-13.6669300178792,1.43618019510994,0.997687774230496,-5 to -55 dB,3.66283308443958,12.0208333333333,-58.1083038753288,-43.2450138714561,-56.3877408877537,58.0409648950143,0.986039163624107,-9.52879675127376,1.43947821590962,0.997816376774972,-5 to -55 dB,3.43861125486684,15.4375,-60.0687951057572,-43.622424939486,-57.4400392883722,35.1937324554278,-0.81037041837338,-14.4172205985849,1.40418620039119,0.998125639258236,-5 to -55 dB,2.48613438656783,15.6666666666667,-61.0183243109357,-45.2709880825495,-Inf,0,-1.81638056634702,-15.4816535288506,1.46402671914901,0.999439138211046,-5 to -55 dB,0,15.6666666666667
80,1,full,1,1,1,1,-3.95,-58.52741040168,-43.564254306738,-46.0203985629678,226.718642772231,0.495469801775222,-13.9614716186138,1.44104429774812,0.998688810368837,-5 to -55 dB,15.926640054717,12.75,-58.6010228968264,-43.5605406772753,-46.0263543512054,230.238808391437,0.0356679001464424,-19.1219053148242,1.44133209600581,0.998711186035358,-5 to -55 dB,16.0953128977882,10.4583333333333,-55.2200977713008,-38.6075016626264,-45.7209822219436,172.786843779647,0.87260619778568,-14.6831063231178,1.31863376439697,0.978902201181694,-5 to -55 dB,9.13301809068187,8.64583333333333,-46.2240927885674,-29.3581884478413,-Inf,0,7.50738373283123,0.367883094910309,0.92841481643138,0.978361273675621,-5 to -55 dB,0,8.64583333333333
80,2,full,1,1,1,1,-3.9,-58.52741040168,-43.564254306738,-46.1055098492494,226.071865731244,0.495469801775222,-13.9614716186138,1.44104429774812,0.998688810368837,-5 to -55 dB,15.6922953769176,12.75,-58.640960264835,-43.5797340283757,-46.106034576868,230.459160200912,-0.0597494367387478,-19.0231984042879,1.44157402051526,0.998722175003906,-5 to -55 dB,15.9074092854377,10.5208333333333,-55.1186372528176,-38.5036836577806,-45.8005148301526,168.708377803389,0.941025144285934,-14.7239419098548,1.31748544230289,0.978870628387907,-5 to -55 dB,8.90304578156119,8.58333333333333,-46.2710811571203,-29.3956575092356,-Inf,0,7.53127222975191,0.108461412387513,0.946439491090746,0.983837818968868,-5 to -55 dB,0,8.58333333333333
80,3,full,1,1,1,1,-3.85,-58.52741040168,-43.564254306738,-46.2096922384708,225.302865845278,0.495469801775222,-13.9614716186138,1.44104429774812,0.998688810368837,-5 to -55 dB,15.9378908250157,12.75,-58.6345479314288,-43.5713098642411,-46.2102527446156,230.103762201582,-0.0546161589726499,-19.2155272581957,1.44155895275134,0.998721331319879,-5 to -55 dB,16.1496327647777,10.4583333333333,-55.0692014559247,-38.4563366818167,-45.8784207931751,167.90178725462,0.917786842380245,-14.6858474609767,1.31768385406035,0.97892107800323,-5 to -55 dB,9.14942358201771,8.52083333333333,-46.3633898560668,-29.3120204859389,-Inf,0,7.49742296735654,-0.43000341665159,0.922649664254588,0.982665627086205,-5 to -55 dB,0,8.52083333333333
80,4,full,1,1,1,1,-3.8,-58.52741040168,-43.564254306738,-46.0388128627041,226.022236930414,0.495469801775222,-13.9614716186138,1.44104429774812,0.998688810368837,-5 to -55 dB,15.2985490656496,12.75,-58.6319272710773,-43.5737331946704,-46.0560726254426,230.857342967173,-0.0591690336350767,-19.029563088604,1.44154401034302,0.998720898165513,-5 to -55 dB,15.5112075843458,10.3958333333333,-55.0427994896915,-38.4239864861415,-45.7244604220407,167.664705191526,0.828914774473313,-14.6485061470448,1.31851224094832,0.979003315769496,-5 to -55 dB,8.59626281471312,8.45833333333333,-46.2223901551396,-29.2064648108613,-Inf,0,7.46428101336516,-0.072386820901153,0.95668906546871,0.98540329961535,-5 to -55 dB,0,8.45833333333333
80,5,full,1,1,1,1,-3.75,-58.52741040168,-43.564254306738,-46.1309860572786,224.614304973655,0.495469801775222,-13.9614716186138,1.44104429774812,0.998688810368837,-5 to -55 dB,15.8321422864756,12.75,-58.6250843468418,-43.5714071434471,-46.1447688273697,229.683569599634,-0.0542583355202919,-19.1337751903443,1.44153392046077,0.998720401734762,-5 to -55 dB,16.0411209022632,10.3333333333333,-54.9859078115458,-38.3636910015709,-45.81702028346,165.369435256479,0.809522245631048,-14.6471520739423,1.31845844930903,0.979040352580119,-5 to -55 dB,9.12051758849464,8.39583333333333,-46.3231588421517,-29.3447942584804,-Inf,0,7.32053682250371,-0.296551136924811,0.909333002487771,0.986386751112552,-5 to -55 dB,0,8.39583333333333
80,6,full,1,1,1,1,-3.7,-58.52741040168,-43.564254306738,-46.1776249100876,225.639873108141,0.495469801775222,-13.9614716186138,1.44104429774812,0.998688810368837,-5 to -55 dB,16.3531172407386,12.75,-58.6323480781734,-43.5756130284507,-46.1695394895595,230.197937838804,-0.0733617956156508,-19.2575191832629,1.44154899103607,0.998721042538625,-5 to -55 dB,16.5690421308485,10.2916666666667,-54.9324926600258,-38.3064204152961,-45.8102505798007,164.88537460369,0.797505669281389,-14.645483132572,1.3184330194508,0.979080905412041,-5 to -55 dB,9.6053199436724,8.35416666666667,-46.3942225149221,-29.1947183719681,-Inf,0,7.09484231567776,-0.612564455319111,0.891746149342017,0.983259253143438,-5 to -55 dB,0,8.35416666666667
80,7,full,1,1,1,1,-3.65,-58.52741040168,-43.564254306738,-46.3577627179522,223.699730944293,0.495469801775222,-13.9614716186138,1.44104429774812,0.998688810368837,-5 to -55 dB,15.7851929288663,12.75,-58.6300284190364,-43.566840802674,-46.3570937400363,228.739394217419,-0.0763458881025212,-19.4251900331666,1.4415439813738,0.99872082963683,-5 to -55 dB,16.0020918089014,10.2291666666667,-54.8651784508308,-38.2378578742982,-45.9908777492823,161.406612510328,0.810770179256863,-14.6613782849373,1.31805168605671,0.979117417049781,-5 to -55 dB,9.03215181181472,8.29166666666667,-46.5739251906582,-29.2746222063988,-Inf,0,6.99627220546337,-0.925976369294485,0.90916972260853,0.987614145022487,-5 to -55 dB,0,8.29166666666667
80,8,full,1,1,1,1,-3.6,-58.52741040168,-43.564254306738,-46.5370795841279,221.206276382661,0.495469801775222,-13.9614716186138,1.44104429774812,0.998688810368837,-5 to -55 dB,15.4969402532593,12.75,-58.6323393764025,-43.5796454217152,-46.5354485666535,227.145293579251,-0.0807208900889257,-19.3954993870594,1.44154899103606,0.998721042538625,-5 to -55 dB,15.7171383249994,10.1875,-54.8115795127068,-38.1831056054478,-46.1875703157018,157.429485044169,0.806331718828447,-14.6804759833121,1.31790401786055,0.979153459504939,-5 to -55 dB,8.75896130332418,8.25,-46.7932066041362,-29.2121360739947,-Inf,0,6.54756552097578,-1.05167843357296,0.902737973603224,0.989379537325857,-5 to -55 dB,0,8.25
80,9,full,1,1,1,1,-3.55,-58.52741040168,-43.564254306738,-46.5389249703457,222.498778499196,0.495469801775222,-13.9614716186138,1.44104429774812,0.998688810368837,-5 to -55 dB,15.5601090000804,12.75,-58.617002675575,-43.5713175364793,-46.5427694758988,228.380806320266,-0.0514827712177462,-19.379698651548,1.44147869586793,0.998718329303601,-5 to -55 dB,15.7683124850779,10.125,-54.7579539852398,-38.132696777447,-46.1206436790758,158.011079235851,0.810397866758659,-14.7092937992713,1.31764615738616,0.979183218589653,-5 to -55 dB,8.82579641146832,8.1875,-46.8181060391979,-29.1884041787944,-Inf,0,6.70445251476121,-1.27764004142061,0.91274393070177,0.985239880335611,-5 to -55 dB,0,8.1875
80,10,full,1,1,1,1,-3.5,-58.52741040168,-43.564254306738,-46.6088069315224,225.662023224159,0.495469801775222,-13.9614716186138,1.44104429774812,0.998688810368837,-5 to -55 dB,14.9560415269912,12.75,-58.6141552954371,-43.5716704729673,-46.6098587143865,231.500281272289,-0.0465684193702331,-19.3344594219813,1.44146842284665,0.998717628395083,-5 to -55 dB,15.1648070327501,10.0833333333333,-54.7729611819092,-38.1633047327905,-46.2688713727481,163.986214647476,0.692393684601939,-14.6449795631387,1.31956095471818,0.979304059530929,-5 to -55 dB,8.24713004427894,8.14583333333333,-46.8721112500335,-29.1488370827975,-Inf,0,6.66202218213184,-1.86473761069137,0.954176804334825,0.985978426743846,-5 to -55 dB,0,8.14583333333333
80,11,full,1,1,1,1,-3.45,-58.52741040168,-43.564254306738,-46.6025246522813,225.28299410165,0.495469801775222,-13.9614716186138,1.44104429774812,0.998688810368837,-5 to -55 dB,14.6692131125011,12.75,-58.6200127228624,-43.5681661354004,-46.6011727607594,230.882139059821,-0.0604113173867613,-19.2975966527287,1.4414939161424,0.998719104616486,-5 to -55 dB,14.885389500391,10.0416666666667,-54.6708667613932,-38.0622075627797,-46.183362213752,160.73675809207,0.796673100432273,-14.7218767792198,1.31770831420166,0.979296239305965,-5 to -55 dB,7.95182497383131,8.10416666666667,-46.8720960514217,-29.0861995153498,-Inf,0,6.59800391272649,-1.67360797863122,0.966326343717234,0.98553716722873,-5 to -55 dB,0,8.10416666666667
80,12,full,1,1,1,1,-3.4,-58.52741040168,-43.564254306738,-46.6127088141961,224.500753098943,0.495469801775222,-13.9614716186138,1.44104429774812,0.998688810368837,-5 to -55 dB,15.027353773862,12.75,-58.6393146611038,-43.5662840922069,-46.6190166407831,229.963007379699,-0.0968641554995412,-19.4724855777985,1.44154394693607,0.998720761116046,-5 to -55 dB,15.2574853684149,9.875,-54.7017336514465,-38.1057098687673,-46.2602805567946,162.618305984961,0.658098649697049,-14.6457448666788,1.31968836506453,0.979420278460694,-5 to -55 dB,8.32928911957711,8.0625,-46.9027689043639,-29.1361672178058,-Inf,0,6.86472368985495,-2.17226884632309,0.962432838562978,0.980609608266255,-5 to -55 dB,0,8.0625
80,13,full,1,1,1,1,-3.35,-58.52741040168,-43.564254306738,-46.5552395663945,226.336927206638,0.495469801775222,-13.9614716186138,1.44104429774812,0.998688810368837,-5 to -55 dB,15.345835661734,12.75,-58.6510705897866,-43.5788272094523,-46.5623659170877,231.282321719987,-0.128664191300585,-19.4574720978053,1.44157404651809,0.998722243466083,-5 to -55 dB,15.5870987671693,9.83333333333333,-54.6673402120147,-38.0673447216215,-46.1833334576853,164.251040516246,0.645042788309728,-14.6521707288682,1.31965937113472,0.97947762277801,-5 to -55 dB,8.69917211209992,8.02083333333333,-46.8374941351623,-29.0246742858823,-Inf,0,6.33720606359897,-1.93091626864638,0.908992466557001,0.98834978025762,-5 to -55 dB,0,8.02083333333333
80,14,full,1,1,1,1,-3.3,-58.52741040168,-43.564254306738,-46.5718347166558,224.32303229622,0.495469801775222,-13.9614716186138,1.44104429774812,0.998688810368837,-5 to -55 dB,15.2538182303388,12.75,-58.6243515968898,-43.5674348071583,-46.5591133799387,229.824087211694,-0.0764170922310286,-19.4485454721984,1.44145840552002,0.998717270630695,-5 to -55 dB,15.471503620522,9.8125,-54.6335800838666,-38.0370949295076,-46.2074398953288,161.994901625004,0.636350087403301,-14.647783595194,1.31967723349532,0.979543344558989,-5 to -55 dB,8.60378364290841,8,-46.8430550685355,-28.9934986501303,-Inf,0,6.34008615380387,-2.38802286982208,0.926659662480295,0.98472608756487,-5 to -55 dB,0,8
80,15,full,1,1,1,1,-3.25,-58.52741040168,-43.564254306738,-46.3970840957797,230.362596712793,0.495469801775222,-13.9614716186138,1.44104429774812,0.998688810368837,-5 to -55 dB,14.9354464041498,12.75,-58.6192507674753,-43.5740081746249,-46.3902936855599,235.95067017155,-0.0677990782733499,-19.4201316969505,1.44142842985445,0.998716269525785,-5 to -55 dB,15.1502144600504,9.77083333333333,-54.6014966125045,-38.0127887060879,-45.9633045194785,166.606237545736,0.626583588498995,-14.6442597249701,1.31969310277886,0.979612479160705,-5 to -55 dB,8.27222255129304,7.95833333333333,-46.6288297897921,-28.7752891371434,-Inf,0,6.42752217223355,-2.20744656442677,0.955922260978906,0.983045306076388,-5 to -55 dB,0,7.95833333333333
80,16,full,1,1,1,1,-3.2,-58.52741040168,-43.564254306738,-46.3579605114194,228.857508129935,0.495469801775222,-13.9614716186138,1.44104429774812,0.998688810368837,-5 to -55 dB,14.2612399015725,12.75,-58.6198995640868,-43.5610918403381,-46.3766416651163,235.036611615125,-0.0739877153724875,-19.3883397214257,1.44142848531991,0.998716338225177,-5 to -55 dB,14.4786218137118,9.75,-54.5549221905084,-37.9783790103913,-45.9757403303366,164.657104193099,0.646077898800502,-14.6583889385909,1.3193309436904,0.979661398298912,-5 to -55 dB,7.64171982072406,7.9375,-46.5813575189225,-28.9178819870904,-Inf,0,6.58582868444044,-2.05597357946754,0.99584322594918,0.979854497901262,-5 to -55 dB,0,7.9375
80,17,full,1,1,1,1,-3.15,-58.52741040168,-43.564254306738,-46.1953347816078,226.878079587226,0.495469801775222,-13.9614716186138,1.44104429774812,0.998688810368837,-5 to -55 dB,15.0722598183136,12.75,-58.6259973654821,-43.5642835045218,-46.2091088832794,232.909710100983,-0.0897745716702655,-19.4249417965745,1.44146842284665,0.998717628395083,-5 to -55 dB,15.2968935733011,9.70833333333333,-54.6151251439985,-38.071064402004,-45.8797450110187,169.381217764165,0.465811222215866,-14.5838679369817,1.32197488916178,0.979791666763571,-5 to -55 dB,8.47148492108704,7.89583333333333,-46.4325133592359,-29.0105043586862,-Inf,0,6.48157654638603,-2.09662012904444,0.94899071036939,0.983658457513422,-5 to -55 dB,0,7.89583333333333
80,18,full,1,1,1,1,-3.1,-58.52741040168,-43.564254306738,-46.0808362568243,229.550543540604,0.495469801775222,-13.9614716186138,1.44104429774812,0.998688810368837,-5 to -55 dB,15.0191202324607,12.75,-58.6115787313894,-43.5682659583215,-46.06706963283,235.199527406874,-0.0618284795078851,-19.4132362483031,1.44140285093923,0.998714859689868,-5 to -55 dB,15.2303644497777,9.6875,-54.583498882647,-38.0352073519751,-45.6983513123541,171.980816438459,0.471428865870239,-14.5880025607131,1.3218134214916,0.979862455718665,-5 to -55 dB,8.44187007667673,7.875,-46.3718317377734,-28.9260026399122,-Inf,0,6.98235577523473,-2.13906267123435,0.949262808131282,0.986469621849793,-5 to -55 dB,0,7.875
80,19,full,1,1,1,1,-3.05,-58.52741040168,-43.564254306738,-45.8485324568348,227.374001228734,0.495469801775222,-13.9614716186138,1.44104429774812,0.998688810368837,-5 to -55 dB,14.8987947399428,12.75,-58.6108481368474,-43.5689761505617,-45.8340943284811,232.596737379403,-0.0626013317711584,-19.3393309945298,1.4413877772101,0.998714288826237,-5 to -55 dB,15.1110129316737,9.66666666666667,-54.4742301915369,-37.9029757551305,-45.4778353830945,163.618425190364,0.627043035108273,-14.7176347965582,1.31903712903016,0.979880486915702,-5 to -55 dB,8.27978685283573,7.85416666666667,-46.1252341136902,-28.834987672347,-Inf,0,7.17340949226551,-1.58464028548787,0.96862951403855,0.984632789427612,-5 to -55 dB,0,7.85416666666667
80,20,full,1,1,1,1,-3,-58.52741040168,-43.564254306738,-45.742673888776,229.09007223035,0.495469801775222,-13.9614716186138,1.44104429774812,0.998688810368837,-5 to -55 dB,14.856896431061,12.75,-58.6321774924887,-43.5687759576374,-45.7471328396603,234.710443899711,-0.106662950915258,-19.2968667055322,1.4414939161424,0.998719104616486,-5 to -55 dB,15.0910243425999,9.64583333333333,-54.4594496841114,-37.8854604672649,-45.3751640909639,164.94823417298,0.611622248342104,-14.7100006597424,1.3190646340717,0.979969022593278,-5 to -55 dB,8.26972235564134,7.83333333333333,-46.0431525225309,-28.8048735510328,-Inf,0,7.29460133803481,-1.81121369955504,0.963029430713793,0.983251233875828,-5 to -55 dB,0,7.83333333333333
80,21,full,1,1,1,1,-2.95,-58.52741040168,-43.564254306738,-45.7587911729402,228.225391535112,0.495469801775222,-13.9614716186138,1.44104429774812,0.998688810368837,-5 to -55 dB,15.58249507163,12.75,-58.6316871651807,-43.5674812425341,-45.7706304678327,233.950467447989,-0.1054817518897,-19.3319753008297,1.4414939161424,0.998719104616486,-5 to -55 dB,15.8161006569703,9.625,-54.5165650663059,-37.9775195318254,-45.3817673518519,169.973946358531,0.468393552319431,-14.6309755334693,1.32139573710771,0.980112572229062,-5 to -55 dB,9.0238927177397,7.8125,-46.0651387819634,-28.9218007032927,-Inf,0,7.32867850752205,-1.90031816248827,0.946932830221917,0.980470509261186,-5 to -55 dB,0,7.8125
80,22,full,1,1,1,1,-2.9,-58.52741040168,-43.564254306738,-45.7307999356486,229.158641508335,0.495469801775222,-13.9614716186138,1.44104429774812,0.998688810368837,-5 to -55 dB,15.316583737728,12.75,-58.6231619773757,-43.5749876486424,-45.7534090528827,234.671464032372,-0.0882755634211509,-19.2750193029137,1.44144844172203,0.998716982070247,-5 to -55 dB,15.5428296560402,9.60416666666667,-54.4349551763378,-37.8586056380318,-45.3255631534899,164.466015385407,0.592752301818957,-14.7079149812262,1.31909302127148,0.980166350936487,-5 to -55 dB,8.69732725756349,7.79166666666667,-46.0229569769829,-28.8254484347687,-Inf,0,7.16717174364251,-1.62364703933585,0.939681203321603,0.984563244727386,-5 to -55 dB,0,7.79166666666667
80,23,full,1,1,1,1,-2.85,-58.52741040168,-43.564254306738,-45.7343144408739,230.220740428276,0.495469801775222,-13.9614716186138,1.44104429774812,0.998688810368837,-5 to -55 dB,14.4911204756348,12.75,-58.6078352451618,-43.562550219564,-45.7699704236989,235.726346390401,-0.057356201405704,-19.3278026386185,1.44137227704232,0.998712960524527,-5 to -55 dB,14.7022870670834,9.60416666666667,-54.4987872193131,-37.9604964065828,-45.3370180866434,171.663950079514,0.448174605233885,-14.6184699960754,1.3214184257627,0.980310316802535,-5 to -55 dB,7.93151306228504,7.79166666666667,-46.0200913433622,-28.8365745768,-Inf,0,7.07975562964245,-1.48350492204433,1.02771742609428,0.975403747343197,-5 to -55 dB,0,7.79166666666667
80,24,full,1,1,1,1,-2.8,-58.52741040168,-43.564254306738,-45.9700091219315,229.079649387573,0.495469801775222,-13.9614716186138,1.44104429774812,0.998688810368837,-5 to -55 dB,14.6096408616889,12.75,-58.6274496720227,-43.5691996586645,-45.9977715936739,234.560840769904,-0.0981355609909599,-19.3050521115526,1.44147853614495,0.998718123484467,-5 to -55 dB,14.8410851370041,9.58333333333333,-54.4831433233809,-37.9545036092372,-45.5733318495022,170.121801536623,0.459421880892507,-14.6332724357137,1.32124711064254,0.980416796538861,-5 to -55 dB,8.11861311200739,7.77083333333333,-46.2629403579689,-28.8476650831288,-Inf,0,6.98913801494814,-1.46518117208895,0.963836064848384,0.984686468808182,-5 to -55 dB,0,7.77083333333333
80,25,full,1,1,1,1,-2.75,-58.52741040168,-43.564254306738,-46.3523954709919,229.071509984417,0.495469801775222,-13.9614716186138,1.44104429774812,0.998688810368837,-5 to -55 dB,14.8221559447939,12.75,-58.6281463840882,-43.5689137120048,-46.3609844702014,234.191982867506,-0.0995801876497283,-19.2402961121185,1.44147869586793,0.998718329303601,-5 to -55 dB,15.0528305728692,9.58333333333333,-54.3968604698538,-37.8392066380936,-45.9195146892831,163.986313438317,0.609724992493702,-14.7147150246278,1.31859846858432,0.980477065794766,-5 to -55 dB,8.2224891034694,7.77083333333333,-46.6555166572431,-29.0255380230743,-Inf,0,6.47257168530385,-1.87779134019521,0.943160191053424,0.984657936765223,-5 to -55 dB,0,7.77083333333333
80,26,full,1,1,1,1,-2.7,-58.52741040168,-43.564254306738,-46.7549483469396,222.366619782435,0.495469801775222,-13.9614716186138,1.44104429774812,0.998688810368837,-5 to -55 dB,14.0036789851329,12.75,-58.6267360814624,-43.5772962453788,-46.746559724204,227.284791116211,-0.0967407822117747,-19.2374653508057,1.44147345532481,0.998717841682843,-5 to -55 dB,14.2312872480202,9.58333333333333,-54.3862490044798,-37.8337886190121,-46.2261514997231,157.00111694187,0.622990282673127,-14.7210106862738,1.31833649544976,0.980588556509511,-5 to -55 dB,7.40478240588663,7.77083333333333,-47.1045155685638,-31.032943332383,-Inf,0,5.74039455177005,-1.96100381177933,0.972697019223046,0.988100345066493,-5 to -55 dB,0,7.77083333333333
80,27,full,1,1,1,1,-2.65,-58.52741040168,-43.564254306738,-46.7641082456411,220.351532449437,0.495469801775222,-13.9614716186138,1.44104429774812,0.998688810368837,-5 to -55 dB,14.1281845157829,12.75,-58.6130471096347,-43.5665438985324,-46.7515440878709,225.164864486888,-0.0690479240441796,-19.2498969929559,1.4414130123718,0.998715355528074,-5 to -55 dB,14.3440764985555,9.58333333333333,-54.3966095583107,-37.8441061983328,-46.2893391967863,154.718814224833,0.60282129788822,-14.7087411812638,1.31845546208164,0.980732537935503,-5 to -55 dB,7.54650156394409,7.77083333333333,-47.0548683333744,-29.259609340957,-Inf,0,5.53445029768267,-1.93340623011537,0.96960789437445,0.983335643205871,-5 to -55 dB,0,7.77083333333333
80,28,full,1,1,1,1,-2.6,-58.52741040168,-43.564254306738,-46.6461026300656,222.045501424611,0.495469801775222,-13.9614716186138,1.44104429774812,0.998688810368837,-5 to -55 dB,14.4527767264312,12.75,-58.6246682660879,-43.5683411088358,-46.6263496374479,226.596316288847,-0.0925508744266354,-19.2395578073095,1.44146343796073,0.998717483839409,-5 to -55 dB,14.6779316582215,9.58333333333333,-54.3914466062334,-37.8468571033836,-46.0811033682347,156.291056063411,0.617489285649234,-14.7156377083401,1.31818616559311,0.980862525566873,-5 to -55 dB,7.80845188383381,7.77083333333333,-46.9628225980247,-29.2365354997164,-Inf,0,5.44202069796151,-2.51590708804813,0.954934820764532,0.985751079815796,-5 to -55 dB,0,7.77083333333333
80,29,full,1,1,1,1,-2.55,-58.52741040168,-43.564254306738,-46.774080710477,220.485573219979,0.495469801775222,-13.9614716186138,1.44104429774812,0.998688810368837,-5 to -55 dB,14.0681086972624,12.75,-58.6370555533185,-43.5807411969891,-46.7801375451991,224.971944024575,-0.11766180743498,-19.2312807101334,1.44153895664139,0.998720615924884,-5 to -55 dB,14.3069965434424,9.58333333333333,-54.3943453951163,-37.8578589861468,-46.2619622529093,155.165394575338,0.622868459917165,-14.7173150075195,1.31809395232731,0.981014932716522,-5 to -55 dB,7.47974489871127,7.77083333333333,-47.0848876275863,-29.4092519554927,-Inf,0,5.43542009447104,-2.19967961290307,0.975737833989945,0.983642558543494,-5 to -55 dB,0,7.77083333333333
80,30,full,1,1,1,1,-2.5,-58.52741040168,-43.564254306738,-46.7779542272236,224.440262858605,0.495469801775222,-13.9614716186138,1.44104429774812,0.998688810368837,-5 to -55 dB,14.1754456945161,12.75,-58.642907670116,-43.5781356892391,-46.7932777515716,229.222841696334,-0.129527358376343,-19.2894123819415,1.44154899103606,0.998721042538625,-5 to -55 dB,14.4194255248336,9.58333333333333,-54.4876646629945,-37.9904091722373,-46.2805618404911,165.184671417716,0.463730985561989,-14.6285954372723,1.32053455515807,0.98124245119491,-5 to -55 dB,7.6446718299704,7.77083333333333,-47.1163605437242,-29.2702670433713,-Inf,0,5.13035129221784,-3.31743847336493,0.974673504096146,0.984766639671696,-5 to -55 dB,0,7.77083333333333
80,31,full,1,1,1,1,-2.45,-58.52741040168,-43.564254306738,-46.8300579088799,223.81003860327,0.495469801775222,-13.9614716186138,1.44104429774812,0.998688810368837,-5 to -55 dB,13.7502270554557,12.75,-58.6297088184581,-43.5729844122642,-46.8276588396577,228.216918157626,-0.101598760760446,-19.3056730615234,1.44147886830358,0.998718535043564,-5 to -55 dB,13.9793006835766,9.60416666666667,-54.5024062060182,-38.0075954278364,-46.3354678779461,164.627183829992,0.458512560452082,-14.6147260044233,1.32060969527808,0.981419199323745,-5 to -55 dB,7.26782476849084,7.79166666666667,-47.1624049065853,-31.066249255296,-Inf,0,5.32154899485891,-3.33030915661805,0.989326882505916,0.986110217395262,-5 to -55 dB,0,7.79166666666667
80,32,full,1,1,1,1,-2.4,-58.52741040168,-43.564254306738,-46.8775693052326,224.417163936398,0.495469801775222,-13.9614716186138,1.44104429774812,0.998688810368837,-5 to -55 dB,13.7567388647459,12.75,-58.6308316120947,-43.5784359316724,-46.8977757252196,229.485171603437,-0.103818423097379,-19.2672589570132,1.4414888822854,0.998718891838476,-5 to -55 dB,13.9891646295901,9.60416666666667,-54.4372764888126,-37.9147559514044,-46.2992949476547,159.070777061321,0.609683763178968,-14.7055151339581,1.31793036044972,0.981544863438855,-5 to -55 dB,7.15420534981425,7.79166666666667,-47.234874075978,-29.3848129066955,-Inf,0,5.31639780761628,-3.34058691919393,1.04193463302831,0.973916010042331,-5 to -55 dB,0,7.79166666666667
80,33,full,1,1,1,1,-2.35,-58.52741040168,-43.564254306738,-46.6820001230816,225.292195214365,0.495469801775222,-13.9614716186138,1.44104429774812,0.998688810368837,-5 to -55 dB,13.7243437397048,12.75,-58.6122412772179,-43.5709001180084,-46.7041785617135,229.392602081351,-0.0661211326286112,-19.3516474692267,1.44140796047416,0.998715141934137,-5 to -55 dB,13.9383830142978,9.625,-54.5225990510173,-38.0531881640993,-46.1759279553477,166.793120695447,0.482961497949234,-14.6247336658513,1.31995497236249,0.981803063539298,-5 to -55 dB,7.22232381120546,7.8125,-47.0008925925064,-29.1447226703639,-Inf,0,5.95943850659576,-2.73687340738665,1.03277896789218,0.979202048896331,-5 to -55 dB,0,7.8125
80,34,full,1,1,1,1,-2.3,-58.52741040168,-43.564254306738,-46.62612397793,225.091158397102,0.495469801775222,-13.9614716186138,1.44104429774812,0.998688810368837,-5 to -55 dB,14.2997762211474,12.75,-58.6237706224383,-43.5791017417245,-46.6555594697673,229.219108927174,-0.0896221775663477,-19.3053723222507,1.44145840552002,0.998717270630695,-5 to -55 dB,14.5241781373535,9.64583333333333,-54.4544938756863,-37.9661970446952,-46.1353602688768,160.33183653599,0.650785328657453,-14.7151239078166,1.31745759099997,0.981946062307913,-5 to -55 dB,7.77389874843504,7.83333333333333,-46.9577857423135,-29.1713181838958,-Inf,0,6.31049455090869,-1.86058535309475,0.990847689274464,0.982957507491587,-5 to -55 dB,0,7.83333333333333
80,35,full,1,1,1,1,-2.25,-58.52741040168,-43.564254306738,-46.2339839273789,227.278308804179,0.495469801775222,-13.9614716186138,1.44104429774812,0.998688810368837,-5 to -55 dB,14.2736660994207,12.75,-58.607907860177,-43.5722999122841,-46.2441337285875,231.795930461788,-0.0566680917734093,-19.3423054932786,1.44137227704232,0.998712960524527,-5 to -55 dB,14.4828173919213,9.66666666666667,-54.4791102859402,-38.0028270328633,-45.7487435100431,163.24154076221,0.652022643654015,-14.7125899174076,1.31744092062974,0.982185435677449,-5 to -55 dB,7.80610097696315,7.85416666666667,-46.5328122122073,-29.0537641454985,-Inf,0,7.01897326224007,-0.955698727354267,1.01116146779229,0.981515009560781,-5 to -55 dB,0,7.85416666666667
80,36,full,1,1,1,1,-2.2,-58.52741040168,-43.564254306738,-45.989975690292,232.605471962202,0.495469801775222,-13.9614716186138,1.44104429774812,0.998688810368837,-5 to -55 dB,14.1051965625864,12.75,-58.6357332187715,-43.5915366488822,-46.0085324923448,237.585886915171,-0.110721007886775,-19.388804495093,1.44153891638315,0.998720547406871,-5 to -55 dB,14.3418640730409,9.6875,-54.58284639176,-38.1510521028231,-45.6187527798688,175.500062777323,0.511866890685976,-14.5886777366864,1.31948928060666,0.982491732250036,-5 to -55 dB,7.82903721592179,7.875,-46.2652652829083,-28.9301515158191,-Inf,0,7.66837955163633,0.0770639027437842,1.01744831114569,0.985280219489,-5 to -55 dB,0,7.875
80,37,full,1,1,1,1,-2.15,-58.52741040168,-43.564254306738,-45.3176469962876,238.995823647746,0.495469801775222,-13.9614716186138,1.44104429774812,0.998688810368837,-5 to -55 dB,14.8761328955439,12.75,-58.6187704934271,-43.568479657577,-45.3284071849706,243.229155429546,-0.0751529102139619,-19.4322510996679,1.44142842985445,0.998716269525785,-5 to -55 dB,15.0951074989055,9.70833333333333,-54.6231866884374,-38.2077899051075,-45.0043176569563,182.939282691929,0.494093791132608,-14.5755255592192,1.31995764135384,0.982775335320352,-5 to -55 dB,8.57478313756055,7.89583333333333,-45.5567600280073,-28.4793276532638,-Inf,0,8.42995476482801,1.56664458363208,1.02204054782035,0.981093637676946,-5 to -55 dB,0,7.89583333333333
80,38,full,1,1,1,1,-2.1,-58.52741040168,-43.564254306738,-45.1782086995911,238.944325915832,0.495469801775222,-13.9614716186138,1.44104429774812,0.998688810368837,-5 to -55 dB,14.5526088804365,12.75,-58.6679265381,-43.5978279722105,-45.1740956717713,243.520391700076,-0.171614810694275,-19.3397567373978,1.4416733933599,0.998725451097672,-5 to -55 dB,14.8195690397649,9.75,-54.5728111967938,-38.1265439087748,-44.8526830302921,177.435816771592,0.658956104807589,-14.639886632616,1.3175545167594,0.983026715507965,-5 to -55 dB,8.23069971406732,7.9375,-45.3824317732544,-28.4616946449513,-Inf,0,9.05965027364847,1.98969553863428,1.07431260358165,0.973098290379852,-5 to -55 dB,0,7.9375
80,39,full,1,1,1,1,-2.05,-58.52741040168,-43.564254306738,-44.9260479946857,244.88444530853,0.495469801775222,-13.9614716186138,1.44104429774812,0.998688810368837,-5 to -55 dB,15.0112081200482,12.75,-58.6409668745389,-43.5872454265671,-44.9349913545297,249.345237632533,-0.111772143647482,-19.3981667800752,1.4415439813738,0.99872082963683,-5 to -55 dB,15.2523642864447,9.77083333333333,-54.6162949693184,-38.1743721608248,-44.654312219024,184.131080073914,0.649608087928667,-14.6289525611413,1.31771555514605,0.983357484108638,-5 to -55 dB,8.7960994269875,7.95833333333333,-45.128424921096,-28.2593958019364,-Inf,0,9.42613470825459,2.15277278087345,1.05201444400872,0.975099996582624,-5 to -55 dB,0,7.95833333333333
80,40,full,1,1,1,1,-2,-58.52741040168,-43.564254306738,-45.8036883121716,235.297184414947,0.495469801775222,-13.9614716186138,1.44104429774812,0.998688810368837,-5 to -55 dB,14.0776783334816,12.75,-58.6381071094778,-43.5872225420623,-45.8128401929289,239.151170011786,-0.104272073382932,-19.4346335303434,1.44153895664138,0.998720615924884,-5 to -55 dB,14.3124873352424,9.8125,-54.6355771625859,-38.2054416108675,-45.4769695069087,173.328792390019,0.687969525837948,-14.6457180118159,1.31750082753038,0.983689368210046,-5 to -55 dB,7.81065926914566,8,-46.0673558903725,-28.9472888863003,-Inf,0,8.73567976443444,1.50827651374416,1.09804133292762,0.972718378139285,-5 to -55 dB,0,8
80,41,full,1,1,1,1,-1.95,-58.52741040168,-43.564254306738,-46.3254634926126,221.932726732999,0.495469801775222,-13.9614716186138,1.44104429774812,0.998688810368837,-5 to -55 dB,13.2033654139314,12.75,-58.6229835039308,-43.5768646774004,-46.3227264445721,225.457922855855,-0.071723312040034,-19.4858763886537,1.44144346289143,0.998716838060981,-5 to -55 dB,13.4229932496586,9.83333333333333,-54.6577890377658,-38.2573812503197,-45.9716694657651,160.703397248781,0.722918000738564,-14.6620487511545,1.31733908081669,0.984049536094405,-5 to -55 dB,6.93834079638805,8.02083333333333,-46.6189285436852,-29.6383084480836,-Inf,0,8.25892177253554,0.806926150634619,1.12207559076676,0.974565614376463,-5 to -55 dB,0,8.02083333333333
80,42,full,1,1,1,1,-1.9,-58.52741040168,-43.564254306738,-46.7248334906996,214.690017449167,0.495469801775222,-13.9614716186138,1.44104429774812,0.998688810368837,-5 to -55 dB,12.8547235033147,12.75,-58.6606125590809,-43.6036380148674,-46.7453332726831,219.307569257484,-0.14013302034189,-19.4509465973867,1.44159887809953,0.998723230047373,-5 to -55 dB,13.1085467662251,9.875,-54.7076280091378,-38.316714050724,-46.2840434863269,153.51411713785,0.712172150940267,-14.6396481293235,1.31815683171042,0.98447609554983,-5 to -55 dB,6.59906207478901,8.0625,-47.0929219115471,-30.1244190494027,-Inf,0,7.69986899037575,0.207043919504775,1.11808095717353,0.980294555151356,-5 to -55 dB,0,8.0625
80,43,full,1,1,1,1,-1.85,-58.52741040168,-43.564254306738,-47.2017395449502,209.195460113239,0.495469801775222,-13.9614716186138,1.44104429774812,0.998688810368837,-5 to -55 dB,11.0204412041553,12.75,-58.6240151522605,-43.5836298177871,-47.2174342838487,213.016005283314,-0.0685145993373483,-19.2935471509129,1.44153891638315,0.998720547406871,-5 to -55 dB,11.2449107103524,10.0416666666667,-54.68644420312,-38.3051009551176,-46.7590271125241,145.173169044997,0.837844119590564,-14.7057731822896,1.31718902331104,0.984868613801994,-5 to -55 dB,4.82430481535287,8.10416666666667,-47.6166177898682,-30.6309088381136,-Inf,0,7.10898622019825,-0.543992993559318,1.27897644717842,0.965046601912372,-5 to -55 dB,0,8.10416666666667
80,44,full,1,1,1,1,-1.8,-58.52741040168,-43.564254306738,-47.5979426015696,206.397082139519,0.495469801775222,-13.9614716186138,1.44104429774812,0.998688810368837,-5 to -55 dB,11.1984143240884,12.75,-58.6534061690823,-43.6022497753546,-47.6294930849026,211.350703310756,-0.126235114080866,-19.2947489373642,1.44164850006204,0.998724729322891,-5 to -55 dB,11.4488133866566,10.0833333333333,-54.787589587438,-38.4235536402418,-47.111788249431,145.849896800347,0.740750820531888,-14.6298482875213,1.31948529039682,0.985376164711234,-5 to -55 dB,5.02660300387239,8.14583333333333,-48.0477514031787,-30.8938097783615,-Inf,0,7.11296893029041,-1.26178709172726,1.20607721043593,0.975518832335163,-5 to -55 dB,0,8.14583333333333
80,45,full,1,1,1,1,-1.75,-58.52741040168,-43.564254306738,-47.4522661807835,204.773398156331,0.495469801775222,-13.9614716186138,1.44104429774812,0.998688810368837,-5 to -55 dB,11.5383722974066,12.75,-58.6422520679721,-43.5905200440549,-47.4760801428551,209.507675970535,-0.102672540452158,-19.3541571408582,1.44157408691813,0.998722380400914,-5 to -55 dB,11.7758980780176,10.125,-54.7709512184356,-38.4316764655479,-46.9464963957235,140.661622484434,0.865506138807472,-14.6958564233161,1.31841122994045,0.985870662225465,-5 to -55 dB,5.34844445221572,8.1875,-47.8735033009655,-30.9711121105729,-Inf,0,7.12317190200417,-0.484844678530937,1.18871941497955,0.97659634865075,-5 to -55 dB,0,8.1875
80,46,full,1,1,1,1,-1.7,-58.52741040168,-43.564254306738,-47.7754611864152,198.878089456995,0.495469801775222,-13.9614716186138,1.44104429774812,0.998688810368837,-5 to -55 dB,10.4541162867615,12.75,-58.6472940828596,-43.6008838025293,-47.8076561885194,203.725143135881,-0.111104722938077,-19.3803724998848,1.44159392551426,0.998723018916956,-5 to -55 dB,10.6947502141213,10.1875,-54.8316720252184,-38.5170700030309,-47.2938237266639,136.532005068718,0.853858932722719,-14.6596979416324,1.32025977610574,0.986430316543369,-5 to -55 dB,4.40645582690599,8.25,-48.2114890734133,-33.0123715470171,-Inf,0,6.72699991157196,-0.279480597486781,1.26839331472933,0.971084614033523,-5 to -55 dB,0,8.25
80,47,full,1,1,1,1,-1.65,-58.52741040168,-43.564254306738,-48.1332079855478,196.628321367399,0.495469801775222,-13.9614716186138,1.44104429774812,0.998688810368837,-5 to -55 dB,9.81793389938344,12.75,-58.6406609504899,-43.5892645862921,-48.1377239550629,201.406293182791,-0.0979249028008576,-19.4144359795521,1.44157406998939,0.998722311928971,-5 to -55 dB,10.0509246913605,10.2291666666667,-54.8801179740468,-38.6014864873712,-47.6334251692352,135.183471028789,0.87600130355209,-14.6459271132493,1.32203192429256,0.987025803212336,-5 to -55 dB,3.85503896794895,8.29166666666667,-48.6251380530231,-33.2561726614979,-Inf,0,6.69346911851393,-0.44612427724198,1.28255281320221,0.97831744986726,-5 to -55 dB,0,8.29166666666667
80,48,full,1,1,1,1,-1.6,-58.52741040168,-43.564254306738,-48.82655375457,197.425307696858,0.495469801775222,-13.9614716186138,1.44104429774812,0.998688810368837,-5 to -55 dB,8.84080238299791,12.75,-58.6421508127868,-43.5925025971775,-48.8427969921167,202.009455598041,-0.0932467603384985,-19.2476000115501,1.44157406998939,0.998722311928971,-5 to -55 dB,9.07186083546539,10.2916666666667,-54.9419366265233,-38.6964654022116,-48.2934816286452,138.125423258013,0.885554448356193,-14.6357147557789,1.32403814983905,0.987660270405628,-5 to -55 dB,3.07156244191348,8.35416666666667,-49.3599252318923,-33.4534199243125,-Inf,0,6.11563174600318,-0.61695553013677,1.3236564935218,0.975951890167171,-5 to -55 dB,0,8.35416666666667
80,49,full,1,1,1,1,-1.55,-58.52741040168,-43.564254306738,-49.3354851487208,172.120615018607,0.495469801775222,-13.9614716186138,1.44104429774812,0.998688810368837,-5 to -55 dB,9.57714620965883,12.75,-58.6342706241347,-43.5956547489792,-49.3593657740584,175.847133978824,-0.0728488976019788,-19.1244766525339,1.44156395936409,0.998721544419633,-5 to -55 dB,9.79825935875526,10.3333333333333,-55.0013011718577,-38.788411509452,-48.8573995218672,117.543397125159,0.900609600487548,-14.6312297636929,1.32571161024179,0.988340732522618,-5 to -55 dB,3.80089580002455,8.39583333333333,-49.9002956025465,-34.3035960763851,-Inf,0,6.65078892423493,-2.51536295764757,1.26363493985831,0.981890427175989,-5 to -55 dB,0,8.39583333333333
80,50,full,1,1,1,1,-1.5,-58.52741040168,-43.564254306738,-49.6523965372731,153.925238686496,0.495469801775222,-13.9614716186138,1.44104429774812,0.998688810368837,-5 to -55 dB,8.90216914087258,12.75,-58.6332308528024,-43.6000331402587,-49.6607075086826,157.324845192777,-0.0618060469640879,-19.0282432046139,1.44154899103607,0.998721042538625,-5 to -55 dB,9.11981098326795,10.3958333333333,-55.0531473580732,-38.8862815446208,-49.0710034846779,103.530190387201,0.95329636227882,-14.6378030274741,1.32744119919373,0.989057871949324,-5 to -55 dB,3.21682365851208,8.45833333333333,-50.3035042467684,-35.3552143198746,-Inf,0,5.970053950782,-3.30559076949527,1.27345117179554,0.985822709704801,-5 to -55 dB,0,8.45833333333333
80,51,full,1,1,1,1,-1.45,-58.52741040168,-43.564254306738,-49.5409786673567,180.202947830102,0.495469801775222,-13.9614716186138,1.44104429774812,0.998688810368837,-5 to -55 dB,9.22390386400544,12.75,-58.6427275712313,-43.6012431784372,-49.5587255077713,182.929855969365,-0.0711664520335802,-19.2072495350176,1.44157406998939,0.998722311928971,-5 to -55 dB,9.44874836350195,10.4583333333333,-55.0626450595336,-38.8546770482323,-49.1141023555729,119.502930361577,1.09627720965859,-14.6926265683033,1.32901872750589,0.989782394901487,-5 to -55 dB,3.68262154402552,8.52083333333333,-50.1404187913133,-34.8334106056945,-Inf,0,6.83562842731036,-0.416202418910763,1.27958096038419,0.983665545219747,-5 to -55 dB,0,8.52083333333333
80,52,full,1,1,1,1,-1.4,-58.52741040168,-43.564254306738,-50.485809182538,136.771677497245,0.495469801775222,-13.9614716186138,1.44104429774812,0.998688810368837,-5 to -55 dB,8.33664234192155,12.75,-58.6512017293667,-43.6075411885426,-50.488471809207,139.793093669458,-0.0804877903838236,-19.0128285409995,1.44160383485682,0.998723372461844,-5 to -55 dB,8.56611574388086,10.5208333333333,-55.2073271598013,-39.4145449927774,-49.8798823292598,94.2305634382,1.1187070641583,-14.6931639106966,1.33224247266502,0.990533843788475,-5 to -55 dB,2.88231276461001,8.66666666666667,-51.2342364879576,-36.4507652969588,-Inf,0,5.89525038722976,-1.62330331474791,1.27730714142387,0.988871175743639,-5 to -55 dB,0,8.66666666666667
80,53,full,1,1,1,1,-1.35,-58.52741040168,-43.564254306738,-51.0420411048717,112.457650490778,0.495469801775222,-13.9614716186138,1.44104429774812,0.998688810368837,-5 to -55 dB,7.51031722749727,12.75,-58.645458934422,-43.5995819429715,-51.0892109970521,115.183481962946,-0.0534450864562191,-19.0769225183703,1.44155397067966,0.998721186822238,-5 to -55 dB,7.7247530419602,10.4583333333333,-55.3614571395501,-39.6164304265827,-50.3877579976457,72.8276372691506,1.13119389590267,-14.6814417302092,1.33599892813128,0.991314019062575,-5 to -55 dB,2.2431933245111,8.8125,-51.9462596950547,-37.3476320750052,-Inf,0,5.38184717145857,-3.55137474335155,1.2873051706024,0.990636172685613,-5 to -55 dB,0,8.8125
80,54,full,1,1,1,1,-1.3,-58.52741040168,-43.564254306738,-51.8351145452816,98.9929236349136,0.495469801775222,-13.9614716186138,1.44104429774812,0.998688810368837,-5 to -55 dB,6.05752716924175,12.75,-58.6461474459864,-43.5998311166784,-51.8681533252231,102.177549994605,-0.0569405380722001,-19.0352114978935,1.44155895275134,0.998721331319879,-5 to -55 dB,6.27183217806897,10.5208333333333,-55.4759340632015,-39.7949744325626,-50.9468709526785,61.4932911592179,1.19209044622633,-14.7083097000872,1.33875689527789,0.992079072842814,-5 to -55 dB,1.1731047451222,8.95833333333333,-52.8791023318691,-38.114699935458,-Inf,0,4.74318633629646,-3.85805240746765,1.36264099815651,0.988745060299235,-5 to -55 dB,0,8.95833333333333
80,55,full,1,1,1,1,-1.25,-58.52741040168,-43.564254306738,-52.3645349268852,90.2951495746821,0.495469801775222,-13.9614716186138,1.44104429774812,0.998688810368837,-5 to -55 dB,6.21457372736885,12.75,-58.6531566997715,-43.59519601952,-52.4184901376784,92.8809916432046,-0.0629938967871466,-19.1916582756246,1.44157406998939,0.998722311928971,-5 to -55 dB,6.43048946230013,10.5833333333333,-55.6342271993784,-40.0030070494401,-51.3935458031672,54.2491264743011,1.1873666945576,-14.6875444133188,1.34300853074485,0.992823001405564,-5 to -55 dB,1.3298487883394,9.10416666666667,-53.6790707721516,-38.4026063850236,-Inf,0,3.76404709299871,-7.28909036015987,1.31688893110746,0.991667501120392,-5 to -55 dB,0,9.10416666666667
80,56,full,1,1,1,1,-1.2,-58.52741040168,-43.564254306738,-52.4983110231521,87.670539360432,0.495469801775222,-13.9614716186138,1.44104429774812,0.998688810368837,-5 to -55 dB,5.19995378147759,12.75,-58.6341892438973,-43.5880906879043,-52.5360884777926,90.3620428773294,0.00324616125082721,-19.2451369184413,1.4414939161424,0.998719104616486,-5 to -55 dB,5.39737270573526,10.6458333333333,-55.8175606934993,-40.2078725187977,-51.6693732056524,53.3350676875114,1.10924436216707,-14.6386199254234,1.34739472756334,0.993534263917989,-5 to -55 dB,0.833655477512731,9.25,-53.8608478535953,-38.4695162353883,-Inf,0,3.72873953239585,-8.12576284826843,1.38237581146695,0.99201444604832,-5 to -55 dB,0,9.25
80,57,full,1,1,1,1,-1.15,-58.52741040168,-43.564254306738,-52.6311613137162,93.499237735517,0.495469801775222,-13.9614716186138,1.44104429774812,0.998688810368837,-5 to -55 dB,5.43327865334841,12.75,-58.6415477605182,-43.6044363188669,-52.6444736483247,97.2732476838312,0.013139704772625,-19.2074325967506,1.4415439813738,0.99872082963683,-5 to -55 dB,5.63353829344361,10.7291666666667,-55.9066243255513,-40.3636310431099,-51.7393529966295,59.333320401949,1.18736654526455,-14.6850002185665,1.35202985746312,0.994102103919036,-5 to -55 dB,0.961256873694396,9.39583333333333,-53.9588715726988,-38.3974400234749,-Inf,0,3.94868608191199,-9.20829537461765,1.33224179896092,0.99567687003344,-5 to -55 dB,0,9.39583333333333
80,58,full,1,1,1,1,-1.1,-58.52741040168,-43.564254306738,-52.5367097188455,95.2041186752441,0.495469801775222,-13.9614716186138,1.44104429774812,0.998688810368837,-5 to -55 dB,5.24058933817713,12.75,-58.6885942173233,-43.6199231857094,-52.5659695968531,99.1833711895369,-0.0784360179246923,-19.1038022417958,1.44174729141938,0.998728903241504,-5 to -55 dB,5.48476568050738,10.7916666666667,-56.0082639373739,-40.5333543765885,-51.8240079399626,62.2870843660381,1.22554251131176,-14.7162456028362,1.35527141614565,0.994563095177814,-5 to -55 dB,0.986434373436804,9.54166666666667,-53.9999515223045,-38.382623345732,-Inf,0,3.98605864487247,-9.3091060021918,1.34450711490059,0.995633361609706,-5 to -55 dB,0,9.54166666666667
80,59,full,1,1,1,1,-1.05,-58.52741040168,-43.564254306738,-52.6590712748129,96.4341588465076,0.495469801775222,-13.9614716186138,1.44104429774812,0.998688810368837,-5 to -55 dB,5.63826864728985,12.75,-58.6329520456885,-43.5871767069995,-52.6740471154445,99.8754930793038,0.0440315063143844,-19.2747971123076,1.4414888822854,0.998718891838476,-5 to -55 dB,5.82262797956628,10.875,-56.1272301386295,-40.6642568873223,-51.9827607890084,64.4366642067098,1.24455984217161,-14.7275205500017,1.35905248502302,0.99488889275458,-5 to -55 dB,1.49000142785334,9.6875,-54.0989074431467,-38.3997423809909,-Inf,0,3.93392551371703,-9.4246217601667,1.32777203610135,0.993634950554079,-5 to -55 dB,0,9.6875
80,60,full,1,1,1,1,-1,-58.52741040168,-43.564254306738,-52.787883916377,87.5803044502364,0.495469801775222,-13.9614716186138,1.44104429774812,0.998688810368837,-5 to -55 dB,4.99224507553726,12.75,-58.595392745228,-43.5747826271387,-52.8128531185395,89.8483075309436,0.123176251865119,-19.2016456926758,1.44129421055116,0.998706225549455,-5 to -55 dB,5.13688789622605,10.9375,-56.2434321986946,-40.7907667618742,-52.1626041260089,58.2825868626845,1.25168494976485,-14.7396583705547,1.36313143545613,0.995097159788103,-5 to -55 dB,1.05617242608164,9.83333333333333,-54.3723991933243,-38.723922761514,-Inf,0,3.44956572382848,-9.84362463095,1.33558239399523,0.99666133565744,-5 to -55 dB,0,9.83333333333333
80,61,full,1,1,1,1,-0.95,-58.52741040168,-43.564254306738,-53.1517908374609,77.1875074357512,0.495469801775222,-13.9614716186138,1.44104429774812,0.998688810368837,-5 to -55 dB,5.0548916464882,12.75,-58.6561288925152,-43.601846618874,-53.1670991013687,80.9446779971139,0.0295217406989994,-19.3740021094682,1.44157408691813,0.998722380400914,-5 to -55 dB,5.25424896463326,11.0208333333333,-56.3736741917859,-40.9274102315365,-52.4188249772968,49.8297368761662,1.2448790159654,-14.7353496848228,1.36811265623173,0.995257706360798,-5 to -55 dB,1.2192570176334,9.97916666666667,-54.8060483976383,-39.1645015023508,-Inf,0,3.26554757288495,-10.0228816955391,1.32635782067436,0.995839865131743,-5 to -55 dB,0,9.97916666666667
80,62,full,1,1,1,1,-0.9,-58.52741040168,-43.564254306738,-53.443787754027,69.0176841464381,0.495469801775222,-13.9614716186138,1.44104429774812,0.998688810368837,-5 to -55 dB,4.33662927356702,12.75,-58.6839157331478,-43.6200953735951,-53.4754327377569,73.0393343297133,-0.0147590877759812,-19.2983637916043,1.44171766096465,0.998727633285881,-5 to -55 dB,4.55901102960833,11.1041666666667,-56.5014678162477,-41.051776635617,-52.8045782644738,45.0368772093144,1.24527530149545,-14.7315135390661,1.3733773238734,0.995408648121052,-5 to -55 dB,0.870855033032805,10.125,-55.1765558052908,-39.4563362836076,-Inf,0,2.724638004181,-10.5447443317998,1.34964260574734,0.996754259331999,-5 to -55 dB,0,10.125
80,63,full,1,1,1,1,-0.85,-58.52741040168,-43.564254306738,-53.6230781510743,60.1083895476345,0.495469801775222,-13.9614716186138,1.44104429774812,0.998688810368837,-5 to -55 dB,4.24071429578103,12.75,-58.6391025480285,-43.6050931911424,-53.659279201863,63.3774680344488,0.100862130218937,-19.0519386084136,1.44153891638315,0.998720547406871,-5 to -55 dB,4.41663927397514,11.1875,-56.700228676208,-41.230379870315,-53.0691865642229,39.4874797470845,1.11769512360683,-14.6176889108947,1.37883878184851,0.99564095236105,-5 to -55 dB,0.862773940131115,10.2708333333333,-55.4425921823083,-39.7974072384086,-Inf,0,2.62286111356248,-10.9235649696063,1.35009225640957,0.996037615333635,-5 to -55 dB,0,10.2708333333333
80,64,full,1,1,1,1,-0.8,-58.52741040168,-43.564254306738,-53.8575188498442,53.2061669516538,0.495469801775222,-13.9614716186138,1.44104429774812,0.998688810368837,-5 to -55 dB,3.67912514675588,12.75,-58.649216334871,-43.6014484457689,-53.9151354586019,56.401595318764,0.0991885360274983,-18.7516770053342,1.44156894008234,0.998721688812691,-5 to -55 dB,3.86160378953761,11.2708333333333,-56.7328187297159,-41.302042720363,-53.3243539821641,34.6493548854137,1.2905005417335,-14.6113863123581,1.38283638293769,0.99580708818329,-5 to -55 dB,0.470088110688669,10.4166666666667,-55.7680868761819,-41.2988528052305,-Inf,0,2.53958792918313,-11.1401572525145,1.36456072255285,0.996155316203825,-5 to -55 dB,0,10.4166666666667
80,65,full,1,1,1,1,-0.75,-58.52741040168,-43.564254306738,-53.9522992929389,46.2619744616873,0.495469801775222,-13.9614716186138,1.44104429774812,0.998688810368837,-5 to -55 dB,3.42760535040577,12.75,-58.6226388621211,-43.5947112647854,-53.9691972920272,49.2488197407958,0.157476904557138,-18.4673020237249,1.44142848531991,0.998716338225177,-5 to -55 dB,3.58071067623608,11.3541666666667,-56.8950046478001,-42.6543501943969,-53.5001611123306,30.94999204321,1.20744487818575,-14.8257296640915,1.38839530495383,0.996049886460558,-5 to -55 dB,0.520211646329787,10.5625,-55.9076170559564,-41.5064283695023,-Inf,0,2.40774732962669,-11.448337503289,1.37088084798436,0.997409584130992,-5 to -55 dB,0,10.5625
80,66,full,1,1,1,1,-0.7,-58.52741040168,-43.564254306738,-54.1327751883893,44.8026033281844,0.495469801775222,-13.9614716186138,1.44104429774812,0.998688810368837,-5 to -55 dB,3.20766742596142,12.75,-58.6453752999125,-43.6078235587065,-54.1793119580515,48.0235030691641,0.13170552874699,-18.145687623655,1.44154899103606,0.998721042538625,-5 to -55 dB,3.37935140099356,11.4375,-56.9954548146416,-42.7302077735376,-53.6594128888535,29.3845662911523,1.29746882318793,-14.5405196888658,1.39314414380908,0.996254394612036,-5 to -55 dB,0.555365452264358,10.7083333333333,-56.0518126474526,-41.6022101824781,-Inf,0,2.27247585695833,-11.7535197451008,1.38628855900762,0.996597009871608,-5 to -55 dB,0,10.7083333333333
80,67,full,1,1,1,1,-0.65,-58.52741040168,-43.564254306738,-54.2447750787466,43.0833896109412,0.495469801775222,-13.9614716186138,1.44104429774812,0.998688810368837,-5 to -55 dB,3.01974100604992,12.75,-58.6400900452149,-43.6163947164701,-54.2511598948677,47.0077754167523,0.144051979081901,-18.0545037548764,1.44153891638315,0.998720547406871,-5 to -55 dB,3.18168286392092,11.5208333333333,-57.1230210272538,-42.8285671489882,-53.7893650021234,29.3543077159426,1.26932081817398,-14.617636964363,1.39854422372664,0.996471237034648,-5 to -55 dB,0.629728990111673,10.8541666666667,-56.193324271076,-41.8085065477098,-Inf,0,2.00523767841772,-12.1738537219089,1.38667549793408,0.99704026043588,-5 to -55 dB,0,10.8541666666667
80,68,full,1,1,1,1,-0.6,-58.52741040168,-43.564254306738,-54.3429799361133,39.8782124535837,0.495469801775222,-13.9614716186138,1.44104429774812,0.998688810368837,-5 to -55 dB,3.03247552114971,12.75,-58.6557288463738,-43.6225718805348,-54.4164130690904,43.5166560740003,0.105332154930349,-17.7073746175056,1.44160383485683,0.998723372461844,-5 to -55 dB,3.21030425296117,11.7291666666667,-57.2461013990449,-42.9358879092862,-54.0801489497911,29.4504787140196,1.23506507118384,-14.716963726184,1.40334466301157,0.99667883594632,-5 to -55 dB,0.55112317805526,11,-56.4339543568693,-41.913182986472,-Inf,0,1.91212793540782,-12.4712518100887,1.38241913686549,0.997060001126468,-5 to -55 dB,0,11
80,69,full,1,1,1,1,-0.55,-58.52741040168,-43.564254306738,-54.5720312270763,37.3585301187896,0.495469801775222,-13.9614716186138,1.44104429774812,0.998688810368837,-5 to -55 dB,2.23942748189412,12.75,-58.6679667086342,-43.6226909232535,-54.6340432517866,41.1174201931117,0.0880735194384345,-17.8583139700803,1.44168828765809,0.99872595188945,-5 to -55 dB,2.42297477448972,11.8125,-57.3472013293156,-42.9910973409868,-54.3931611142985,28.3793010010039,1.23459371219038,-14.8099891363837,1.40778630936656,0.996869823430088,-5 to -55 dB,0.791517376289439,11.1458333333333,-56.5978840732822,-42.0304367755926,-Inf,0,1.78214185298104,-12.8287068109958,1.45021503641525,0.995191522182002,-5 to -55 dB,0,11.1458333333333
80,70,full,1,1,1,1,-0.5,-58.52741040168,-43.564254306738,-54.8222423712863,32.7764107130156,0.495469801775222,-13.9614716186138,1.44104429774812,0.998688810368837,-5 to -55 dB,2.36561364928839,12.75,-58.686938796101,-43.6294987491579,-54.8957270531874,36.4488740973249,0.0584921615408265,-18.1554080194677,1.44178687237927,0.998731077795325,-5 to -55 dB,2.56597548789051,11.9166666666667,-57.5352138342717,-43.1057452139812,-54.6212528359342,27.7550108333411,1.07128102099052,-14.6193488652397,1.4126893301378,0.997114987093664,-5 to -55 dB,0.354004645953463,11.2916666666667,-56.9074681057692,-42.3367516814597,-Inf,0,1.61884455674096,-13.0377029706479,1.39928772858532,0.997397301536582,-5 to -55 dB,0,11.2916666666667
80,71,full,1,1,1,1,-0.45,-58.52741040168,-43.564254306738,-54.8647293921583,30.3599064245037,0.495469801775222,-13.9614716186138,1.44104429774812,0.998688810368837,-5 to -55 dB,2.2988896527471,12.75,-58.6862399138403,-43.6346545497211,-54.9190936709648,33.7520007064943,0.0622781798712037,-18.664939736117,1.4417819020863,0.998730865172912,-5 to -55 dB,2.49178366141941,12,-57.5449364374056,-43.1294353636223,-54.5851625817067,26.3821644897572,1.22608462833625,-14.6418031186936,1.41580073542063,0.997265384970335,-5 to -55 dB,0.523289767761583,11.4375,-56.9964972298658,-42.3761103807074,-Inf,0,1.57562904949405,-13.2958503691155,1.38423419768981,0.998226129604018,-5 to -55 dB,0,11.4375
80,72,full,1,1,1,1,-0.4,-58.52741040168,-43.564254306738,-55.0132000558011,29.1565660510064,0.495469801775222,-13.9614716186138,1.44104429774812,0.998688810368837,-5 to -55 dB,1.83210878119863,12.75,-58.6815458562871,-43.6249118061501,-55.0720045536459,32.3412033270454,0.0847175999569009,-18.3282932603705,1.44174731795342,0.998728835030032,-5 to -55 dB,2.01795883544735,12.1041666666667,-57.6125813706685,-43.1944409959335,-54.8314999342608,25.23608241052,1.24276682431407,-14.6616010694616,1.41914400289102,0.997441219272235,-5 to -55 dB,0.376050093220949,11.5833333333333,-57.2013804484146,-42.5674360928486,-Inf,0,1.53271302513312,-13.3976003358857,1.40223083709597,0.99817680820308,-5 to -55 dB,0,11.5833333333333
80,73,full,1,1,1,1,-0.35,-58.52741040168,-43.564254306738,-55.0508951149133,25.800812255954,0.495469801775222,-13.9614716186138,1.44104429774812,0.998688810368837,-5 to -55 dB,1.72365938138641,12.75,-58.7006590964165,-43.6329942445254,-55.1362575580197,28.7026666661517,0.0627129600150599,-19.0599169781245,1.44179181272572,0.998731357908664,-5 to -55 dB,1.92110176847156,12.0625,-57.7518330594216,-43.2649142555213,-54.9780722147129,21.9996200964339,1.12963808986622,-14.585156891936,1.42314098450007,0.997648365137636,-5 to -55 dB,0.387934706865115,11.7291666666667,-57.4254179606848,-42.8872890149375,-Inf,0,1.65404580509801,-13.5488416659835,1.41098879378166,0.997542805827273,-5 to -55 dB,0,11.7291666666667
80,74,full,1,1,1,1,-0.3,-58.52741040168,-43.564254306738,-55.1815622853142,23.5191302475636,0.495469801775222,-13.9614716186138,1.44104429774812,0.998688810368837,-5 to -55 dB,2.07060672813217,12.75,-58.6931039876778,-43.6316706490176,-55.2728890228834,27.0294725754567,0.0840221844935935,-18.2520135877633,1.44176700849934,0.998730092110867,-5 to -55 dB,2.24937575799664,12.1666666666667,-57.8835344633008,-43.340845002715,-55.1557743442576,22.4393569355461,1.02279170189694,-14.6709417948864,1.42686021088187,0.997848698891864,-5 to -55 dB,0.868412359859982,11.875,-57.5923948350969,-42.9043163729482,-Inf,0,1.46537049084655,-13.5844777082966,1.36272124921102,0.998795737094778,-5 to -55 dB,0,11.875
80,75,full,1,1,1,1,-0.25,-58.52741040168,-43.564254306738,-55.168966057471,19.3570152272847,0.495469801775222,-13.9614716186138,1.44104429774812,0.998688810368837,-5 to -55 dB,1.09756739396499,12.75,-58.7103011145316,-43.6408388132879,-55.2825679359477,22.8330894489658,0.0549938410480324,-17.310244387086,1.44180158095075,0.998731914217714,-5 to -55 dB,1.29473433125724,12.25,-58.0009596248006,-43.3621514114185,-55.2477277872243,20.1744027596956,0.923925487169574,-14.8025197711339,1.42991268478325,0.998017911869633,-5 to -55 dB,0.332998182756784,12.0208333333333,-57.7371450915938,-43.0283457531843,-Inf,0,1.22747544959051,-13.6669300178792,1.43618019510994,0.997687774230496,-5 to -55 dB,0,12.0208333333333
80,76,full,1,1,1,1,-0.2,-58.52741040168,-43.564254306738,-55.5700115304966,18.3930906062618,0.495469801775222,-13.9614716186138,1.44104429774812,0.998688810368837,-5 to -55 dB,0.822963709466179,12.75,-58.6674564868985,-43.608921632685,-55.6745261480306,20.6752860438528,0.162462297191051,-14.8615049070193,1.44161871773695,0.998723800813098,-5 to -55 dB,0.958767204675263,12.3541666666667,-58.1521232599359,-43.4430404769685,-55.646897252951,19.3737323694115,0.763687591929357,-14.4974403382204,1.43304381753774,0.998197197944259,-5 to -55 dB,0.511661253885759,12.1666666666667,-57.886352260917,-43.1176703851075,-Inf,0,1.11168640353389,-13.7469962020831,1.44075921071172,0.997921399830198,-5 to -55 dB,0,12.1666666666667
80,77,full,1,1,1,1,-0.15,-58.52741040168,-43.564254306738,-55.7073135904316,16.6573428289758,0.495469801775222,-13.9614716186138,1.44104429774812,0.998688810368837,-5 to -55 dB,1.16595955352257,12.75,-58.6645882393703,-43.6326129806937,-55.8123408222789,19.5578068561632,0.172947040992016,-14.8435555541488,1.44159887809954,0.998723230047373,-5 to -55 dB,1.30894402255916,12.4583333333333,-58.1657549350422,-43.4218803802499,-55.7534097813516,16.8574883485351,0.850078985335349,-14.7731518011029,1.43497910237953,0.998311662875254,-5 to -55 dB,0.532234113828198,12.3125,-58.0480528018791,-43.1899379179902,-Inf,0,1.34638284359838,-13.6277441696444,1.41864828048927,0.998391845616133,-5 to -55 dB,0,12.3125
80,78,full,1,1,1,1,-0.1,-58.52741040168,-43.564254306738,-56.4301531090264,13.7978787768928,0.495469801775222,-13.9614716186138,1.44104429774812,0.998688810368837,-5 to -55 dB,0.559862340737134,12.75,-58.6637863602863,-43.6285834058359,-56.5058297324904,16.1695496109603,0.177872963764695,-14.9217480482225,1.44159888517878,0.998723161572645,-5 to -55 dB,0.683958923791164,12.5625,-58.2510859724004,-43.4041701078495,-56.5266612735304,13.1926341086082,0.800723292427912,-14.0780395417589,1.43713603507345,0.998453134360729,-5 to -55 dB,0.327923147526446,12.4583333333333,-58.1876680772331,-43.3241684090829,-Inf,0,1.05415326430717,-13.7740484073716,1.43976840104541,0.998214222748581,-5 to -55 dB,0,12.4583333333333
80,79,full,1,1,1,1,-0.05,-58.52741040168,-43.564254306738,-56.5629488294329,11.9069369334826,0.495469801775222,-13.9614716186138,1.44104429774812,0.998688810368837,-5 to -55 dB,0.365389924538197,12.75,-58.6993020324059,-43.6457523021464,-56.7797609703575,13.9726434682267,0.137030118344596,-14.093389297605,1.44179183088286,0.998731289849885,-5 to -55 dB,0.309475069522578,12.6666666666667,-58.3467202641986,-43.4823420962498,-56.9716369864964,13.7552100826795,0.717041603596242,-14.6703524303468,1.43902793689658,0.998570972770966,-5 to -55 dB,0.589821126327602,12.6041666666667,-58.3265918224942,-43.4595006896834,-Inf,0,0.886013759898953,-13.9720232000229,1.46125145914608,0.998810988632181,-5 to -55 dB,0,12.6041666666667
80,80,full,1,1,1,1,0,-58.52741040168,-43.564254306738,-Inf,-0.115347283891013,0.495469801775222,-13.9614716186138,1.44104429774812,0.998688810368837,-5 to -55 dB,0,12.75,-58.4618894641419,-43.5280733156676,-84.417482520587,3.41765487547095,0.618749040894321,-12.8462442690387,1.44073515933445,0.998677828368963,-5 to -55 dB,0.0655876810662347,12.75,-58.005688236152,-43.311626795762,-74.5041551297708,12.9841797902487,1.43589702897743,-14.6420012217495,1.43886603786854,0.998585470205152,-5 to -55 dB,0.522226702956232,12.75,-58.52741040168,-43.564254306738,-Inf,0,0.495469801775222,-13.9614716186138,1.44104429774812,0.998688810368837,-5 to -55 dB,0,12.75
80,81,full,1,1,1,1,0.05,-58.52741040168,-43.564254306738,-56.9026253859146,10.8125418786923,0.495469801775222,-13.9614716186138,1.44104429774812,0.998688810368837,-5 to -55 dB,0.287115595304126,12.75,-58.7195036028329,-43.6671469649308,-57.1498333953052,11.2336246749077,0.161952633861007,-14.5672958516806,1.44180611707443,0.998732734066837,-5 to -55 dB,0.332791764485319,12.8541666666667,-58.4789602549373,-43.4965612406661,-57.4942488189094,13.759803644992,0.661838153367872,-14.7179246843634,1.44176635379654,0.998755046396252,-5 to -55 dB,0.289112220849041,12.8958333333333,-58.6674715014828,-43.7444113987305,-Inf,0,0.482213436972361,-14.1062975458601,1.4282519039455,0.999046450436011,-5 to -55 dB,0,12.8958333333333
80,82,full,1,1,1,1,0.1,-58.52741040168,-43.564254306738,-56.7802498522056,15.1378590043921,0.495469801775222,-13.9614716186138,1.44104429774812,0.998688810368837,-5 to -55 dB,0.605992662548134,12.75,-58.6587890374775,-43.639414905597,-56.9021369232255,15.0131303846603,0.282673561627729,-14.5482787338341,1.44157408691813,0.998722380400914,-5 to -55 dB,0.509921486071486,12.9583333333333,-58.6662042886082,-43.475716643648,-57.206289853249,17.2432582537258,0.356471329951021,-14.7758567274633,1.44327080704884,0.998846726046967,-5 to -55 dB,0.361180500436305,13.0416666666667,-58.9607421687767,-43.9320540956233,-Inf,0,0.187418382656807,-14.1012890194798,1.44355653473993,0.999110274791368,-5 to -55 dB,0,13.0416666666667
80,83,full,1,1,1,1,0.15,-58.52741040168,-43.564254306738,-56.2974672015879,18.3541665287979,0.495469801775222,-13.9614716186138,1.44104429774812,0.998688810368837,-5 to -55 dB,0.60887968463099,12.75,-58.6599047487931,-43.6353733941764,-56.4210760940637,17.1101672344527,0.304999581943829,-14.3850772126195,1.4415790474142,0.998722523111441,-5 to -55 dB,0.521205775623396,13.0625,-58.7415248436629,-43.4662312233966,-56.8350451200769,18.4902095392626,0.259271105100308,-14.7197987593384,1.44404975674246,0.998909456432152,-5 to -55 dB,0.389623385674431,13.1875,-59.1362574262751,-44.0481833768437,-Inf,0,0.336549839323734,-14.1017171581604,1.44494723677324,0.998781710578154,-5 to -55 dB,0,13.1875
80,84,full,1,1,1,1,0.2,-58.52741040168,-43.564254306738,-56.2649573394002,21.4713115053667,0.495469801775222,-13.9614716186138,1.44104429774812,0.998688810368837,-5 to -55 dB,1.13334378260414,12.75,-58.6682269141606,-43.6156377761638,-56.3714810572241,21.3451579183863,0.317954439435838,-14.562397786289,1.44167833862152,0.998725663864027,-5 to -55 dB,1.02017203656648,13.3125,-58.9882137467946,-43.5081270112309,-56.9195384380775,19.9147560556676,-0.17803186751191,-14.4457459675635,1.44517657167503,0.998986179226022,-5 to -55 dB,0.412180702852399,13.3333333333333,-59.4286658967646,-44.175569356094,-Inf,0,-0.45621418556999,-14.0366138827923,1.46575350984694,0.99871589619043,-5 to -55 dB,0,13.3333333333333
80,85,full,1,1,1,1,0.25,-58.52741040168,-43.564254306738,-56.1858306226554,24.1203821633227,0.495469801775222,-13.9614716186138,1.44104429774812,0.998688810368837,-5 to -55 dB,1.03015149588184,12.75,-58.7443379845407,-43.6569138292759,-56.3378050516279,21.8378747013957,0.180383085780397,-15.5042597996123,1.44193792486703,0.998737235405678,-5 to -55 dB,0.851281428727572,13.4166666666667,-59.0265311551637,-43.4633217039008,-56.8515931696588,22.1863574896416,-0.202367318929503,-14.6918362554519,1.44523609721421,0.999021381714584,-5 to -55 dB,0.319965446013042,13.4791666666667,-59.5202669956077,-44.1867408319407,-Inf,0,-0.595032495012543,-14.1516755231926,1.43961622696077,0.999472227125558,-5 to -55 dB,0,13.4791666666667
80,86,full,1,1,1,1,0.3,-58.52741040168,-43.564254306738,-56.319596274002,27.2477327325242,0.495469801775222,-13.9614716186138,1.44104429774812,0.998688810368837,-5 to -55 dB,1.10302391128297,12.75,-58.7322707136294,-43.6468653157027,-56.4507922321152,24.695793099584,0.238262453319569,-15.0685615174678,1.44187953983438,0.998735306401882,-5 to -55 dB,0.939872540976635,13.5208333333333,-59.0390464233865,-43.4359755217376,-56.9282328943911,23.5543728539739,-0.194574889286426,-13.6709402384161,1.44482668043824,0.999045991281059,-5 to -55 dB,0.34355573961656,13.625,-59.611913589773,-44.3017259074132,-Inf,0,-0.59959235263886,-14.307115435172,1.4507059492111,0.99887781501493,-5 to -55 dB,0,13.625
80,87,full,1,1,1,1,0.35,-58.52741040168,-43.564254306738,-56.2761304657865,31.4034809585676,0.495469801775222,-13.9614716186138,1.44104429774812,0.998688810368837,-5 to -55 dB,1.15847746109618,12.75,-58.721751804228,-43.6521871536044,-56.3871172368123,28.4699376055872,0.265924244400549,-13.240077401484,1.44186494720469,0.998734752719404,-5 to -55 dB,1.00587279759054,13.625,-59.098812745944,-43.3920301417174,-56.9211787656859,26.1824060524769,-0.284257304127876,-13.035238862357,1.44434764389788,0.999068596304984,-5 to -55 dB,0.337349935386077,13.7708333333333,-59.6568750213167,-44.3979051409193,-Inf,0,-0.714089348384297,-14.4397318915038,1.46436101211508,0.999268621130083,-5 to -55 dB,0,13.7708333333333
80,88,full,1,1,1,1,0.4,-58.52741040168,-43.564254306738,-56.5020594832548,35.6555545713692,0.495469801775222,-13.9614716186138,1.44104429774812,0.998688810368837,-5 to -55 dB,1.74935036797551,12.75,-58.7280356883151,-43.6651173935459,-56.6160695846575,32.4439959041005,0.261819725795693,-13.5075421923828,1.44186494720469,0.998734752719404,-5 to -55 dB,1.59867780387828,13.6041666666667,-59.2467579847065,-43.3913194302923,-57.1629275272724,29.7498775937628,-0.588378105739316,-13.8516160944696,1.44370676070935,0.999096555024584,-5 to -55 dB,0.622179896531499,13.9166666666667,-59.8960082468696,-44.5342428833797,-Inf,0,-1.07299028282542,-14.4509813767043,1.4759511018309,0.999253366215818,-5 to -55 dB,0,13.9166666666667
80,89,full,1,1,1,1,0.45,-58.52741040168,-43.564254306738,-56.383534293252,34.6418650270468,0.495469801775222,-13.9614716186138,1.44104429774812,0.998688810368837,-5 to -55 dB,1.58106715821839,12.75,-58.7143623683919,-43.6558846528154,-56.5009547026862,32.0602556003704,0.296090920687674,-13.3126400782758,1.44179668015805,0.998731704918043,-5 to -55 dB,1.44289882723227,13.6041666666667,-59.3818835072418,-43.3801417978333,-57.1687536187736,28.4919468914987,-0.834559009599245,-13.7451271461655,1.44290512382413,0.999118733165448,-5 to -55 dB,0.442438901996594,14.0625,-60.0685906347361,-44.5536379229876,-Inf,0,-1.34794798224012,-14.5420080810094,1.4740697277705,0.999224955240912,-5 to -55 dB,0,14.0625
80,90,full,1,1,1,1,0.5,-58.52741040168,-43.564254306738,-56.1875161369877,35.2194138532869,0.495469801775222,-13.9614716186138,1.44104429774812,0.998688810368837,-5 to -55 dB,1.62554199792043,12.75,-58.7206103332522,-43.6483355552936,-56.3434036326097,32.7412843171885,0.286324366333443,-12.8697436302885,1.44180142315405,0.998732186380989,-5 to -55 dB,1.48036594164066,13.625,-59.4955802776327,-43.3665154139483,-57.0673970589464,27.8052450326873,-1.03797828393844,-14.07464300922,1.44183147811567,0.999136863264833,-5 to -55 dB,0.396037274820752,14.2083333333333,-60.1437987685612,-44.6540624166934,-Inf,0,-1.22998686070106,-14.7058317594532,1.46533227365036,0.999445485869255,-5 to -55 dB,0,14.2083333333333
80,91,full,1,1,1,1,0.55,-58.52741040168,-43.564254306738,-56.3310902173665,38.2814433871595,0.495469801775222,-13.9614716186138,1.44104429774812,0.998688810368837,-5 to -55 dB,1.8290671914519,12.75,-58.7323769662284,-43.6673536397687,-56.4725078975713,35.8024934892903,0.263860272890096,-9.93113152312031,1.44210697993171,0.998743638879545,-5 to -55 dB,1.6771533814561,14.6875,-59.6463651476698,-43.3686362281568,-57.2343781853649,31.1738386302545,-1.31979528915367,-14.1586737255695,1.44035441157169,0.999152278778872,-5 to -55 dB,0.516180566620618,14.3541666666667,-60.2943814999468,-44.7043503781797,-Inf,0,-1.66583706411402,-14.765505354122,1.47137666134703,0.998990734632244,-5 to -55 dB,0,14.3541666666667
80,92,full,1,1,1,1,0.6,-58.52741040168,-43.564254306738,-56.4269172562285,39.6018562106029,0.495469801775222,-13.9614716186138,1.44104429774812,0.998688810368837,-5 to -55 dB,2.46514743066176,12.75,-58.7393322392441,-43.6545641363102,-56.5599660699032,37.4494669411018,0.261785811549457,-9.92383839102148,1.44209712962336,0.99874335753946,-5 to -55 dB,2.31373770335626,14.6875,-59.7379357679162,-43.3653460606094,-57.3337285563017,29.8198435008679,-1.45596973912556,-13.9779030867484,1.43861715152443,0.999164558301675,-5 to -55 dB,0.94964407505702,14.5,-60.4227983750245,-44.8945139944688,-Inf,0,-1.81281790467711,-14.919868233761,1.50966375026511,0.998560507968363,-5 to -55 dB,0,14.5
80,93,full,1,1,1,1,0.65,-58.52741040168,-43.564254306738,-56.43625857813,41.6112596496962,0.495469801775222,-13.9614716186138,1.44104429774812,0.998688810368837,-5 to -55 dB,2.33851032890228,12.75,-58.7376530114282,-43.6512624777115,-56.5700666700962,39.3983662296284,0.260089792642048,-10.2336774036272,1.44202855561209,0.998741341796863,-5 to -55 dB,2.20552119503513,14.6875,-59.7735656694501,-43.3670121162677,-57.362431759234,32.989944241845,-1.44364112987558,-14.2136619392685,1.43676246192643,0.999171767278461,-5 to -55 dB,1.06373592591791,14.6458333333333,-60.3995655661909,-44.8923775338951,-Inf,0,-1.93431247323649,-15.1178132281899,1.51042837622336,0.998951110952785,-5 to -55 dB,0,14.6458333333333
80,94,full,1,1,1,1,0.7,-58.52741040168,-43.564254306738,-56.5099283964087,45.6017007582884,0.495469801775222,-13.9614716186138,1.44104429774812,0.998688810368837,-5 to -55 dB,2.46013222601997,12.75,-58.798391348622,-43.7074452802646,-56.6878369081543,41.1556663173866,0.146901850426047,-12.0018999843685,1.44226475096147,0.998748484299339,-5 to -55 dB,2.25845518464632,13.9375,-59.8987512720779,-43.3862521502123,-57.1865830769275,36.0806420521378,-1.63749836631048,-13.7721614592116,1.43470041994914,0.999176895971322,-5 to -55 dB,0.943415994395128,14.7916666666667,-60.4821036056103,-44.9795977514292,-Inf,0,-1.90036070695391,-15.1622253618126,1.50799690944652,0.99894517981104,-5 to -55 dB,0,14.7916666666667
80,95,full,1,1,1,1,0.75,-58.52741040168,-43.564254306738,-56.4991671496291,44.6935966611655,0.495469801775222,-13.9614716186138,1.44104429774812,0.998688810368837,-5 to -55 dB,2.05703699499702,12.75,-58.7910895749239,-43.6906747718546,-56.6482740718277,41.6574708284595,0.147834641062922,-12.5753581597217,1.44217580393931,0.998745759229528,-5 to -55 dB,1.86493622744965,13.9166666666667,-59.9218037547282,-43.3969609371209,-57.1575202582004,33.7053748690035,-1.58331539624954,-14.3485487157824,1.43268954054983,0.999174864158051,-5 to -55 dB,0.719027259862212,14.9375,-60.5411603757837,-44.9843293602578,-Inf,0,-1.69055247316315,-15.3478726278558,1.47173858705575,0.999547415804702,-5 to -55 dB,0,14.9375
80,96,full,1,1,1,1,0.8,-58.52741040168,-43.564254306738,-56.5462126920451,44.8725063786522,0.495469801775222,-13.9614716186138,1.44104429774812,0.998688810368837,-5 to -55 dB,2.2166877601501,12.75,-58.8000391680898,-43.711176877185,-56.7184874820892,40.5408638756527,0.0731577203561566,-18.4918557669214,1.44227471756098,0.998748775941525,-5 to -55 dB,1.98472015270718,13.3541666666667,-60.020567830083,-43.4313806940097,-57.3502534487212,34.1229994100465,-1.70085875679738,-14.6983806591748,1.43100970825044,0.999166428747054,-5 to -55 dB,0.750332536419273,15.0833333333333,-60.6225392596903,-44.9002677198564,-Inf,0,-1.64878585886057,-15.421401235978,1.4782693680674,0.998565573811993,-5 to -55 dB,0,15.0833333333333
80,97,full,1,1,1,1,0.85,-58.52741040168,-43.564254306738,-56.6078850052816,48.437822850822,0.495469801775222,-13.9614716186138,1.44104429774812,0.998688810368837,-5 to -55 dB,2.74920457049767,12.75,-58.8299736437018,-43.7376457856623,-56.8166186910345,42.6756970979432,0.0254554639741776,-19.7573193529961,1.44236685695288,0.998752202954548,-5 to -55 dB,2.48985249798454,13.3541666666667,-60.0747526208644,-43.4434581984153,-57.369842464725,35.5346933158073,-1.66918338204498,-14.5562013512481,1.42970228728041,0.999153105752044,-5 to -55 dB,1.29444609233266,15.2291666666667,-60.8786575510721,-45.1425040347876,-Inf,0,-1.77395416939298,-15.2776117380943,1.50949896963304,0.998916416150633,-5 to -55 dB,0,15.2291666666667
80,98,full,1,1,1,1,0.9,-58.52741040168,-43.564254306738,-56.5611376500671,46.075298195523,0.495469801775222,-13.9614716186138,1.44104429774812,0.998688810368837,-5 to -55 dB,3.06353830285322,12.75,-58.8071980077095,-43.71012150036,-56.7600878611949,42.2621296468006,0.220313758186441,-10.860677453178,1.4423485074789,0.998751223843643,-5 to -55 dB,2.89016061618363,14.875,-60.2168334981816,-43.5295327107297,-57.4995899314301,33.1123073002751,-1.86156655417798,-14.604392031797,1.4283490737386,0.999141299222303,-5 to -55 dB,1.51522359021027,15.375,-60.9686654638056,-45.149001024175,-Inf,0,-1.87646655393042,-15.3231649191822,1.50916077560463,0.997681768515787,-5 to -55 dB,0,15.375
80,99,full,1,1,1,1,0.95,-58.52741040168,-43.564254306738,-56.4702344845751,49.1317072849258,0.495469801775222,-13.9614716186138,1.44104429774812,0.998688810368837,-5 to -55 dB,2.94436970668192,12.75,-58.821404056623,-43.7278117329465,-56.6573092622595,44.8726277218874,0.206288948296188,-10.8564160429638,1.44236242953129,0.998751925957108,-5 to -55 dB,2.75526779987182,14.8541666666667,-60.2315586219482,-43.5413119296811,-57.4206117841728,35.986628206258,-1.71170827296776,-14.5277189676594,1.42664875211916,0.999140601248991,-5 to -55 dB,1.45230410900698,15.5208333333333,-61.0025263658756,-45.1821978114307,-Inf,0,-2.09466128685483,-15.3988192879872,1.49020968072866,0.998946871088236,-5 to -55 dB,0,15.5208333333333
80,100,full,1,1,1,1,1,-58.52741040168,-43.564254306738,-56.4950794041449,49.906448514379,0.495469801775222,-13.9614716186138,1.44104429774812,0.998688810368837,-5 to -55 dB,2.61237864170048,12.75,-58.8117340329448,-43.7381892860037,-56.6907725261539,46.1566708002569,0.232660065112455,-10.9419896673872,1.44233876623662,0.998750864650799,-5 to -55 dB,2.44761501227412,14.8541666666667,-60.3716542173322,-43.6744918407048,-57.5850217122358,32.9360560780676,-1.85651919893831,-14.3102800762197,1.42389835799806,0.999155713750102,-5 to -55 dB,1.11451335357337,15.6666666666667,-61.0183243109357,-45.2709880825495,-Inf,0,-1.81638056634702,-15.4816535288506,1.46402671914901,0.999439138211046,-5 to -55 dB,0,15.6666666666667
90,1,full,1,1,1,1,-4.45,-60.1437987685612,-44.6540624166934,-46.09357498268,262.077458773318,-1.22998686070106,-14.7058317594532,1.46533227365036,0.999445485869255,-5 to -55 dB,17.3777702162917,14.2083333333333,-60.1708230546046,-44.6456930769097,-46.0956419497397,259.760765562163,-1.53008124388489,-26.3565913750251,1.46528457145819,0.999445706606472,-5 to -55 dB,17.5377741235833,10.8333333333333,-55.8918760112721,-39.0187053033513,-45.803155927669,194.948668667271,-1.04207169945573,-15.2486507227167,1.34389099102806,0.987440169391826,-5 to -55 dB,10.8309544075196,8.64583333333333,-46.2240927885674,-29.3581884478413,-Inf,0,7.50738373283123,0.367883094910309,0.92841481643138,0.978361273675621,-5 to -55 dB,0,8.64583333333333
90,2,full,1,1,1,1,-4.4,-60.1437987685612,-44.6540624166934,-46.1370515381564,261.450238516025,-1.22998686070106,-14.7058317594532,1.46533227365036,0.999445485869255,-5 to -55 dB,17.1596847843129,14.2083333333333,-60.1908848169733,-44.6619784778143,-46.1328800256685,260.395208640905,-1.57927649660073,-26.8258524336309,1.46530065172483,0.999446493604863,-5 to -55 dB,17.3406628327311,10.7708333333333,-55.8114039678472,-38.9428330869697,-45.8386330234903,192.327675880317,-1.00324358365405,-15.2671374811143,1.34321522033528,0.98746397743152,-5 to -55 dB,10.5723451108261,8.58333333333333,-46.2710811571203,-29.3956575092356,-Inf,0,7.53127222975191,0.108461412387513,0.946439491090746,0.983837818968868,-5 to -55 dB,0,8.58333333333333
90,3,full,1,1,1,1,-4.35,-60.1437987685612,-44.6540624166934,-46.2003392975542,260.877456365287,-1.22998686070106,-14.7058317594532,1.46533227365036,0.999445485869255,-5 to -55 dB,17.3767675225008,14.2083333333333,-60.1711723580805,-44.6382376726525,-46.199693657805,258.813129710014,-1.5394554307518,-26.8123079849032,1.46528221218831,0.999445688968484,-5 to -55 dB,17.5415136743358,10.7083333333333,-55.7569273606621,-38.8911953740322,-45.8860812033288,191.078135535664,-1.01870171863626,-15.2553281533983,1.34339238130635,0.987470392686927,-5 to -55 dB,10.8589592440472,8.52083333333333,-46.3633898560668,-29.3120204859389,-Inf,0,7.49742296735654,-0.43000341665159,0.922649664254588,0.982665627086205,-5 to -55 dB,0,8.52083333333333
90,4,full,1,1,1,1,-4.3,-60.1437987685612,-44.6540624166934,-46.0515283375359,261.503538798646,-1.22998686070106,-14.7058317594532,1.46533227365036,0.999445485869255,-5 to -55 dB,16.7528298003709,14.2083333333333,-60.2231518440161,-44.6685446259809,-46.0483822710428,261.962680213243,-1.70551503098195,-26.723495358672,1.46536859805192,0.999448164206554,-5 to -55 dB,16.9712327934245,10.6458333333333,-55.706751541019,-38.8367788116293,-45.7148669966786,191.025018269949,-1.04255901608376,-15.2346644872491,1.34367578998065,0.987473485112457,-5 to -55 dB,10.237281140345,8.45833333333333,-46.2223901551396,-29.2064648108613,-Inf,0,7.46428101336516,-0.072386820901153,0.95668906546871,0.98540329961535,-5 to -55 dB,0,8.45833333333333
90,5,full,1,1,1,1,-4.25,-60.1437987685612,-44.6540624166934,-46.1511760439622,260.16112065657,-1.22998686070106,-14.7058317594532,1.46533227365036,0.999445485869255,-5 to -55 dB,17.2325683256774,14.2083333333333,-60.2347082785539,-44.6654483045094,-46.1531495456857,260.59136082227,-1.76833484360423,-27.0986791584106,1.4654398110638,0.999449599900648,-5 to -55 dB,17.4660674624176,10.4583333333333,-55.6366544207328,-38.772096441649,-45.7778982218408,188.060464553709,-1.02342563870363,-15.2456272367039,1.34320336017266,0.987498424696171,-5 to -55 dB,10.8156046803235,8.39583333333333,-46.3231588421517,-29.3447942584804,-Inf,0,7.32053682250371,-0.296551136924811,0.909333002487771,0.986386751112552,-5 to -55 dB,0,8.39583333333333
90,6,full,1,1,1,1,-4.2,-60.1437987685612,-44.6540624166934,-46.1914110436445,260.91867348291,-1.22998686070106,-14.7058317594532,1.46533227365036,0.999445485869255,-5 to -55 dB,17.7821941249346,14.2083333333333,-60.2041223451751,-44.648782647626,-46.186474864114,260.9951185032,-1.69884721924263,-27.0937175862472,1.46535065409819,0.999447573814176,-5 to -55 dB,17.9886487426712,10.4166666666667,-55.6044084255424,-38.733912655648,-45.7988190890833,189.959853988807,-1.08056301305964,-15.2215751551573,1.34421080771748,0.987508619407894,-5 to -55 dB,11.3087436616203,8.35416666666667,-46.3942225149221,-29.1947183719681,-Inf,0,7.09484231567776,-0.612564455319111,0.891746149342017,0.983259253143438,-5 to -55 dB,0,8.35416666666667
90,7,full,1,1,1,1,-4.15,-60.1437987685612,-44.6540624166934,-46.3725571070555,258.942661757865,-1.22998686070106,-14.7058317594532,1.46533227365036,0.999445485869255,-5 to -55 dB,17.2221810533322,14.2083333333333,-60.2375497353302,-44.6761694547759,-46.3772085695386,260.445052494332,-1.78571430109444,-27.10367712439,1.46544645797145,0.99944973005822,-5 to -55 dB,17.4627317248653,10.3541666666667,-55.5501554317833,-38.6763249960305,-45.9437249717644,186.924094993144,-1.09931656305741,-15.2240760986087,1.3441513279423,0.987522633925572,-5 to -55 dB,10.7316048733624,8.29166666666667,-46.5739251906582,-29.2746222063988,-Inf,0,6.99627220546337,-0.925976369294485,0.90916972260853,0.987614145022487,-5 to -55 dB,0,8.29166666666667
90,8,full,1,1,1,1,-4.1,-60.1437987685612,-44.6540624166934,-46.6134582358577,256.710243729991,-1.22998686070106,-14.7058317594532,1.46533227365036,0.999445485869255,-5 to -55 dB,16.9372110235522,14.2083333333333,-60.1809672900731,-44.6420829679515,-46.615505386397,254.77678572131,-1.65192396101197,-27.1554083803982,1.46526951377265,0.999445751604006,-5 to -55 dB,17.1243069872441,10.3125,-55.4998086621803,-38.6328693164515,-46.2533399258287,184.107413088342,-1.10501894824586,-15.2247338610266,1.34415384147969,0.987539509086681,-5 to -55 dB,10.4397771715023,8.25,-46.7932066041362,-29.2121360739947,-Inf,0,6.54756552097578,-1.05167843357296,0.902737973603224,0.989379537325857,-5 to -55 dB,0,8.25
90,9,full,1,1,1,1,-4.05,-60.1437987685612,-44.6540624166934,-46.6530108810294,257.953523906849,-1.22998686070106,-14.7058317594532,1.46533227365036,0.999445485869255,-5 to -55 dB,16.98453827654,14.2083333333333,-60.1897106658512,-44.6570499353249,-46.6595915598447,256.44739963303,-1.67636194506288,-27.1201745653486,1.46529973508071,0.999446448609002,-5 to -55 dB,17.1832167203141,10.25,-55.4518723561511,-38.5912091141877,-46.2701333157944,185.050120310107,-1.12367500009225,-15.2234871997882,1.34413774511297,0.987555349140324,-5 to -55 dB,10.5406549943484,8.1875,-46.8181060391979,-29.1884041787944,-Inf,0,6.70445251476121,-1.27764004142061,0.91274393070177,0.985239880335611,-5 to -55 dB,0,8.1875
90,10,full,1,1,1,1,-4,-60.1437987685612,-44.6540624166934,-46.7074127555804,261.105593939334,-1.22998686070106,-14.7058317594532,1.46533227365036,0.999445485869255,-5 to -55 dB,16.4476659113555,14.2083333333333,-60.1874628807625,-44.6509059361064,-46.7080955612488,259.602045998581,-1.67180032951202,-27.4925534154386,1.46529880288571,0.99944640283895,-5 to -55 dB,16.6455196139355,10.2083333333333,-55.4122486147318,-38.5534372301452,-46.3280644438086,187.903199877292,-1.16765722297607,-15.2153676010569,1.3443910790834,0.987573528325666,-5 to -55 dB,9.85904668013387,8.14583333333333,-46.8721112500335,-29.1488370827975,-Inf,0,6.66202218213184,-1.86473761069137,0.954176804334825,0.985978426743846,-5 to -55 dB,0,8.14583333333333
90,11,full,1,1,1,1,-3.95,-60.1437987685612,-44.6540624166934,-46.6985408636011,260.419148644193,-1.22998686070106,-14.7058317594532,1.46533227365036,0.999445485869255,-5 to -55 dB,16.1155979730071,14.2083333333333,-60.1939302207777,-44.6493469320704,-46.7040495055775,259.361427131893,-1.69153492031758,-27.0614667257896,1.46531717456452,0.999446813207486,-5 to -55 dB,16.3220984448394,10.1666666666667,-55.3587626836738,-38.5035562403453,-46.271816221074,186.722649298284,-1.15181467316442,-15.2337181675277,1.34402754658018,0.987587117525533,-5 to -55 dB,9.63431061600692,8.10416666666667,-46.8720960514217,-29.0861995153498,-Inf,0,6.59800391272649,-1.67360797863122,0.966326343717234,0.98553716722873,-5 to -55 dB,0,8.10416666666667
90,12,full,1,1,1,1,-3.9,-60.1437987685612,-44.6540624166934,-46.7347548029606,259.649313643909,-1.22998686070106,-14.7058317594532,1.46533227365036,0.999445485869255,-5 to -55 dB,16.5054882590155,14.2083333333333,-60.2220333230198,-44.6657061339521,-46.7444250024355,259.893845658424,-1.76936807247132,-27.4029979787092,1.46536776741584,0.999448123002405,-5 to -55 dB,16.7404608668234,10.125,-55.3248324350044,-38.4745235735858,-46.2909775402267,186.300004548927,-1.20169553480318,-15.224359547134,1.3444289673075,0.987605788990073,-5 to -55 dB,9.9452565569391,8.0625,-46.9027689043639,-29.1361672178058,-Inf,0,6.86472368985495,-2.17226884632309,0.962432838562978,0.980609608266255,-5 to -55 dB,0,8.0625
90,13,full,1,1,1,1,-3.85,-60.1437987685612,-44.6540624166934,-46.68597852185,261.470390024241,-1.22998686070106,-14.7058317594532,1.46533227365036,0.999445485869255,-5 to -55 dB,16.7832530924371,14.2083333333333,-60.2168477331896,-44.655003261075,-46.6818559843222,261.826336246824,-1.76100932689103,-27.3893020343313,1.46536690499464,0.999448080178912,-5 to -55 dB,17.0132893448435,10.0833333333333,-55.287513144788,-38.4368262158194,-46.2886901091073,187.714385017429,-1.23087427805739,-15.2231894023544,1.34442830099911,0.987621406797569,-5 to -55 dB,10.316289168091,8.02083333333333,-46.8374941351623,-29.0246742858823,-Inf,0,6.33720606359897,-1.93091626864638,0.908992466557001,0.98834978025762,-5 to -55 dB,0,8.02083333333333
90,14,full,1,1,1,1,-3.8,-60.1437987685612,-44.6540624166934,-46.7025937864106,259.171252085331,-1.22998686070106,-14.7058317594532,1.46533227365036,0.999445485869255,-5 to -55 dB,16.7029909207861,14.2083333333333,-60.2362810827108,-44.6719384650654,-46.7061576379198,260.789015978237,-1.811504829561,-27.3453481231211,1.46544313483918,0.999449664997371,-5 to -55 dB,16.9537725596567,10.0625,-55.2529904604014,-38.4028411904206,-46.3060273559957,186.115490921633,-1.24063062021894,-15.2194122751415,1.34441335372805,0.987640576711522,-5 to -55 dB,10.2230981913263,8,-46.8430550685355,-28.9934986501303,-Inf,0,6.34008615380387,-2.38802286982208,0.926659662480295,0.98472608756487,-5 to -55 dB,0,8
90,15,full,1,1,1,1,-3.75,-60.1437987685612,-44.6540624166934,-46.5022100074944,265.64673900023,-1.22998686070106,-14.7058317594532,1.46533227365036,0.999445485869255,-5 to -55 dB,16.4092078194102,14.2083333333333,-60.2242728120614,-44.6672250324998,-46.5021785736251,266.703280294825,-1.78165571145528,-27.3345516702616,1.46536859805192,0.999448164206554,-5 to -55 dB,16.6501326345282,10.0208333333333,-55.2156639103264,-38.3693333938057,-46.0726535775678,191.743208157964,-1.23668999666734,-15.22112279057,1.34432341984672,0.987658760339149,-5 to -55 dB,9.86813986605809,7.95833333333333,-46.6288297897921,-28.7752891371434,-Inf,0,6.42752217223355,-2.20744656442677,0.955922260978906,0.983045306076388,-5 to -55 dB,0,7.95833333333333
90,16,full,1,1,1,1,-3.7,-60.1437987685612,-44.6540624166934,-46.434017998059,264.098450642371,-1.22998686070106,-14.7058317594532,1.46533227365036,0.999445485869255,-5 to -55 dB,15.7236476774085,14.2083333333333,-60.2236376702265,-44.6594790667395,-46.4388253542876,264.64411268541,-1.78048332077616,-27.3140530521486,1.46536859805191,0.999448164206554,-5 to -55 dB,15.9665171888947,10,-55.1824872816419,-38.3402037300766,-46.0478592806607,190.018696479878,-1.23612140185975,-15.2212262294099,1.34425837839942,0.987679187319501,-5 to -55 dB,9.25326819722883,7.9375,-46.5813575189225,-28.9178819870904,-Inf,0,6.58582868444044,-2.05597357946754,0.99584322594918,0.979854497901262,-5 to -55 dB,0,7.9375
90,17,full,1,1,1,1,-3.65,-60.1437987685612,-44.6540624166934,-46.2938582167078,261.956159776818,-1.22998686070106,-14.7058317594532,1.46533227365036,0.999445485869255,-5 to -55 dB,16.5635367627427,14.2083333333333,-60.2411978666127,-44.6752049553595,-46.2993696660675,263.51414268624,-1.8330146230064,-27.54082006972,1.46545059236636,0.99944983587134,-5 to -55 dB,16.8234878989363,9.95833333333333,-55.1638716174225,-38.328648874203,-45.9670394176482,188.839896460512,-1.26711716874041,-15.2003576348358,1.34431321231625,0.987700733943171,-5 to -55 dB,10.0088226443605,7.89583333333333,-46.4325133592359,-29.0105043586862,-Inf,0,6.48157654638603,-2.09662012904444,0.94899071036939,0.983658457513422,-5 to -55 dB,0,7.89583333333333
90,18,full,1,1,1,1,-3.6,-60.1437987685612,-44.6540624166934,-46.2475247104438,264.504030996301,-1.22998686070106,-14.7058317594532,1.46533227365036,0.999445485869255,-5 to -55 dB,16.4887396797843,14.2083333333333,-60.197113414743,-44.6546830807466,-46.2405309060228,264.796747084264,-1.72420788265824,-27.5670377510442,1.46533466522595,0.999447180887072,-5 to -55 dB,16.7072773282513,9.9375,-55.1357145900157,-38.3028441540866,-45.8255389275354,191.574762476753,-1.26914514502448,-15.2008403428275,1.34421753404363,0.987721970526331,-5 to -55 dB,9.98081737182489,7.875,-46.3718317377734,-28.9260026399122,-Inf,0,6.98235577523473,-2.13906267123435,0.949262808131282,0.986469621849793,-5 to -55 dB,0,7.875
90,19,full,1,1,1,1,-3.55,-60.1437987685612,-44.6540624166934,-45.9961315768558,262.125930224328,-1.22998686070106,-14.7058317594532,1.46533227365036,0.999445485869255,-5 to -55 dB,16.3573504304611,14.2083333333333,-60.1925641714499,-44.6588660447922,-45.9866935172981,262.432800535723,-1.71770501113782,-27.3318473848295,1.46530065172483,0.999446493604863,-5 to -55 dB,16.5737997070414,9.91666666666667,-55.0975574302678,-38.266066878168,-45.6424747881264,187.957886180116,-1.24348485974055,-15.2391215531781,1.3440319476134,0.987747535177515,-5 to -55 dB,9.89004458266068,7.85416666666667,-46.1252341136902,-28.834987672347,-Inf,0,7.17340949226551,-1.58464028548787,0.96862951403855,0.984632789427612,-5 to -55 dB,0,7.85416666666667
90,20,full,1,1,1,1,-3.5,-60.1437987685612,-44.6540624166934,-45.9007645198672,263.729796669999,-1.22998686070106,-14.7058317594532,1.46533227365036,0.999445485869255,-5 to -55 dB,16.3087621699448,14.2083333333333,-60.2246247058877,-44.6679918690537,-45.899444523713,264.938894669961,-1.810096509016,-27.285602643203,1.46536859805192,0.999448164206554,-5 to -55 dB,16.5570467923928,9.89583333333333,-55.0726312076539,-38.2460150158724,-45.53046662593,189.169789586679,-1.24506975727336,-15.2419588656899,1.34389580585503,0.987770239722849,-5 to -55 dB,9.8711432033038,7.83333333333333,-46.0431525225309,-28.8048735510328,-Inf,0,7.29460133803481,-1.81121369955504,0.963029430713793,0.983251233875828,-5 to -55 dB,0,7.83333333333333
90,21,full,1,1,1,1,-3.45,-60.1437987685612,-44.6540624166934,-45.9206615201912,262.969640494261,-1.22998686070106,-14.7058317594532,1.46533227365036,0.999445485869255,-5 to -55 dB,17.0476858593768,14.2083333333333,-60.2109716552439,-44.6551797802864,-45.915277913894,263.62693507729,-1.78437574004439,-27.5231129145849,1.46537418704684,0.999448141820982,-5 to -55 dB,17.2828747624581,9.875,-55.0715344825227,-38.2500484843849,-45.5294107418808,188.991846179363,-1.29372840926597,-15.2232017230761,1.34405408807853,0.987797004494544,-5 to -55 dB,10.5756011130263,7.8125,-46.0651387819634,-28.9218007032927,-Inf,0,7.32867850752205,-1.90031816248827,0.946932830221917,0.980470509261186,-5 to -55 dB,0,7.8125
90,22,full,1,1,1,1,-3.4,-60.1437987685612,-44.6540624166934,-45.8785825781268,263.555800135518,-1.22998686070106,-14.7058317594532,1.46533227365036,0.999445485869255,-5 to -55 dB,16.8010594416753,14.2083333333333,-60.2383478909707,-44.6724965131518,-45.8742937282912,265.4530808416,-1.8589251691675,-27.2682258529586,1.46544977973014,0.999449795041226,-5 to -55 dB,17.0620300195727,9.85416666666667,-55.0420815521512,-38.2212720095288,-45.4891624517557,188.326700272453,-1.26688194868475,-15.2575451555219,1.3438261493831,0.987825626213989,-5 to -55 dB,10.2804571686839,7.79166666666667,-46.0229569769829,-28.8254484347687,-Inf,0,7.16717174364251,-1.62364703933585,0.939681203321603,0.984563244727386,-5 to -55 dB,0,7.79166666666667
90,23,full,1,1,1,1,-3.35,-60.1437987685612,-44.6540624166934,-45.8649554063023,264.853296918214,-1.22998686070106,-14.7058317594532,1.46533227365036,0.999445485869255,-5 to -55 dB,15.9913540453165,14.2083333333333,-60.2171168132385,-44.6611390022379,-45.8587362505964,266.123804202619,-1.8053213039519,-27.4976984883227,1.46537021155765,0.999448144256773,-5 to -55 dB,16.2333414814494,9.85416666666667,-55.0425730554565,-38.2308588613147,-45.4720371819071,190.761209555947,-1.29800092492732,-15.2222608532085,1.3439167405731,0.987853116225563,-5 to -55 dB,9.45031389957621,7.79166666666667,-46.0200913433622,-28.8365745768,-Inf,0,7.07975562964245,-1.48350492204433,1.02771742609428,0.975403747343197,-5 to -55 dB,0,7.79166666666667
90,24,full,1,1,1,1,-3.3,-60.1437987685612,-44.6540624166934,-46.0646662072951,263.897892403051,-1.22998686070106,-14.7058317594532,1.46533227365036,0.999445485869255,-5 to -55 dB,16.0691034306915,14.2083333333333,-60.213535331889,-44.6696788484664,-46.0607579845679,265.894142345158,-1.80140325893476,-27.5172070312464,1.46536933819093,0.999448100971192,-5 to -55 dB,16.3083133836194,9.83333333333333,-55.0338470835194,-38.225253802101,-45.6180884713854,189.197965659602,-1.30477649811331,-15.2412805831217,1.34395195627672,0.987879670139308,-5 to -55 dB,9.63988058894464,7.77083333333333,-46.2629403579689,-28.8476650831288,-Inf,0,6.98913801494814,-1.46518117208895,0.963836064848384,0.984686468808182,-5 to -55 dB,0,7.77083333333333
90,25,full,1,1,1,1,-3.25,-60.1437987685612,-44.6540624166934,-46.4701787785118,263.594807214014,-1.22998686070106,-14.7058317594532,1.46533227365036,0.999445485869255,-5 to -55 dB,16.2860077303717,14.2083333333333,-60.191006788906,-44.6575781696647,-46.4615685555367,264.365735110977,-1.74498628148425,-27.2956128919592,1.46529973508071,0.999446448609002,-5 to -55 dB,16.5025717010366,9.83333333333333,-55.0132367319207,-38.2058686001594,-46.0244171602827,188.047603236671,-1.27209247152368,-15.2547452908541,1.34360111757705,0.987917465761814,-5 to -55 dB,9.80957896681667,7.77083333333333,-46.6555166572431,-29.0255380230743,-Inf,0,6.47257168530385,-1.87779134019521,0.943160191053424,0.984657936765223,-5 to -55 dB,0,7.77083333333333
90,26,full,1,1,1,1,-3.2,-60.1437987685612,-44.6540624166934,-46.8897098479619,257.172517664353,-1.22998686070106,-14.7058317594532,1.46533227365036,0.999445485869255,-5 to -55 dB,15.5063759184191,14.2083333333333,-60.2174115988026,-44.6647931836821,-46.8923013723801,258.064169299616,-1.81115547461746,-27.2662858365538,1.46537021155765,0.999448144256773,-5 to -55 dB,15.7461875188195,9.83333333333333,-55.0080322357268,-38.2066588097818,-46.3756854436201,180.972329989331,-1.26836251401885,-15.2554419446683,1.3435153484104,0.987951923316724,-5 to -55 dB,8.94464681645403,7.77083333333333,-47.1045155685638,-31.032943332383,-Inf,0,5.74039455177005,-1.96100381177933,0.972697019223046,0.988100345066493,-5 to -55 dB,0,7.77083333333333
90,27,full,1,1,1,1,-3.15,-60.1437987685612,-44.6540624166934,-46.8681863022109,255.19116005244,-1.22998686070106,-14.7058317594532,1.46533227365036,0.999445485869255,-5 to -55 dB,15.5982214499986,14.2083333333333,-60.2154680755504,-44.6619118824003,-46.8642367975418,256.134967154171,-1.80626443952003,-27.2672748421336,1.46536690499464,0.999448080178912,-5 to -55 dB,15.8378393486082,9.83333333333333,-55.0048867593245,-38.2100088240834,-46.4032110655892,179.151517982255,-1.26222637586806,-15.2571257683435,1.34341779006586,0.987988774439462,-5 to -55 dB,9.10349265489972,7.77083333333333,-47.0548683333744,-29.259609340957,-Inf,0,5.53445029768267,-1.93340623011537,0.96960789437445,0.983335643205871,-5 to -55 dB,0,7.77083333333333
90,28,full,1,1,1,1,-3.1,-60.1437987685612,-44.6540624166934,-46.7883824471865,256.730087725139,-1.22998686070106,-14.7058317594532,1.46533227365036,0.999445485869255,-5 to -55 dB,15.9620165553027,14.2083333333333,-60.2064387764987,-44.6641592223645,-46.7840402871996,258.028156499822,-1.78358455410732,-27.277279224402,1.46535819107487,0.999447747814406,-5 to -55 dB,16.1913090116956,9.83333333333333,-55.0096422098208,-38.2184815256237,-46.3032936795724,180.828281622188,-1.26733862450062,-15.2537839577123,1.34334734164514,0.98802676665131,-5 to -55 dB,9.35742393548094,7.77083333333333,-46.9628225980247,-29.2365354997164,-Inf,0,5.44202069796151,-2.51590708804813,0.954934820764532,0.985751079815796,-5 to -55 dB,0,7.77083333333333
90,29,full,1,1,1,1,-3.05,-60.1437987685612,-44.6540624166934,-46.9042637789964,255.156436169325,-1.22998686070106,-14.7058317594532,1.46533227365036,0.999445485869255,-5 to -55 dB,15.5505120594698,14.2083333333333,-60.205102581926,-44.6607896811036,-46.9034564098922,256.220128077943,-1.78023417132666,-27.2814907820518,1.4653539695398,0.99944763838029,-5 to -55 dB,15.7789905558016,9.83333333333333,-55.0096943251986,-38.2281451381606,-46.4149049341035,179.357286787291,-1.25420896646384,-15.2583932921268,1.34315963595349,0.988062471599926,-5 to -55 dB,9.02644772062487,7.77083333333333,-47.0848876275863,-29.4092519554927,-Inf,0,5.43542009447104,-2.19967961290307,0.975737833989945,0.983642558543494,-5 to -55 dB,0,7.77083333333333
90,30,full,1,1,1,1,-3,-60.1437987685612,-44.6540624166934,-46.9448782156282,259.338139252807,-1.22998686070106,-14.7058317594532,1.46533227365036,0.999445485869255,-5 to -55 dB,15.6791499821283,14.2083333333333,-60.2316450210257,-44.673481200843,-46.942523820915,261.073851636684,-1.84707665980888,-27.4990651982741,1.46543897328745,0.999449557796096,-5 to -55 dB,15.9331677126853,9.83333333333333,-55.0300023955886,-38.2624170934515,-46.4802247343068,185.118789297619,-1.28125747776947,-15.2452402279589,1.34326565995421,0.988109939059325,-5 to -55 dB,9.12050760098348,7.77083333333333,-47.1163605437242,-29.2702670433713,-Inf,0,5.13035129221784,-3.31743847336493,0.974673504096146,0.984766639671696,-5 to -55 dB,0,7.77083333333333
90,31,full,1,1,1,1,-2.95,-60.1437987685612,-44.6540624166934,-47.0041855382317,259.00306368908,-1.22998686070106,-14.7058317594532,1.46533227365036,0.999445485869255,-5 to -55 dB,15.2518557115091,14.2083333333333,-60.2122011820859,-44.6644272789107,-46.9955089720552,260.661357507652,-1.79296697718394,-27.502622860518,1.46537176442392,0.999448121471669,-5 to -55 dB,15.4858567391952,9.85416666666667,-55.0418541922207,-38.2779704253546,-46.5190433373705,184.432940049322,-1.27688974123075,-15.223001312934,1.34329597811026,0.988151790965733,-5 to -55 dB,8.71389062116354,7.79166666666667,-47.1624049065853,-31.066249255296,-Inf,0,5.32154899485891,-3.33030915661805,0.989326882505916,0.986110217395262,-5 to -55 dB,0,7.79166666666667
90,32,full,1,1,1,1,-2.9,-60.1437987685612,-44.6540624166934,-47.1390708479174,259.698103609058,-1.22998686070106,-14.7058317594532,1.46533227365036,0.999445485869255,-5 to -55 dB,15.2661656317183,14.2083333333333,-60.2136536881267,-44.6663759906473,-47.1223968071294,261.145207033392,-1.79661481625781,-27.2929662445295,1.46536933819093,0.999448100971192,-5 to -55 dB,15.5035537325073,9.85416666666667,-55.0460410467736,-38.2821127125112,-46.6207203884052,184.484913864518,-1.25183577009323,-15.2534676046086,1.34292295145863,0.988200326242072,-5 to -55 dB,8.70367448305996,7.79166666666667,-47.234874075978,-29.3848129066955,-Inf,0,5.31639780761628,-3.34058691919393,1.04193463302831,0.973916010042331,-5 to -55 dB,0,7.79166666666667
90,33,full,1,1,1,1,-2.85,-60.1437987685612,-44.6540624166934,-46.8430277846049,260.505013215504,-1.22998686070106,-14.7058317594532,1.46533227365036,0.999445485869255,-5 to -55 dB,15.2358422709031,14.2083333333333,-60.2212831214245,-44.6726128541667,-46.8351482456397,262.35520027196,-1.81028475711499,-27.5127831873553,1.46536776741584,0.999448123002405,-5 to -55 dB,15.4803826993818,9.875,-55.0713939541803,-38.3242387817363,-46.352662285292,186.907709851849,-1.26404319313474,-15.2233464726243,1.34310367212379,0.988251725904783,-5 to -55 dB,8.68104928376563,7.8125,-47.0008925925064,-29.1447226703639,-Inf,0,5.95943850659576,-2.73687340738665,1.03277896789218,0.979202048896331,-5 to -55 dB,0,7.8125
90,34,full,1,1,1,1,-2.8,-60.1437987685612,-44.6540624166934,-46.8176167794489,260.15251866243,-1.22998686070106,-14.7058317594532,1.46533227365036,0.999445485869255,-5 to -55 dB,15.8010452535556,14.2083333333333,-60.2183364362977,-44.6661712275337,-46.8104140037431,261.348667466729,-1.79428568863166,-27.291902652464,1.46536776741584,0.999448123002405,-5 to -55 dB,16.0413678262831,9.89583333333333,-55.0790449970743,-38.3352509799251,-46.3429725458618,186.068084357657,-1.22583086500736,-15.2353530992971,1.34268420498663,0.988306642644648,-5 to -55 dB,9.29945133252629,7.83333333333333,-46.9577857423135,-29.1713181838958,-Inf,0,6.31049455090869,-1.86058535309475,0.990847689274464,0.982957507491587,-5 to -55 dB,0,7.83333333333333
90,35,full,1,1,1,1,-2.75,-60.1437987685612,-44.6540624166934,-46.3723699563035,262.689186799008,-1.22998686070106,-14.7058317594532,1.46533227365036,0.999445485869255,-5 to -55 dB,15.7793938663712,14.2083333333333,-60.2131627526461,-44.6628797326421,-46.3670157136006,263.321133670061,-1.76907724098779,-27.3112106369155,1.46536933819093,0.999448100971192,-5 to -55 dB,16.0150147887575,9.91666666666667,-55.1014017272125,-38.3683702625485,-45.9303676321144,188.976342899631,-1.21292854735957,-15.2351621489629,1.34256216695609,0.988363399357007,-5 to -55 dB,9.30910669750737,7.85416666666667,-46.5328122122073,-29.0537641454985,-Inf,0,7.01897326224007,-0.955698727354267,1.01116146779229,0.981515009560781,-5 to -55 dB,0,7.85416666666667
90,36,full,1,1,1,1,-2.7,-60.1437987685612,-44.6540624166934,-46.1440456411072,267.403909832764,-1.22998686070106,-14.7058317594532,1.46533227365036,0.999445485869255,-5 to -55 dB,15.5854038438391,14.2083333333333,-60.2225446595918,-44.6676091500072,-46.1478769155431,268.271433971448,-1.78774285296146,-27.5415618441859,1.46536531041528,0.999448101204865,-5 to -55 dB,15.8297149268885,9.9375,-55.134501413926,-38.4162949269519,-45.7475644324634,195.287019744272,-1.22107777736124,-15.2020901438907,1.34274063096171,0.988426513821946,-5 to -55 dB,9.22941161805522,7.875,-46.2652652829083,-28.9301515158191,-Inf,0,7.66837955163633,0.0770639027437842,1.01744831114569,0.985280219489,-5 to -55 dB,0,7.875
90,37,full,1,1,1,1,-2.65,-60.1437987685612,-44.6540624166934,-45.4431188254314,274.449886840848,-1.22998686070106,-14.7058317594532,1.46533227365036,0.999445485869255,-5 to -55 dB,16.3758363517577,14.2083333333333,-60.1964657595923,-44.6582996796198,-45.4373498651603,274.843350001413,-1.72093563718329,-27.5856305736138,1.46533466522595,0.999447180887072,-5 to -55 dB,16.5949735876449,9.95833333333333,-55.1664167288145,-38.4572428200666,-45.1533811482053,202.804895327988,-1.22206753592181,-15.1977356454331,1.34277537193519,0.988499489078562,-5 to -55 dB,9.97442222166423,7.89583333333333,-45.5567600280073,-28.4793276532638,-Inf,0,8.42995476482801,1.56664458363208,1.02204054782035,0.981093637676946,-5 to -55 dB,0,7.89583333333333
90,38,full,1,1,1,1,-2.6,-60.1437987685612,-44.6540624166934,-45.2440895259623,273.917866042015,-1.22998686070106,-14.7058317594532,1.46533227365036,0.999445485869255,-5 to -55 dB,16.055509210111,14.2083333333333,-60.2008757817473,-44.6697991205209,-45.2422204742757,274.377298874379,-1.72364789257357,-27.3368570775957,1.4653398071229,0.999447335631296,-5 to -55 dB,16.2788099588663,10,-55.1852460316396,-38.4825045919745,-44.9108426847602,201.874506976855,-1.18595666554108,-15.2183845455645,1.34227898392103,0.988564602474106,-5 to -55 dB,9.68665637053914,7.9375,-45.3824317732544,-28.4616946449513,-Inf,0,9.05965027364847,1.98969553863428,1.07431260358165,0.973098290379852,-5 to -55 dB,0,7.9375
90,39,full,1,1,1,1,-2.55,-60.1437987685612,-44.6540624166934,-45.021300219648,280.105590713577,-1.22998686070106,-14.7058317594532,1.46533227365036,0.999445485869255,-5 to -55 dB,16.483299610151,14.2083333333333,-60.2184657110799,-44.6684760705322,-45.0271538040063,280.869625996637,-1.76711083945912,-27.3403694917015,1.46536776741584,0.999448123002405,-5 to -55 dB,16.7229792466548,10.0208333333333,-55.2055531469061,-38.5221319293886,-44.738116128394,208.185833567052,-1.15098603130601,-15.2315370486507,1.34187241623927,0.988625956639827,-5 to -55 dB,10.2106305567674,7.95833333333333,-45.128424921096,-28.2593958019364,-Inf,0,9.42613470825459,2.15277278087345,1.05201444400872,0.975099996582624,-5 to -55 dB,0,7.95833333333333
90,40,full,1,1,1,1,-2.5,-60.1437987685612,-44.6540624166934,-45.9088320696919,270.76127325085,-1.22998686070106,-14.7058317594532,1.46533227365036,0.999445485869255,-5 to -55 dB,15.5789414083537,14.2083333333333,-60.2386893864203,-44.6755318027078,-45.9157426372396,271.741389152184,-1.81757049556554,-27.3429353802897,1.46544727589314,0.999449771189504,-5 to -55 dB,15.8363804863111,10.0625,-55.255341576811,-38.5762901309617,-45.5517848725584,198.903001829697,-1.17775016118517,-15.216990453101,1.34214795134642,0.988711484912069,-5 to -55 dB,9.2328929727627,8,-46.0673558903725,-28.9472888863003,-Inf,0,8.73567976443444,1.50827651374416,1.09804133292762,0.972718378139285,-5 to -55 dB,0,8
90,41,full,1,1,1,1,-2.45,-60.1437987685612,-44.6540624166934,-46.4410359699762,256.990799631086,-1.22998686070106,-14.7058317594532,1.46533227365036,0.999445485869255,-5 to -55 dB,14.7185849393965,14.2083333333333,-60.2279674566814,-44.6694774808928,-46.4426833602591,257.879882918384,-1.78886268888506,-27.378162000326,1.46541565924625,0.999449099424842,-5 to -55 dB,14.9657273017346,10.0833333333333,-55.2955839881393,-38.6263551987688,-46.0382916799628,186.284822225661,-1.17513210929896,-15.2148758892122,1.34212160228096,0.988802146775972,-5 to -55 dB,8.34424619737748,8.02083333333333,-46.6189285436852,-29.6383084480836,-Inf,0,8.25892177253554,0.806926150634619,1.12207559076676,0.974565614376463,-5 to -55 dB,0,8.02083333333333
90,42,full,1,1,1,1,-2.4,-60.1437987685612,-44.6540624166934,-46.8640993803395,249.696495980924,-1.22998686070106,-14.7058317594532,1.46533227365036,0.999445485869255,-5 to -55 dB,14.3729473067054,14.2083333333333,-60.2208057046884,-44.6672531296618,-46.87062904274,250.034157205446,-1.76629607803083,-27.4042278290812,1.46536776741584,0.999448123002405,-5 to -55 dB,14.610334489117,10.125,-55.3408754461705,-38.6825238674954,-46.4152920668263,179.406530722788,-1.15747301809102,-15.2078338368966,1.34220303423585,0.988913412880901,-5 to -55 dB,7.96901501163432,8.0625,-47.0929219115471,-30.1244190494027,-Inf,0,7.69986899037575,0.207043919504775,1.11808095717353,0.980294555151356,-5 to -55 dB,0,8.0625
90,43,full,1,1,1,1,-2.35,-60.1437987685612,-44.6540624166934,-47.3508928591983,243.861520356242,-1.22998686070106,-14.7058317594532,1.46533227365036,0.999445485869255,-5 to -55 dB,12.5581531321685,14.2083333333333,-60.210840911419,-44.6659132813176,-47.3526780305714,243.983122153752,-1.73353078920275,-27.0445227030889,1.46537418704684,0.999448141820982,-5 to -55 dB,12.7855846761644,10.1666666666667,-55.3650976229453,-38.7288185989387,-46.8698601463257,173.431271443233,-1.07568942015058,-15.2271932530504,1.34182026144738,0.989001670578851,-5 to -55 dB,6.20014544498271,8.10416666666667,-47.6166177898682,-30.6309088381136,-Inf,0,7.10898622019825,-0.543992993559318,1.27897644717842,0.965046601912372,-5 to -55 dB,0,8.10416666666667
90,44,full,1,1,1,1,-2.3,-60.1437987685612,-44.6540624166934,-47.7487461133668,241.452412480861,-1.22998686070106,-14.7058317594532,1.46533227365036,0.999445485869255,-5 to -55 dB,12.7377828682009,14.2083333333333,-60.2066933976676,-44.6604063728981,-47.755395075083,241.230210675714,-1.71944637468525,-27.4732885665248,1.46535819107486,0.999447747814406,-5 to -55 dB,12.9587280680865,10.2083333333333,-55.4172395568648,-38.799944994857,-47.2402796534902,172.207805609985,-1.08020579913129,-15.210226378345,1.34184218093868,0.989116176484592,-5 to -55 dB,6.32655781230974,8.14583333333333,-48.0477514031787,-30.8938097783615,-Inf,0,7.11296893029041,-1.26178709172726,1.20607721043593,0.975518832335163,-5 to -55 dB,0,8.14583333333333
90,45,full,1,1,1,1,-2.25,-60.1437987685612,-44.6540624166934,-47.591328432592,240.091835900956,-1.22998686070106,-14.7058317594532,1.46533227365036,0.999445485869255,-5 to -55 dB,13.0781978859029,14.2083333333333,-60.2119572751488,-44.6666785281886,-47.595549458859,240.389915066698,-1.73154383592476,-27.097884668667,1.46537176442392,0.999448121471669,-5 to -55 dB,13.3015708069702,10.25,-55.4484962966137,-38.8502768174206,-47.1047782074537,170.711852882055,-1.00688844789917,-15.226964624207,1.34164682100449,0.989234477319159,-5 to -55 dB,6.65589784881691,8.1875,-47.8735033009655,-30.9711121105729,-Inf,0,7.12317190200417,-0.484844678530937,1.18871941497955,0.97659634865075,-5 to -55 dB,0,8.1875
90,46,full,1,1,1,1,-2.2,-60.1437987685612,-44.6540624166934,-47.897477016831,234.073511297511,-1.22998686070106,-14.7058317594532,1.46533227365036,0.999445485869255,-5 to -55 dB,12.0028409469896,14.2083333333333,-60.2258380446078,-44.6692659340659,-47.905374046051,235.018098800815,-1.76327977294447,-27.1104507953549,1.46537188221043,0.999448227011513,-5 to -55 dB,12.2388396756027,10.3125,-55.4951731590399,-38.9167878463536,-47.3676245851639,165.168991302856,-0.974670183029265,-15.2295084826338,1.34164226971662,0.989369991447785,-5 to -55 dB,5.65191616780278,8.25,-48.2114890734133,-33.0123715470171,-Inf,0,6.72699991157196,-0.279480597486781,1.26839331472933,0.971084614033523,-5 to -55 dB,0,8.25
90,47,full,1,1,1,1,-2.15,-60.1437987685612,-44.6540624166934,-48.3427302545057,231.962573805058,-1.22998686070106,-14.7058317594532,1.46533227365036,0.999445485869255,-5 to -55 dB,11.3629303643395,14.2083333333333,-60.2327576964585,-44.6734139553735,-48.3535189169407,233.157716342192,-1.7737029814198,-27.1084784939263,1.46544230314031,0.999449623240241,-5 to -55 dB,11.6044566898071,10.3541666666667,-55.552935104452,-38.9897214086906,-47.8044149909469,164.440013503266,-0.977133893145252,-15.2212129177224,1.34171241843692,0.9895198281905,-5 to -55 dB,5.04867105465163,8.29166666666667,-48.6251380530231,-33.2561726614979,-Inf,0,6.69346911851393,-0.44612427724198,1.28255281320221,0.97831744986726,-5 to -55 dB,0,8.29166666666667
90,48,full,1,1,1,1,-2.1,-60.1437987685612,-44.6540624166934,-48.9742827530883,232.634273641371,-1.22998686070106,-14.7058317594532,1.46533227365036,0.999445485869255,-5 to -55 dB,10.3798544186322,14.2083333333333,-60.2382866638594,-44.6799400182547,-48.9963997712022,234.238677563948,-1.78402889131859,-27.0594862924137,1.46544977973013,0.999449795041226,-5 to -55 dB,10.6245528706018,10.4166666666667,-55.6084187631866,-39.0581082800046,-48.3847189508257,166.375963538312,-0.953853478754612,-15.2174442500885,1.34177879706724,0.989682073476688,-5 to -55 dB,4.17131963248118,8.35416666666667,-49.3599252318923,-33.4534199243125,-Inf,0,6.11563174600318,-0.61695553013677,1.3236564935218,0.975951890167171,-5 to -55 dB,0,8.35416666666667
90,49,full,1,1,1,1,-2.05,-60.1437987685612,-44.6540624166934,-49.5142371949159,205.198065282024,-1.22998686070106,-14.7058317594532,1.46533227365036,0.999445485869255,-5 to -55 dB,11.1280984853943,14.2083333333333,-60.2310935386164,-44.6729463566573,-49.5232819508131,206.534814360803,-1.73959960597207,-26.6911250749204,1.46543897328745,0.999449557796096,-5 to -55 dB,11.3595785876086,10.5833333333333,-55.6732908883579,-39.1439247490359,-48.9388622514797,142.34583962066,-0.960682274740417,-15.2078911583704,1.34246972597864,0.989838641329775,-5 to -55 dB,4.86193213746765,8.39583333333333,-49.9002956025465,-34.3035960763851,-Inf,0,6.65078892423493,-2.51536295764757,1.26363493985831,0.981890427175989,-5 to -55 dB,0,8.39583333333333
90,50,full,1,1,1,1,-2,-60.1437987685612,-44.6540624166934,-49.8541085601559,184.784486577486,-1.22998686070106,-14.7058317594532,1.46533227365036,0.999445485869255,-5 to -55 dB,10.4606169460572,14.2083333333333,-60.2158957039657,-44.6726644240852,-49.8733744789633,186.609689203095,-1.68752842960425,-26.730766915464,1.46537021155766,0.999448144256773,-5 to -55 dB,10.6748554169281,10.6458333333333,-55.7197675635578,-39.224155672272,-49.1986313296417,124.916931392192,-0.918290823976436,-15.2212579095913,1.34264542410349,0.990028783396503,-5 to -55 dB,4.20049056015147,8.45833333333333,-50.3035042467684,-35.3552143198746,-Inf,0,5.970053950782,-3.30559076949527,1.27345117179554,0.985822709704801,-5 to -55 dB,0,8.45833333333333
90,51,full,1,1,1,1,-1.95,-60.1437987685612,-44.6540624166934,-49.7027034656158,208.11799352931,-1.22998686070106,-14.7058317594532,1.46533227365036,0.999445485869255,-5 to -55 dB,10.7671335091672,14.2083333333333,-60.2194163102358,-44.6770966791686,-49.7010190819007,210.186376424801,-1.6574492945424,-26.7639629605841,1.46536776741584,0.999448123002405,-5 to -55 dB,10.9826218756348,10.7083333333333,-55.7446537389019,-39.2331112436939,-49.1951156777783,147.372687762438,-0.827679879151142,-15.2679672084517,1.34190136342057,0.990227552755471,-5 to -55 dB,4.57967651531806,8.52083333333333,-50.1404187913133,-34.8334106056945,-Inf,0,6.83562842731036,-0.416202418910763,1.27958096038419,0.983665545219747,-5 to -55 dB,0,8.52083333333333
90,52,full,1,1,1,1,-1.9,-60.1437987685612,-44.6540624166934,-50.6864223429402,166.451562199329,-1.22998686070106,-14.7058317594532,1.46533227365036,0.999445485869255,-5 to -55 dB,9.89801465429844,14.2083333333333,-60.2021648990911,-44.6630875469912,-50.6931839969469,167.894494975412,-1.60684476526368,-26.8145488934409,1.46535065409819,0.999447573814176,-5 to -55 dB,10.0935672983988,10.7708333333333,-55.8938368015316,-39.5654766802642,-50.0356785070558,115.592819843151,-0.81124789400551,-15.264799261041,1.343483876396,0.990412547047177,-5 to -55 dB,3.69279084268968,8.66666666666667,-51.2342364879576,-36.4507652969588,-Inf,0,5.89525038722976,-1.62330331474791,1.27730714142387,0.988871175743639,-5 to -55 dB,0,8.66666666666667
90,53,full,1,1,1,1,-1.85,-60.1437987685612,-44.6540624166934,-51.3228742435295,141.958693932365,-1.22998686070106,-14.7058317594532,1.46533227365036,0.999445485869255,-5 to -55 dB,9.07278827699921,14.2083333333333,-60.2362331751569,-44.6828250600463,-51.3397052905038,143.683325753574,-1.69031378840221,-26.2910287551033,1.46544645797145,0.99944973005822,-5 to -55 dB,9.3001043700188,10.8333333333333,-56.0224493741443,-39.727114888715,-50.5969229074868,92.5049823858555,-0.726281986856318,-15.280312306579,1.34400953606531,0.990654772711088,-5 to -55 dB,2.9333708330609,8.8125,-51.9462596950547,-37.3476320750052,-Inf,0,5.38184717145857,-3.55137474335155,1.2873051706024,0.990636172685613,-5 to -55 dB,0,8.8125
90,54,full,1,1,1,1,-1.8,-60.1437987685612,-44.6540624166934,-52.0844892993877,129.207509952559,-1.22998686070106,-14.7058317594532,1.46533227365036,0.999445485869255,-5 to -55 dB,7.61666109173224,14.2083333333333,-60.2336372471333,-44.6772000910958,-52.0948188963248,131.268958186437,-1.67540418337651,-26.2754295261261,1.4654398110638,0.999449599900648,-5 to -55 dB,7.84053672965124,10.8958333333333,-56.1933994649999,-39.9236107528527,-51.2098322366412,81.3550391873189,-0.771467952963482,-15.2498103341348,1.34489916550926,0.990918942307849,-5 to -55 dB,1.80937300869764,8.95833333333333,-52.8791023318691,-38.114699935458,-Inf,0,4.74318633629646,-3.85805240746765,1.36264099815651,0.988745060299235,-5 to -55 dB,0,8.95833333333333
90,55,full,1,1,1,1,-1.75,-60.1437987685612,-44.6540624166934,-52.7191852011915,121.16087476839,-1.22998686070106,-14.7058317594532,1.46533227365036,0.999445485869255,-5 to -55 dB,7.78653320192156,14.2083333333333,-60.2367247062784,-44.6804999323587,-52.7428712137915,122.7961004121,-1.68223168442301,-25.8846305002361,1.46544977973013,0.999449795041226,-5 to -55 dB,8.00870539061746,10.9583333333333,-56.3298833395047,-40.0907847253658,-51.764762668135,76.2898265933835,-0.731627135769785,-15.2524595016545,1.3457561416552,0.991210347854255,-5 to -55 dB,1.83787781356428,9.10416666666667,-53.6790707721516,-38.4026063850236,-Inf,0,3.76404709299871,-7.28909036015987,1.31688893110746,0.991667501120392,-5 to -55 dB,0,9.10416666666667
90,56,full,1,1,1,1,-1.7,-60.1437987685612,-44.6540624166934,-52.9172033113997,119.413686785594,-1.22998686070106,-14.7058317594532,1.46533227365036,0.999445485869255,-5 to -55 dB,6.77002130143612,14.2083333333333,-60.2304702257102,-44.6802934817391,-52.9005616901959,121.232414830132,-1.6579936375975,-25.6765912776215,1.46543897328744,0.999449557796096,-5 to -55 dB,6.98582660647417,11.0208333333333,-56.4724919755187,-40.2743874503101,-52.0157888927149,76.8054984492721,-0.724594196427949,-15.2465344046151,1.34709367982446,0.991517960404044,-5 to -55 dB,1.26005338324786,9.25,-53.8608478535953,-38.4695162353883,-Inf,0,3.72873953239585,-8.12576284826843,1.38237581146695,0.99201444604832,-5 to -55 dB,0,9.25
90,57,full,1,1,1,1,-1.65,-60.1437987685612,-44.6540624166934,-53.0009724472646,126.972964635019,-1.22998686070106,-14.7058317594532,1.46533227365036,0.999445485869255,-5 to -55 dB,7.0026377609452,14.2083333333333,-60.2319106061147,-44.6817559353666,-53.0064559016185,128.850668067675,-1.65286922867785,-25.3043166494012,1.4654398110638,0.999449599900648,-5 to -55 dB,7.21561720926145,11.1041666666667,-56.6091735937934,-40.453796204811,-52.0924298421704,86.9893678565058,-0.704708010683345,-15.2445173777932,1.34843546492253,0.991860296234424,-5 to -55 dB,1.3524308000179,9.39583333333333,-53.9588715726988,-38.3974400234749,-Inf,0,3.94868608191199,-9.20829537461765,1.33224179896092,0.99567687003344,-5 to -55 dB,0,9.39583333333333
90,58,full,1,1,1,1,-1.6,-60.1437987685612,-44.6540624166934,-53.0393072291698,128.64918009311,-1.22998686070106,-14.7058317594532,1.46533227365036,0.999445485869255,-5 to -55 dB,6.81055847472443,14.2083333333333,-60.2275444079737,-44.6794910509804,-53.0487851869172,130.362636077197,-1.63267508504763,-24.9756380147309,1.4654356381537,0.999449492048643,-5 to -55 dB,7.01690630055551,11.1666666666667,-56.7348986826645,-40.6411530082446,-52.1747754369389,90.7887617016272,-0.658143441303923,-15.2516558088074,1.35033306580153,0.992220891620253,-5 to -55 dB,1.32975348311051,9.54166666666667,-53.9999515223045,-38.382623345732,-Inf,0,3.98605864487247,-9.3091060021918,1.34450711490059,0.995633361609706,-5 to -55 dB,0,9.54166666666667
90,59,full,1,1,1,1,-1.55,-60.1437987685612,-44.6540624166934,-53.0895205960173,130.219608378759,-1.22998686070106,-14.7058317594532,1.46533227365036,0.999445485869255,-5 to -55 dB,7.20851766531799,14.2083333333333,-60.2321817683901,-44.6856390917271,-53.0921712510799,132.101850839874,-1.63642163994152,-24.8408476631696,1.4654398110638,0.999449599900648,-5 to -55 dB,7.4151382867751,11.25,-56.862534246012,-40.8254479365598,-52.2097340902814,94.393463858995,-0.608688091192003,-15.254762717288,1.35293149759982,0.992599215716453,-5 to -55 dB,1.63928863940707,9.6875,-54.0989074431467,-38.3997423809909,-Inf,0,3.93392551371703,-9.4246217601667,1.32777203610135,0.993634950554079,-5 to -55 dB,0,9.6875
90,60,full,1,1,1,1,-1.5,-60.1437987685612,-44.6540624166934,-53.2039470160843,121.059866315946,-1.22998686070106,-14.7058317594532,1.46533227365036,0.999445485869255,-5 to -55 dB,6.56660208843324,14.2083333333333,-60.2239664482235,-44.6834221670689,-53.2159792982613,123.087990746806,-1.61520699617504,-24.6938174784928,1.46536859805192,0.999448164206554,-5 to -55 dB,6.76238225417576,11.3125,-56.9890040759034,-41.0063666646996,-52.3649208146083,86.8392078749264,-0.536784946663056,-15.2570678547632,1.35495327986721,0.993035763609729,-5 to -55 dB,1.28351064133817,9.83333333333333,-54.3723991933243,-38.723922761514,-Inf,0,3.44956572382848,-9.84362463095,1.33558239399523,0.99666133565744,-5 to -55 dB,0,9.83333333333333
90,61,full,1,1,1,1,-1.45,-60.1437987685612,-44.6540624166934,-53.6052867345507,110.212942111313,-1.22998686070106,-14.7058317594532,1.46533227365036,0.999445485869255,-5 to -55 dB,6.63206003859502,14.2083333333333,-60.2254745829647,-44.6799323071862,-53.6437730978755,112.047966952081,-1.61641142566319,-25.7477883789456,1.46536859805192,0.999448164206554,-5 to -55 dB,6.82813814591653,11.2708333333333,-57.1134146887418,-41.2107036863863,-52.789290148789,78.7344842882712,-0.451033893429436,-15.259550212048,1.35817737378517,0.993473401765911,-5 to -55 dB,1.29663940890558,9.97916666666667,-54.8060483976383,-39.1645015023508,-Inf,0,3.26554757288495,-10.0228816955391,1.32635782067436,0.995839865131743,-5 to -55 dB,0,9.97916666666667
90,62,full,1,1,1,1,-1.4,-60.1437987685612,-44.6540624166934,-53.8290112021543,101.853908729299,-1.22998686070106,-14.7058317594532,1.46533227365036,0.999445485869255,-5 to -55 dB,5.90663806535536,14.2083333333333,-60.2151135987125,-44.6799588214544,-53.8578722278391,103.541431603396,-1.59042271219603,-25.7367226773798,1.46536690499464,0.999448080178912,-5 to -55 dB,6.08970467979811,11.3541666666667,-57.2298858055114,-41.3889866172339,-53.0965154897673,71.3442017526284,-0.40079228413229,-15.2683212815395,1.36204402036578,0.993917972969179,-5 to -55 dB,1.04297814667438,10.125,-55.1765558052908,-39.4563362836076,-Inf,0,2.724638004181,-10.5447443317998,1.34964260574734,0.996754259331999,-5 to -55 dB,0,10.125
90,63,full,1,1,1,1,-1.35,-60.1437987685612,-44.6540624166934,-53.9535045620364,92.3663576480859,-1.22998686070106,-14.7058317594532,1.46533227365036,0.999445485869255,-5 to -55 dB,5.81792738745241,14.2083333333333,-60.2229599898026,-44.683842338461,-53.9873016868837,93.4581624471651,-1.60597824415958,-25.5459164556875,1.46536531041528,0.999448101204865,-5 to -55 dB,6.00592258004913,11.4375,-57.3574006203399,-42.7697097511146,-53.1679204849029,64.6422289077521,-0.362877455922644,-15.2638869966116,1.36579127429568,0.994416274786078,-5 to -55 dB,0.955668245390389,10.2708333333333,-55.4425921823083,-39.7974072384086,-Inf,0,2.62286111356248,-10.9235649696063,1.35009225640957,0.996037615333635,-5 to -55 dB,0,10.2708333333333
90,64,full,1,1,1,1,-1.3,-60.1437987685612,-44.6540624166934,-54.2704320109514,85.1106582099664,-1.22998686070106,-14.7058317594532,1.46533227365036,0.999445485869255,-5 to -55 dB,5.25288191823303,14.2083333333333,-60.2097583575339,-44.673864910954,-54.2943628489354,86.7185478584304,-1.57056320134844,-25.2672308440244,1.46537328104363,0.999448096871839,-5 to -55 dB,5.42504370981581,11.5208333333333,-57.4749400316359,-42.9662945146201,-53.460635891734,58.9822344100505,-0.332430912862952,-15.2679433662229,1.37003330225853,0.99491202211123,-5 to -55 dB,0.581039900677874,10.4166666666667,-55.7680868761819,-41.2988528052305,-Inf,0,2.53958792918313,-11.1401572525145,1.36456072255285,0.996155316203825,-5 to -55 dB,0,10.4166666666667
90,65,full,1,1,1,1,-1.25,-60.1437987685612,-44.6540624166934,-54.5022694015301,78.1133295250526,-1.22998686070106,-14.7058317594532,1.46533227365036,0.999445485869255,-5 to -55 dB,5.00330057943933,14.2083333333333,-60.2407837119764,-44.6943370119597,-54.5084796164297,79.8086436527147,-1.64247988079726,-24.4937154449738,1.46545059236636,0.99944983587134,-5 to -55 dB,5.20271007876046,11.6041666666667,-57.5716168320022,-43.1203342991768,-53.7038656099508,52.9484834353413,-0.24836554896077,-15.2917486844017,1.37460065277502,0.99538635042052,-5 to -55 dB,0.693607877160418,10.5625,-55.9076170559564,-41.5064283695023,-Inf,0,2.40774732962669,-11.448337503289,1.37088084798436,0.997409584130992,-5 to -55 dB,0,10.5625
90,66,full,1,1,1,1,-1.2,-60.1437987685612,-44.6540624166934,-54.5429451299235,76.7295345482512,-1.22998686070106,-14.7058317594532,1.46533227365036,0.999445485869255,-5 to -55 dB,4.77491928014148,14.2083333333333,-60.2184223664046,-44.6786995945585,-54.5485213860012,78.0601454060991,-1.58953078352657,-24.6038184937256,1.46536776741584,0.999448123002405,-5 to -55 dB,4.9492213366972,11.6875,-57.7532898228498,-43.3343387345879,-53.8069528375081,55.048202887854,-0.353235111141745,-15.2263442293447,1.38062144570076,0.99584134748529,-5 to -55 dB,0.718832011945466,10.7083333333333,-56.0518126474526,-41.6022101824781,-Inf,0,2.27247585695833,-11.7535197451008,1.38628855900762,0.996597009871608,-5 to -55 dB,0,10.7083333333333
90,67,full,1,1,1,1,-1.15,-60.1437987685612,-44.6540624166934,-54.6822332336153,75.010638971678,-1.22998686070106,-14.7058317594532,1.46533227365036,0.999445485869255,-5 to -55 dB,4.58127045688829,14.2083333333333,-60.2111574554422,-44.68023452103,-54.6768666393937,76.2228342144997,-1.57042671077719,-24.3426453187428,1.46537418704684,0.999448141820982,-5 to -55 dB,4.74459888387052,11.7708333333333,-57.8441334312632,-43.4620910500661,-54.0301019463908,53.3491532829263,-0.287545540582667,-15.252839396029,1.38720647761295,0.996190375903961,-5 to -55 dB,0.766039482292248,10.8541666666667,-56.193324271076,-41.8085065477098,-Inf,0,2.00523767841772,-12.1738537219089,1.38667549793408,0.99704026043588,-5 to -55 dB,0,10.8541666666667
90,68,full,1,1,1,1,-1.1,-60.1437987685612,-44.6540624166934,-54.8080883074174,71.9669450901943,-1.22998686070106,-14.7058317594532,1.46533227365036,0.999445485869255,-5 to -55 dB,4.60347190574325,14.2083333333333,-60.2169196488715,-44.676604315004,-54.8196365433522,73.3382000567555,-1.56814240595594,-21.6925487760476,1.46537021155765,0.999448144256773,-5 to -55 dB,4.7653545316473,11.9791666666667,-57.9429977701005,-43.6051693200243,-54.0971157150905,51.338456031818,-0.260981139363548,-15.2694756962672,1.39434102756854,0.996432089570735,-5 to -55 dB,0.710173204534485,11,-56.4339543568693,-41.913182986472,-Inf,0,1.91212793540782,-12.4712518100887,1.38241913686549,0.997060001126468,-5 to -55 dB,0,11
90,69,full,1,1,1,1,-1.05,-60.1437987685612,-44.6540624166934,-54.8709958377557,69.6568679300419,-1.22998686070106,-14.7058317594532,1.46533227365036,0.999445485869255,-5 to -55 dB,3.76138070595337,14.2083333333333,-60.2154928925604,-44.6768157260241,-54.8750526376769,71.180926728095,-1.46835273048039,-20.991412509771,1.46536776741584,0.999448123002405,-5 to -55 dB,3.88674381893833,12.9166666666667,-58.0547521789001,-43.7067425329302,-54.1805743431811,51.3285670737988,-0.297054309870244,-15.271284445449,1.40107695522063,0.996602590192043,-5 to -55 dB,0.894264015192227,11.1458333333333,-56.5978840732822,-42.0304367755926,-Inf,0,1.78214185298104,-12.8287068109958,1.45021503641525,0.995191522182002,-5 to -55 dB,0,11.1458333333333
90,70,full,1,1,1,1,-1,-60.1437987685612,-44.6540624166934,-55.0386071154072,63.8172448933176,-1.22998686070106,-14.7058317594532,1.46533227365036,0.999445485869255,-5 to -55 dB,3.93894845592472,14.2083333333333,-60.213222523618,-44.677420878424,-55.0657284817336,64.8929754262281,-1.45202473967318,-21.2895960896903,1.46537021155765,0.999448144256773,-5 to -55 dB,4.05823744920343,13,-58.1403949150496,-43.7863411481508,-54.368999884927,47.1821272228889,-0.270081711329192,-15.2984650047613,1.40722824809489,0.996708083783171,-5 to -55 dB,0.442704340684912,11.2916666666667,-56.9074681057692,-42.3367516814597,-Inf,0,1.61884455674096,-13.0377029706479,1.39928772858532,0.997397301536582,-5 to -55 dB,0,11.2916666666667
90,71,full,1,1,1,1,-0.95,-60.1437987685612,-44.6540624166934,-55.1971000437727,60.5042137201691,-1.22998686070106,-14.7058317594532,1.46533227365036,0.999445485869255,-5 to -55 dB,3.86438082944327,14.2083333333333,-60.219182337537,-44.6806087720326,-55.2390998282688,61.301881647703,-1.49297150343833,-21.6376579380657,1.46536776741584,0.999448123002405,-5 to -55 dB,3.9944464016762,12.8125,-58.2465356216237,-43.8788937893424,-54.5811402101608,43.936822959722,-0.292399705510034,-15.3030658277921,1.41268669472773,0.996831446195872,-5 to -55 dB,0.611046090615886,11.4375,-56.9964972298658,-42.3761103807074,-Inf,0,1.57562904949405,-13.2958503691155,1.38423419768981,0.998226129604018,-5 to -55 dB,0,11.4375
90,72,full,1,1,1,1,-0.9,-60.1437987685612,-44.6540624166934,-55.3969483990448,59.4360331393676,-1.22998686070106,-14.7058317594532,1.46533227365036,0.999445485869255,-5 to -55 dB,3.41196486380551,14.2083333333333,-60.2219767863255,-44.677519134286,-55.4300956149899,59.9866043327929,-1.48635273825644,-21.1990557028209,1.46536859805191,0.999448164206554,-5 to -55 dB,3.5421613938117,12.8958333333333,-58.365982842382,-43.9653006849128,-54.8397686417874,44.5266589771821,-0.319470568723716,-15.2929389413418,1.41695961050876,0.997024871036977,-5 to -55 dB,0.466864069523725,11.5833333333333,-57.2013804484146,-42.5674360928486,-Inf,0,1.53271302513312,-13.3976003358857,1.40223083709597,0.99817680820308,-5 to -55 dB,0,11.5833333333333
90,73,full,1,1,1,1,-0.85,-60.1437987685612,-44.6540624166934,-55.5603443117748,56.6180281301867,-1.22998686070106,-14.7058317594532,1.46533227365036,0.999445485869255,-5 to -55 dB,3.28509914556516,14.2083333333333,-60.2056406982403,-44.6686774495267,-55.6043124461022,57.2244345119301,-1.45461279377236,-20.5866447780141,1.46535909006955,0.999447792313293,-5 to -55 dB,3.39744697881607,12.9583333333333,-58.5262378571071,-44.0841584420267,-55.126941710561,42.1865483204147,-0.430070273320139,-15.1970133471262,1.42096356384513,0.997287296889976,-5 to -55 dB,0.449434499816918,11.7291666666667,-57.4254179606848,-42.8872890149375,-Inf,0,1.65404580509801,-13.5488416659835,1.41098879378166,0.997542805827273,-5 to -55 dB,0,11.7291666666667
90,74,full,1,1,1,1,-0.8,-60.1437987685612,-44.6540624166934,-55.6840264672716,52.0495418153739,-1.22998686070106,-14.7058317594532,1.46533227365036,0.999445485869255,-5 to -55 dB,3.62627222625275,14.2083333333333,-60.214540050487,-44.6804274132488,-55.721263003068,53.1628322163899,-1.45681013774187,-20.489901151049,1.46537021155766,0.999448144256773,-5 to -55 dB,3.74072994480792,13.0416666666667,-58.5780826234368,-44.1350486397582,-55.2722288198937,39.1457149640691,-0.313593362502146,-15.1508303312284,1.42426167980681,0.997529206033023,-5 to -55 dB,0.837324968455336,11.875,-57.5923948350969,-42.9043163729482,-Inf,0,1.46537049084655,-13.5844777082966,1.36272124921102,0.998795737094778,-5 to -55 dB,0,11.875
90,75,full,1,1,1,1,-0.75,-60.1437987685612,-44.6540624166934,-55.7583419395846,47.9760720355953,-1.22998686070106,-14.7058317594532,1.46533227365036,0.999445485869255,-5 to -55 dB,2.65979952214055,14.2083333333333,-60.2120517554841,-44.6686927617068,-55.796439761532,49.3621495209781,-1.45199799366828,-20.0249870996012,1.46536933819093,0.999448100971192,-5 to -55 dB,2.77175412491232,13.1041666666667,-58.7351614214896,-44.257092060463,-55.4421856833816,37.9993469710103,-0.407980708134894,-15.3240719973108,1.42840243982419,0.997772814685,-5 to -55 dB,0.425850741891958,12.0208333333333,-57.7371450915938,-43.0283457531843,-Inf,0,1.22747544959051,-13.6669300178792,1.43618019510994,0.997687774230496,-5 to -55 dB,0,12.0208333333333
90,76,full,1,1,1,1,-0.7,-60.1437987685612,-44.6540624166934,-55.8856990029674,46.1243458405413,-1.22998686070106,-14.7058317594532,1.46533227365036,0.999445485869255,-5 to -55 dB,2.30160158516603,14.2083333333333,-60.2088930040821,-44.6749335755566,-55.9088586812601,47.6024447199181,-1.44097123680053,-19.8360658502557,1.46537176442392,0.999448121471669,-5 to -55 dB,2.40758060904762,13.1875,-58.8184213556331,-44.2884013576878,-55.5607527036961,35.8119874965784,-0.31802293335392,-15.148484597663,1.43230759743329,0.997962573661585,-5 to -55 dB,0.634850389029338,12.1666666666667,-57.886352260917,-43.1176703851075,-Inf,0,1.11168640353389,-13.7469962020831,1.44075921071172,0.997921399830198,-5 to -55 dB,0,12.1666666666667
90,77,full,1,1,1,1,-0.65,-60.1437987685612,-44.6540624166934,-56.0291596368738,45.134416431313,-1.22998686070106,-14.7058317594532,1.46533227365036,0.999445485869255,-5 to -55 dB,2.71494724941131,14.2083333333333,-60.2048062567705,-44.6752710817891,-56.0594956486852,46.0837851547583,-1.42417491112144,-19.5240724129106,1.46535577441536,0.999447727728986,-5 to -55 dB,2.81438290583866,13.25,-58.9072605475061,-44.3495512673401,-55.704783380826,35.9854164578507,-0.310430072871928,-15.1207714728384,1.43630236112773,0.998130545602348,-5 to -55 dB,0.49513420731326,12.3125,-58.0480528018791,-43.1899379179902,-Inf,0,1.34638284359838,-13.6277441696444,1.41864828048927,0.998391845616133,-5 to -55 dB,0,12.3125
90,78,full,1,1,1,1,-0.6,-60.1437987685612,-44.6540624166934,-56.1770549436377,41.9462068403741,-1.22998686070106,-14.7058317594532,1.46533227365036,0.999445485869255,-5 to -55 dB,2.079072985024,14.2083333333333,-60.2031791564022,-44.6717451927252,-56.2143386485375,43.0727180994643,-1.40791629236041,-19.2551477073131,1.46535487249305,0.999447683064499,-5 to -55 dB,2.17262174144103,13.3333333333333,-59.0096048572914,-44.4005861191114,-55.939839139372,34.4849566955125,-0.351689120468414,-15.2695515254725,1.44041446988593,0.998297398931947,-5 to -55 dB,0.521018726893527,12.4583333333333,-58.1876680772331,-43.3241684090829,-Inf,0,1.05415326430717,-13.7740484073716,1.43976840104541,0.998214222748581,-5 to -55 dB,0,12.4583333333333
90,79,full,1,1,1,1,-0.55,-60.1437987685612,-44.6540624166934,-56.2195375208287,39.5383902717749,-1.22998686070106,-14.7058317594532,1.46533227365036,0.999445485869255,-5 to -55 dB,1.40020004867856,14.2083333333333,-60.2209096011554,-44.6848857351704,-56.2687804410308,40.9850516169729,-1.44738321406757,-19.0852000041811,1.46536531041528,0.999448101204865,-5 to -55 dB,1.50830988810349,13.4166666666667,-59.1536012118006,-44.4642486610743,-55.9801328454472,32.9101566427184,-0.491395634665397,-15.3236997431345,1.44433835732524,0.998459015972145,-5 to -55 dB,0.767311163328495,12.6041666666667,-58.3265918224942,-43.4595006896834,-Inf,0,0.886013759898953,-13.9720232000229,1.46125145914608,0.998810988632181,-5 to -55 dB,0,12.6041666666667
90,80,full,1,1,1,1,-0.5,-60.1437987685612,-44.6540624166934,-56.1875161369877,35.2194138532869,-1.22998686070106,-14.7058317594532,1.46533227365036,0.999445485869255,-5 to -55 dB,1.61145939253028,14.2083333333333,-60.2124133439997,-44.6779007326332,-56.2467904165038,36.1550262528186,-1.42421179897821,-19.2065241417568,1.46536933819093,0.999448100971192,-5 to -55 dB,1.70689980759856,13.5,-59.2241931059911,-44.4893258965721,-56.0563316676961,28.2260926478216,-0.485886864655383,-15.2839763371488,1.44777242150234,0.99860602816598,-5 to -55 dB,0.424604725743221,12.75,-58.52741040168,-43.564254306738,-Inf,0,0.495469801775222,-13.9614716186138,1.44104429774812,0.998688810368837,-5 to -55 dB,0,12.75
90,81,full,1,1,1,1,-0.45,-60.1437987685612,-44.6540624166934,-56.5588797858796,31.9297057375531,-1.22998686070106,-14.7058317594532,1.46533227365036,0.999445485869255,-5 to -55 dB,1.61944318841303,14.2083333333333,-60.2118844108292,-44.6850624509736,-56.5943503918736,33.0600942002027,-1.43506999026468,-20.1057431513356,1.46537176442392,0.999448121471669,-5 to -55 dB,1.72759308046809,13.1041666666667,-59.3275007051372,-44.5584860694206,-56.400366346073,27.9027671148225,-0.526386120933927,-15.2098972023948,1.45102045452279,0.998745926901836,-5 to -55 dB,0.398655711945155,12.8958333333333,-58.6674715014828,-43.7444113987305,-Inf,0,0.482213436972361,-14.1062975458601,1.4282519039455,0.999046450436011,-5 to -55 dB,0,12.8958333333333
90,82,full,1,1,1,1,-0.4,-60.1437987685612,-44.6540624166934,-56.8375113910638,28.2828744879559,-1.22998686070106,-14.7058317594532,1.46533227365036,0.999445485869255,-5 to -55 dB,1.15225106311378,14.2083333333333,-60.2293730096188,-44.6861339778403,-56.8650145086795,29.9990477776639,-1.47354580374991,-20.3954325701613,1.4654356381537,0.999449492048643,-5 to -55 dB,1.26921775714615,13.2083333333333,-59.3895468499489,-44.5540485379985,-56.6668059953941,22.7873889126644,-0.5046270569141,-15.1253263942965,1.4538153317192,0.99887489355578,-5 to -55 dB,0.591117239662948,13.0416666666667,-58.9607421687767,-43.9320540956233,-Inf,0,0.187418382656807,-14.1012890194798,1.44355653473993,0.999110274791368,-5 to -55 dB,0,13.0416666666667
90,83,full,1,1,1,1,-0.35,-60.1437987685612,-44.6540624166934,-56.8313206930201,23.3317307116854,-1.22998686070106,-14.7058317594532,1.46533227365036,0.999445485869255,-5 to -55 dB,1.15751797809876,14.2083333333333,-60.2386064234364,-44.6912495505502,-56.8746848296242,25.1546739385359,-1.42585865894858,-16.3798857846384,1.46545870942457,0.999450244449481,-5 to -55 dB,1.24981400840935,14.3333333333333,-59.503005287007,-44.5902217259642,-56.7716031859214,19.6709917506293,-0.612809035507464,-15.1049519408965,1.45639188922972,0.998998007424061,-5 to -55 dB,0.397049170646174,13.1875,-59.1362574262751,-44.0481833768437,-Inf,0,0.336549839323734,-14.1017171581604,1.44494723677324,0.998781710578154,-5 to -55 dB,0,13.1875
90,84,full,1,1,1,1,-0.3,-60.1437987685612,-44.6540624166934,-57.1600838339561,21.6142980507515,-1.22998686070106,-14.7058317594532,1.46533227365036,0.999445485869255,-5 to -55 dB,0.610058197931977,14.2083333333333,-60.2458968962057,-44.702441385891,-57.2347624546142,22.9398600956352,-1.44158727962275,-16.1294279728798,1.46540481913987,0.999449775808599,-5 to -55 dB,0.702835081658921,14.3541666666667,-59.5974976315059,-44.6222871147611,-57.0981779703686,19.2968423786037,-0.676786004339626,-15.2771914532571,1.45851303759556,0.99910984623217,-5 to -55 dB,0.687608616977069,13.3333333333333,-59.4286658967646,-44.175569356094,-Inf,0,-0.45621418556999,-14.0366138827923,1.46575350984694,0.99871589619043,-5 to -55 dB,0,13.3333333333333
90,85,full,1,1,1,1,-0.25,-60.1437987685612,-44.6540624166934,-57.0951129929045,20.397741874313,-1.22998686070106,-14.7058317594532,1.46533227365036,0.999445485869255,-5 to -55 dB,0.72085250075949,14.2083333333333,-60.2391885407552,-44.6885920845111,-57.1741342802908,21.7157685460074,-1.42181745055841,-16.5480633113719,1.46547465970352,0.999450331902011,-5 to -55 dB,0.80565200401644,14.1875,-59.7178946990352,-44.6333643169719,-57.131496679659,20.7312341453,-0.819501510595652,-15.3074305677171,1.4604283445377,0.999208699421295,-5 to -55 dB,0.465771167361376,13.4791666666667,-59.5202669956077,-44.1867408319407,-Inf,0,-0.595032495012543,-14.1516755231926,1.43961622696077,0.999472227125558,-5 to -55 dB,0,13.4791666666667
90,86,full,1,1,1,1,-0.2,-60.1437987685612,-44.6540624166934,-57.2362236691306,18.5062876803808,-1.22998686070106,-14.7058317594532,1.46533227365036,0.999445485869255,-5 to -55 dB,0.656235124319422,14.2083333333333,-60.2456344446866,-44.6932381885196,-57.327538732422,19.9384464748068,-1.442173157338,-16.2067553679369,1.46545120919661,0.99945017330523,-5 to -55 dB,0.746702703426381,14.2083333333333,-59.8200346052795,-44.6728976104414,-57.4035995121346,19.4602965689405,-0.929884178147749,-15.1664645341486,1.4619731057685,0.999287075430739,-5 to -55 dB,0.401510028868305,13.625,-59.611913589773,-44.3017259074132,-Inf,0,-0.59959235263886,-14.307115435172,1.4507059492111,0.99887781501493,-5 to -55 dB,0,13.625
90,87,full,1,1,1,1,-0.15,-60.1437987685612,-44.6540624166934,-57.4371656104414,16.3787574081064,-1.22998686070106,-14.7058317594532,1.46533227365036,0.999445485869255,-5 to -55 dB,0.537384705535627,14.2083333333333,-60.2422887178191,-44.6912427901188,-57.5432372092376,17.5299959962653,-1.43868768270179,-15.5408743424417,1.46547546910598,0.999450372734467,-5 to -55 dB,0.626101163225631,14.2083333333333,-59.9194186327194,-44.6679491759336,-57.7279265025231,17.3569248070633,-1.03054530313974,-15.0603609594331,1.46330253964855,0.999345440540876,-5 to -55 dB,0.263351289313207,13.7708333333333,-59.6568750213167,-44.3979051409193,-Inf,0,-0.714089348384297,-14.4397318915038,1.46436101211508,0.999268621130083,-5 to -55 dB,0,13.7708333333333
90,88,full,1,1,1,1,-0.1,-60.1437987685612,-44.6540624166934,-58.0431536069608,13.5539251574759,-1.22998686070106,-14.7058317594532,1.46533227365036,0.999445485869255,-5 to -55 dB,0.356620467304616,14.2083333333333,-60.2330985839747,-44.6953522661952,-58.13094420473,13.6583343326894,-1.44986009268093,-16.123730542902,1.4654398110638,0.999449599900648,-5 to -55 dB,0.342248333514716,13.8541666666667,-59.9437385785917,-44.6450566385434,-58.3323300232002,14.4188933654138,-0.962919518035029,-14.7628902745095,1.46392939177375,0.999384903713066,-5 to -55 dB,0.57109706859322,13.9166666666667,-59.8960082468696,-44.5342428833797,-Inf,0,-1.07299028282542,-14.4509813767043,1.4759511018309,0.999253366215818,-5 to -55 dB,0,13.9166666666667
90,89,full,1,1,1,1,-0.05,-60.1437987685612,-44.6540624166934,-58.421291672792,11.9294082744286,-1.22998686070106,-14.7058317594532,1.46533227365036,0.999445485869255,-5 to -55 dB,0.249046196362491,14.2083333333333,-60.2316205119467,-44.7009901992258,-58.5738007380221,12.1822829347816,-1.4271719953878,-15.1204700863592,1.46544727589314,0.999449771189504,-5 to -55 dB,0.282419902341218,14.3125,-60.0622535512898,-44.6896451499071,-58.8505692917633,12.3303368516472,-1.13666916233697,-15.0889763838967,1.46496941873308,0.999422786136945,-5 to -55 dB,0.260509145787429,14.0625,-60.0685906347361,-44.5536379229876,-Inf,0,-1.34794798224012,-14.5420080810094,1.4740697277705,0.999224955240912,-5 to -55 dB,0,14.0625
90,90,full,1,1,1,1,0,-60.1437987685612,-44.6540624166934,-Inf,-0.115347283891013,-1.22998686070106,-14.7058317594532,1.46533227365036,0.999445485869255,-5 to -55 dB,0,14.2083333333333,-60.1037268988844,-44.6387180652739,-86.7759010184489,2.45577625816558,-1.12680848455529,-13.5627723965466,1.4651695740403,0.999441237257666,-5 to -55 dB,0.0447595635686669,14.3541666666667,-59.9326203398345,-44.571258798261,-79.9888553026315,6.9520025265926,-0.753070198638629,-15.1246574373369,1.46502554680124,0.999433120894993,-5 to -55 dB,0.211361718943805,14.2083333333333,-60.1437987685612,-44.6540624166934,-Inf,0,-1.22998686070106,-14.7058317594532,1.46533227365036,0.999445485869255,-5 to -55 dB,0,14.2083333333333
90,91,full,1,1,1,1,0.05,-60.1437987685612,-44.6540624166934,-58.7663240029008,13.4072346247893,-1.22998686070106,-14.7058317594532,1.46533227365036,0.999445485869255,-5 to -55 dB,0.388062283435975,14.2083333333333,-60.2410968425108,-44.7114620627764,-58.9194661064588,12.9071084510929,-1.27594811546055,-15.1443499567566,1.46544120892839,0.999450078443173,-5 to -55 dB,0.364876388646208,15.0208333333333,-60.2106966457124,-44.6728725170556,-59.2743503948587,13.2723199770037,-1.29834899365641,-15.1634078869928,1.46536512918997,0.999454786070627,-5 to -55 dB,0.348320692081735,14.3541666666667,-60.2943814999468,-44.7043503781797,-Inf,0,-1.66583706411402,-14.765505354122,1.47137666134703,0.998990734632244,-5 to -55 dB,0,14.3541666666667
90,92,full,1,1,1,1,0.1,-60.1437987685612,-44.6540624166934,-58.2607600508936,14.3809561128096,-1.22998686070106,-14.7058317594532,1.46533227365036,0.999445485869255,-5 to -55 dB,0.908258869820608,14.2083333333333,-60.2419122490597,-44.6877753495916,-58.3333719045562,14.1328511509902,-1.23773238090409,-14.8588027176672,1.46547465970352,0.999450331902011,-5 to -55 dB,0.856192268556378,14.9791666666667,-60.3038127912671,-44.5936440284383,-58.6448756151711,16.8007166296141,-1.38181580275182,-15.2710469669222,1.46533682484105,0.999458234720787,-5 to -55 dB,0.690401353118116,14.5,-60.4227983750245,-44.8945139944688,-Inf,0,-1.81281790467711,-14.919868233761,1.50966375026511,0.998560507968363,-5 to -55 dB,0,14.5
90,93,full,1,1,1,1,0.15,-60.1437987685612,-44.6540624166934,-57.7936606833261,16.2892899915238,-1.22998686070106,-14.7058317594532,1.46533227365036,0.999445485869255,-5 to -55 dB,0.889384341686534,14.2083333333333,-60.2665171695654,-44.7020375044084,-57.8945268396576,16.0877242587183,-1.26509876667363,-14.8235997318915,1.46540064418329,0.999449768937632,-5 to -55 dB,0.846122112540715,15.0833333333333,-60.4776767535872,-44.649632457948,-58.3231843301188,16.4312581833189,-1.66955593404269,-15.2137304007559,1.46510895435597,0.999453141962421,-5 to -55 dB,0.681995664062196,14.6458333333333,-60.3995655661909,-44.8923775338951,-Inf,0,-1.93431247323649,-15.1178132281899,1.51042837622336,0.998951110952785,-5 to -55 dB,0,14.6458333333333
90,94,full,1,1,1,1,0.2,-60.1437987685612,-44.6540624166934,-57.7058488394859,17.9598292749138,-1.22998686070106,-14.7058317594532,1.46533227365036,0.999445485869255,-5 to -55 dB,0.909144636797041,14.2083333333333,-60.3020939241083,-44.7158121908527,-57.8347663209042,17.4188765496597,-1.38346879264753,-17.2585247430737,1.46541610517975,0.999450837393555,-5 to -55 dB,0.802820187029656,14.7708333333333,-60.5674674209652,-44.6159658731027,-57.898234456173,18.5409285958792,-1.81436354495742,-15.1161930422279,1.46457378322888,0.999440090683274,-5 to -55 dB,0.514380833439001,14.7916666666667,-60.4821036056103,-44.9795977514292,-Inf,0,-1.90036070695391,-15.1622253618126,1.50799690944652,0.99894517981104,-5 to -55 dB,0,14.7916666666667
90,95,full,1,1,1,1,0.25,-60.1437987685612,-44.6540624166934,-57.6764571119641,19.9718777332437,-1.22998686070106,-14.7058317594532,1.46533227365036,0.999445485869255,-5 to -55 dB,0.55705583385494,14.2083333333333,-60.278556303552,-44.7009893697222,-57.7651688142083,19.3848778449786,-1.32850078751135,-16.2677222075369,1.46542616073283,0.999450533703191,-5 to -55 dB,0.496732917964805,14.8958333333333,-60.6322422995232,-44.5956154423937,-57.8852117931684,20.4854614252724,-1.89992433873547,-15.0873252013704,1.4637125868377,0.999419669135263,-5 to -55 dB,0.527822448613139,14.9375,-60.5411603757837,-44.9843293602578,-Inf,0,-1.69055247316315,-15.3478726278558,1.47173858705575,0.999547415804702,-5 to -55 dB,0,14.9375
90,96,full,1,1,1,1,0.3,-60.1437987685612,-44.6540624166934,-57.6475193892507,19.820322028523,-1.22998686070106,-14.7058317594532,1.46533227365036,0.999445485869255,-5 to -55 dB,0.641171464846763,14.2083333333333,-60.2899729229477,-44.7189022548491,-57.7427221301903,19.4921001559141,-1.35744558738123,-15.887268239768,1.46542571146465,0.999450812469433,-5 to -55 dB,0.549256593852246,15,-60.6849512024493,-44.591830767625,-57.8867065653778,18.4507999287937,-1.93991346898835,-15.0540689701354,1.46250470146448,0.99939349270764,-5 to -55 dB,0.365996866126574,15.0833333333333,-60.6225392596903,-44.9002677198564,-Inf,0,-1.64878585886057,-15.421401235978,1.4782693680674,0.998565573811993,-5 to -55 dB,0,15.0833333333333
90,97,full,1,1,1,1,0.35,-60.1437987685612,-44.6540624166934,-57.7493133708353,21.4337988824241,-1.22998686070106,-14.7058317594532,1.46533227365036,0.999445485869255,-5 to -55 dB,1.21925301074593,14.2083333333333,-60.2652110365815,-44.6970773857843,-57.8178556246953,20.6791075653735,-1.2689178038948,-15.713791748431,1.46539738562427,0.999449707494106,-5 to -55 dB,1.15255251114526,15.0833333333333,-60.717081105919,-44.5484482306687,-57.9849873735349,20.0235106061965,-1.9319562676159,-15.2908005521285,1.46136782458904,0.999369883289854,-5 to -55 dB,0.725812714879902,15.2291666666667,-60.8786575510721,-45.1425040347876,-Inf,0,-1.77395416939298,-15.2776117380943,1.50949896963304,0.998916416150633,-5 to -55 dB,0,15.2291666666667
90,98,full,1,1,1,1,0.4,-60.1437987685612,-44.6540624166934,-57.7420692500066,19.7162976520437,-1.22998686070106,-14.7058317594532,1.46533227365036,0.999445485869255,-5 to -55 dB,1.47450245681212,14.2083333333333,-60.2615042972762,-44.7054265817054,-57.8052600315978,18.803528858615,-1.26934530107774,-15.1217979347442,1.46540481913986,0.999449775808599,-5 to -55 dB,1.4054694631521,15,-60.833036011722,-44.5798431318215,-58.0049577094758,17.3044923942434,-2.12971550830063,-15.1097470100161,1.46014315570659,0.999342747445188,-5 to -55 dB,0.792402628198254,15.375,-60.9686654638056,-45.149001024175,-Inf,0,-1.87646655393042,-15.3231649191822,1.50916077560463,0.997681768515787,-5 to -55 dB,0,15.375
90,99,full,1,1,1,1,0.45,-60.1437987685612,-44.6540624166934,-57.7598766578193,23.0695125797592,-1.22998686070106,-14.7058317594532,1.46533227365036,0.999445485869255,-5 to -55 dB,1.34989818781293,14.2083333333333,-60.2446167791683,-44.6962109423193,-57.8127999708161,21.4639100145071,-1.22544956463163,-14.7213042974942,1.46547465970352,0.999450331902011,-5 to -55 dB,1.29027330911286,14.9375,-60.8767943394793,-44.5394659025323,-58.0341577611514,21.6483502524341,-2.13432873786068,-15.3930638514298,1.45874478048785,0.99931588224502,-5 to -55 dB,0.628584329200537,15.5208333333333,-61.0025263658756,-45.1821978114307,-Inf,0,-2.09466128685483,-15.3988192879872,1.49020968072866,0.998946871088236,-5 to -55 dB,0,15.5208333333333
90,100,full,1,1,1,1,0.5,-60.1437987685612,-44.6540624166934,-57.5970008868349,22.2114647861599,-1.22998686070106,-14.7058317594532,1.46533227365036,0.999445485869255,-5 to -55 dB,1.05773218525316,14.2083333333333,-60.2555779855224,-44.7047007102958,-57.6630438061951,21.1410703840853,-1.25356924506782,-15.3802308667017,1.46544370808731,0.999450102120078,-5 to -55 dB,0.994774723880105,14.8958333333333,-61.0480425016412,-44.6010540298131,-58.0194312238342,20.099009635828,-2.46108387321669,-15.1424852722022,1.45741221106521,0.999283007593231,-5 to -55 dB,0.524925561147569,15.6666666666667,-61.0183243109357,-45.2709880825495,-Inf,0,-1.81638056634702,-15.4816535288506,1.46402671914901,0.999439138211046,-5 to -55 dB,0,15.6666666666667
100,1,full,1,1,1,1,-4.95,-61.0183243109357,-45.2709880825495,-46.0605721913111,278.477680346425,-1.81638056634702,-15.4816535288506,1.46402671914901,0.999439138211046,-5 to -55 dB,18.2887962102988,15.6666666666667,-61.0671982356937,-45.2757424568158,-46.0599163202526,280.39787844551,-2.31102437288731,-24.4784445746903,1.46411690489524,0.999440309766236,-5 to -55 dB,18.4762359404585,12.0833333333333,-55.9068223316912,-39.0543054475959,-45.8063370478783,198.065949450903,-1.93883251557137,-15.9487914561338,1.36527476440266,0.990909747945504,-5 to -55 dB,12.1667955435643,8.64583333333333,-46.2240927885674,-29.3581884478413,-Inf,0,7.50738373283123,0.367883094910309,0.92841481643138,0.978361273675621,-5 to -55 dB,0,8.64583333333333
100,2,full,1,1,1,1,-4.9,-61.0183243109357,-45.2709880825495,-46.1077659303016,277.915168895418,-1.81638056634702,-15.4816535288506,1.46402671914901,0.999439138211046,-5 to -55 dB,18.0717999237425,15.6666666666667,-61.0778099763234,-45.2800545007837,-46.100915451204,279.994215283901,-2.35782454017125,-24.4657140332251,1.46413521614412,0.999440509937338,-5 to -55 dB,18.2704971144535,12.0208333333333,-55.8430211576626,-38.9933522487685,-45.7960731047685,196.341433270446,-1.97293720054939,-15.9495985535858,1.36525907455289,0.99091624057951,-5 to -55 dB,11.9386144078046,8.58333333333333,-46.2710811571203,-29.3956575092356,-Inf,0,7.53127222975191,0.108461412387513,0.946439491090746,0.983837818968868,-5 to -55 dB,0,8.58333333333333
100,3,full,1,1,1,1,-4.85,-61.0183243109357,-45.2709880825495,-46.1894332063484,277.250743733191,-1.81638056634702,-15.4816535288506,1.46402671914901,0.999439138211046,-5 to -55 dB,18.2965880152616,15.6666666666667,-61.0748856224256,-45.2751332594676,-46.1892489551218,278.888317789147,-2.35774156883505,-24.4376660869825,1.46413494870937,0.999440498865481,-5 to -55 dB,18.4926874421789,11.9791666666667,-55.7761468343231,-38.9300896390597,-45.8594560145308,194.251419397079,-1.97932781988997,-15.9487329390333,1.3652235666629,0.99092137512469,-5 to -55 dB,12.1943358302387,8.52083333333333,-46.3633898560668,-29.3120204859389,-Inf,0,7.49742296735654,-0.43000341665159,0.922649664254588,0.982665627086205,-5 to -55 dB,0,8.52083333333333
100,4,full,1,1,1,1,-4.8,-61.0183243109357,-45.2709880825495,-46.0511770078273,278.005724276295,-1.81638056634702,-15.4816535288506,1.46402671914901,0.999439138211046,-5 to -55 dB,17.6724831891534,15.6666666666667,-61.1005932162379,-45.2847311851451,-46.0508849027872,280.577600340928,-2.43844526455489,-24.3819349321566,1.46415566575367,0.999440718074933,-5 to -55 dB,17.8978707670653,11.9375,-55.7193346825565,-38.8723793294554,-45.7448647639269,194.417055558897,-1.98722031997158,-15.932461515733,1.36522663261797,0.990929910886122,-5 to -55 dB,11.5703299627612,8.45833333333333,-46.2223901551396,-29.2064648108613,-Inf,0,7.46428101336516,-0.072386820901153,0.95668906546871,0.98540329961535,-5 to -55 dB,0,8.45833333333333
100,5,full,1,1,1,1,-4.75,-61.0183243109357,-45.2709880825495,-46.1443481922071,276.561068866055,-1.81638056634702,-15.4816535288506,1.46402671914901,0.999439138211046,-5 to -55 dB,18.1502630307606,15.6666666666667,-61.0878486676178,-45.2820428487209,-46.1470823740306,278.835627878464,-2.39686685466244,-24.365871814843,1.46413794533578,0.99944054315344,-5 to -55 dB,18.3603760380618,11.8958333333333,-55.6617766236712,-38.8171889059405,-45.8693376061169,192.58605844441,-1.98852850243611,-15.9228923308833,1.36520986659772,0.990937110408734,-5 to -55 dB,12.1397607849746,8.39583333333333,-46.3231588421517,-29.3447942584804,-Inf,0,7.32053682250371,-0.296551136924811,0.909333002487771,0.986386751112552,-5 to -55 dB,0,8.39583333333333
100,6,full,1,1,1,1,-4.7,-61.0183243109357,-45.2709880825495,-46.2222914797844,277.295475987982,-1.81638056634702,-15.4816535288506,1.46402671914901,0.999439138211046,-5 to -55 dB,18.6999273005763,15.6666666666667,-61.1084198464679,-45.289483166627,-46.227065601482,280.33327404961,-2.45683390932225,-24.317470250358,1.46416343903339,0.999440800537703,-5 to -55 dB,18.9316941330079,11.8541666666667,-55.6031465355065,-38.7617127208091,-45.954355973055,193.236348900824,-1.98241583521763,-15.9256074660454,1.36517776399445,0.990943275021709,-5 to -55 dB,12.6243006338254,8.35416666666667,-46.3942225149221,-29.1947183719681,-Inf,0,7.09484231567776,-0.612564455319111,0.891746149342017,0.983259253143438,-5 to -55 dB,0,8.35416666666667
100,7,full,1,1,1,1,-4.65,-61.0183243109357,-45.2709880825495,-46.3874875256615,275.391987659797,-1.81638056634702,-15.4816535288506,1.46402671914901,0.999439138211046,-5 to -55 dB,18.1456058916055,15.6666666666667,-61.1010165566195,-45.2824390750403,-46.3885741140475,278.331982473932,-2.44066736840267,-24.2982685103133,1.46416312357564,0.999440787411537,-5 to -55 dB,18.372677687047,11.8125,-55.5416987227795,-38.7064123566297,-46.0846006024355,190.505485632941,-1.97759375293888,-15.9338878199018,1.36505103087361,0.990941666053735,-5 to -55 dB,12.0433921171643,8.29166666666667,-46.5739251906582,-29.2746222063988,-Inf,0,6.99627220546337,-0.925976369294485,0.90916972260853,0.987614145022487,-5 to -55 dB,0,8.29166666666667
100,8,full,1,1,1,1,-4.6,-61.0183243109357,-45.2709880825495,-46.6027055779144,273.122069908405,-1.81638056634702,-15.4816535288506,1.46402671914901,0.999439138211046,-5 to -55 dB,17.8610179521973,15.6666666666667,-61.1124690385884,-45.2938812967281,-46.5980763299015,277.130591108173,-2.46486771706,-24.2612852436579,1.46417099326878,0.999440873825442,-5 to -55 dB,18.101027037251,11.7916666666667,-55.4953705483668,-38.6619920126737,-46.2967647194173,187.286557118092,-1.99877801684991,-15.9280410868728,1.36514235839341,0.990959020433593,-5 to -55 dB,11.7541783263267,8.25,-46.7932066041362,-29.2121360739947,-Inf,0,6.54756552097578,-1.05167843357296,0.902737973603224,0.989379537325857,-5 to -55 dB,0,8.25
100,9,full,1,1,1,1,-4.55,-61.0183243109357,-45.2709880825495,-46.6064016795313,274.403316477787,-1.81638056634702,-15.4816535288506,1.46402671914901,0.999439138211046,-5 to -55 dB,17.8994078709502,15.6666666666667,-61.0965605680028,-45.2889280791781,-46.5993569107881,277.68436762456,-2.42272968439729,-24.2529314157721,1.4641430962121,0.99944059676426,-5 to -55 dB,18.1227092458069,11.75,-55.4430169909146,-38.6132665821259,-46.2580764008228,187.892890042751,-1.99823520561033,-15.9298935100059,1.36512407308196,0.990967334499032,-5 to -55 dB,11.842815016575,8.1875,-46.8181060391979,-29.1884041787944,-Inf,0,6.70445251476121,-1.27764004142061,0.91274393070177,0.985239880335611,-5 to -55 dB,0,8.1875
100,10,full,1,1,1,1,-4.5,-61.0183243109357,-45.2709880825495,-46.657573958328,277.343958368706,-1.81638056634702,-15.4816535288506,1.46402671914901,0.999439138211046,-5 to -55 dB,17.3493449492699,15.6666666666667,-61.0934187958653,-45.2922523426292,-46.667322182848,280.449292519558,-2.41559260500813,-24.2300332773194,1.46413813870003,0.999440551153673,-5 to -55 dB,17.5746577868531,11.7291666666667,-55.405045329972,-38.5753784862057,-46.3376746089576,190.962188295091,-2.0254172121628,-15.9197972190978,1.36512925834296,0.990977822897962,-5 to -55 dB,11.2066206103399,8.14583333333333,-46.8721112500335,-29.1488370827975,-Inf,0,6.66202218213184,-1.86473761069137,0.954176804334825,0.985978426743846,-5 to -55 dB,0,8.14583333333333
100,11,full,1,1,1,1,-4.45,-61.0183243109357,-45.2709880825495,-46.672071370736,276.907645918042,-1.81638056634702,-15.4816535288506,1.46402671914901,0.999439138211046,-5 to -55 dB,17.0375889557662,15.6666666666667,-61.0762915205247,-45.2818568744154,-46.679505631772,278.345774283706,-2.37543874804032,-24.228214005265,1.46413494870938,0.999440498865481,-5 to -55 dB,17.2481615239319,11.6875,-55.3550807231567,-38.5272096294575,-46.3578321836769,189.649396040837,-2.01570204451632,-15.9235613472417,1.36511017259953,0.990986779220323,-5 to -55 dB,10.9501892250763,8.10416666666667,-46.8720960514217,-29.0861995153498,-Inf,0,6.59800391272649,-1.67360797863122,0.966326343717234,0.98553716722873,-5 to -55 dB,0,8.10416666666667
100,12,full,1,1,1,1,-4.4,-61.0183243109357,-45.2709880825495,-46.6928279997014,276.31355871455,-1.81638056634702,-15.4816535288506,1.46402671914901,0.999439138211046,-5 to -55 dB,17.406407670344,15.6666666666667,-61.0867610780341,-45.2875569074748,-46.7018442663189,278.48794357671,-2.4061306827192,-24.1940846426889,1.46413545013922,0.999440519638949,-5 to -55 dB,17.6278865256574,11.6666666666667,-55.3089865696224,-38.4897392989946,-46.3357406983032,188.563147761942,-2.00840091902987,-15.9264767130568,1.36507576287375,0.990994796189722,-5 to -55 dB,11.2747932228771,8.0625,-46.9027689043639,-29.1361672178058,-Inf,0,6.86472368985495,-2.17226884632309,0.962432838562978,0.980609608266255,-5 to -55 dB,0,8.0625
100,13,full,1,1,1,1,-4.35,-61.0183243109357,-45.2709880825495,-46.6305419652703,278.275128952239,-1.81638056634702,-15.4816535288506,1.46402671914901,0.999439138211046,-5 to -55 dB,17.7095713392611,15.6666666666667,-61.0749077247759,-45.2854429525936,-46.6285409096264,280.10936458565,-2.36380146349858,-24.1865251375311,1.46413494870937,0.999440498865481,-5 to -55 dB,17.9177705903094,11.6458333333333,-55.2639372592156,-38.4485222363745,-46.2674274607306,189.597623393459,-1.99857116343697,-15.9311002799252,1.36503648637043,0.991002893090433,-5 to -55 dB,11.613456910523,8.02083333333333,-46.8374941351623,-29.0246742858823,-Inf,0,6.33720606359897,-1.93091626864638,0.908992466557001,0.98834978025762,-5 to -55 dB,0,8.02083333333333
100,14,full,1,1,1,1,-4.3,-61.0183243109357,-45.2709880825495,-46.650804859679,276.188448467724,-1.81638056634702,-15.4816535288506,1.46402671914901,0.999439138211046,-5 to -55 dB,17.6255919947008,15.6666666666667,-61.0907438081111,-45.2882377479189,-46.6506943312794,278.744844879176,-2.40755437049471,-24.1524323863267,1.46413794533578,0.99944054315344,-5 to -55 dB,17.8529210955665,11.625,-55.2292929217295,-38.4151135836412,-46.297558904331,187.290845583693,-2.01503638491082,-15.927257659113,1.36503557844616,0.99101452363385,-5 to -55 dB,11.5260502542486,8,-46.8430550685355,-28.9934986501303,-Inf,0,6.34008615380387,-2.38802286982208,0.926659662480295,0.98472608756487,-5 to -55 dB,0,8
100,15,full,1,1,1,1,-4.25,-61.0183243109357,-45.2709880825495,-46.4464088305189,282.349240384571,-1.81638056634702,-15.4816535288506,1.46402671914901,0.999439138211046,-5 to -55 dB,17.3175791346794,15.6666666666667,-61.1156155261634,-45.294834113093,-46.4481808460453,286.046611814254,-2.47919703341329,-24.110546812768,1.46418861879963,0.9994410448784,-5 to -55 dB,17.569943902937,11.5833333333333,-55.1917535432356,-38.380756575529,-46.0983407384691,192.672815047924,-2.01403964420757,-15.9289856141835,1.36501487326341,0.991024986551879,-5 to -55 dB,11.1888348622303,7.95833333333333,-46.6288297897921,-28.7752891371434,-Inf,0,6.42752217223355,-2.20744656442677,0.955922260978906,0.983045306076388,-5 to -55 dB,0,7.95833333333333
100,16,full,1,1,1,1,-4.2,-61.0183243109357,-45.2709880825495,-46.4300482886754,280.985603524179,-1.81638056634702,-15.4816535288506,1.46402671914901,0.999439138211046,-5 to -55 dB,16.6353595340038,15.6666666666667,-61.1116828864467,-45.2925049633632,-46.4328951379584,285.095346446931,-2.47451410891586,-24.0988708875682,1.46417099326878,0.999440873825442,-5 to -55 dB,16.8874905039031,11.5625,-55.1588018836403,-38.3496076259245,-46.0936947871908,190.64624244549,-2.01804734320876,-15.9286784778813,1.36499820936447,0.991036162066571,-5 to -55 dB,10.5521592248523,7.9375,-46.5813575189225,-28.9178819870904,-Inf,0,6.58582868444044,-2.05597357946754,0.99584322594918,0.979854497901262,-5 to -55 dB,0,7.9375
100,17,full,1,1,1,1,-4.15,-61.0183243109357,-45.2709880825495,-46.2780583024696,278.534246847971,-1.81638056634702,-15.4816535288506,1.46402671914901,0.999439138211046,-5 to -55 dB,17.4674990825402,15.6666666666667,-61.1108759177842,-45.2948872590451,-46.2788588583122,282.715035397279,-2.47273070375491,-24.1067130931778,1.46417099326878,0.999440873825442,-5 to -55 dB,17.7166076467116,11.5625,-55.144299534332,-38.3345035698715,-45.9266985704696,188.89628851909,-2.06181757555853,-15.9142539275962,1.3650730948623,0.991055321298851,-5 to -55 dB,11.3457973019985,7.89583333333333,-46.4325133592359,-29.0105043586862,-Inf,0,6.48157654638603,-2.09662012904444,0.94899071036939,0.983658457513422,-5 to -55 dB,0,7.89583333333333
100,18,full,1,1,1,1,-4.1,-61.0183243109357,-45.2709880825495,-46.197046146475,281.121161870541,-1.81638056634702,-15.4816535288506,1.46402671914901,0.999439138211046,-5 to -55 dB,17.3976736800793,15.6666666666667,-61.0891491083686,-45.2889527863028,-46.1941294034581,284.290378582091,-2.41548072832209,-24.1155346773418,1.46413794533578,0.99944054315344,-5 to -55 dB,17.6261221184886,11.5416666666667,-55.1151855424558,-38.3076871010881,-45.8740842585225,191.362261355329,-2.05971211572027,-15.9155337483271,1.36503628852474,0.991065858155832,-5 to -55 dB,11.304067090535,7.875,-46.3718317377734,-28.9260026399122,-Inf,0,6.98235577523473,-2.13906267123435,0.949262808131282,0.986469621849793,-5 to -55 dB,0,7.875
100,19,full,1,1,1,1,-4.05,-61.0183243109357,-45.2709880825495,-45.9725821849969,278.744125173808,-1.81638056634702,-15.4816535288506,1.46402671914901,0.999439138211046,-5 to -55 dB,17.2733536016094,15.6666666666667,-61.0860245405513,-45.2906829984965,-45.9686295547046,281.281466997113,-2.40653109912224,-24.0856619087879,1.46413545013922,0.999440519638949,-5 to -55 dB,17.5012371426291,11.5208333333333,-55.0797672830633,-38.2777244388938,-45.6573991869155,188.636767946005,-2.03303254283734,-15.9324152894278,1.36496060308111,0.991073783663847,-5 to -55 dB,11.201145321181,7.85416666666667,-46.1252341136902,-28.834987672347,-Inf,0,7.17340949226551,-1.58464028548787,0.96862951403855,0.984632789427612,-5 to -55 dB,0,7.85416666666667
100,20,full,1,1,1,1,-4,-61.0183243109357,-45.2709880825495,-45.8816833588266,280.417105682329,-1.81638056634702,-15.4816535288506,1.46402671914901,0.999439138211046,-5 to -55 dB,17.2311424015927,15.6666666666667,-61.0694446113697,-45.2841055083626,-45.8840318319384,282.078937490522,-2.36131817369534,-24.0919928312921,1.46413464977142,0.999440486514363,-5 to -55 dB,17.4448516952261,11.5,-55.0583197827681,-38.2600998740111,-45.5176384656014,189.723046415328,-2.03453246190977,-15.931570484493,1.3649423121493,0.991086926886774,-5 to -55 dB,11.1767881204986,7.83333333333333,-46.0431525225309,-28.8048735510328,-Inf,0,7.29460133803481,-1.81121369955504,0.963029430713793,0.983251233875828,-5 to -55 dB,0,7.83333333333333
100,21,full,1,1,1,1,-3.95,-61.0183243109357,-45.2709880825495,-45.9234023315258,279.515813053693,-1.81638056634702,-15.4816535288506,1.46402671914901,0.999439138211046,-5 to -55 dB,17.9523161854656,15.6666666666667,-61.0665962191442,-45.284427888975,-45.9218436936443,280.200351198447,-2.34777905870514,-24.1072526273519,1.46411943503506,0.999440334803941,-5 to -55 dB,18.1615654507022,11.5,-55.0457261473087,-38.2510902332415,-45.5901375846193,189.254938845753,-2.05182489924306,-15.9245953428401,1.36501219771875,0.991107284279552,-5 to -55 dB,11.8851813299213,7.8125,-46.0651387819634,-28.9218007032927,-Inf,0,7.32867850752205,-1.90031816248827,0.946932830221917,0.980470509261186,-5 to -55 dB,0,7.8125
100,22,full,1,1,1,1,-3.9,-61.0183243109357,-45.2709880825495,-45.8781947652074,280.20375824759,-1.81638056634702,-15.4816535288506,1.46402671914901,0.999439138211046,-5 to -55 dB,17.7006074475455,15.6666666666667,-61.090681385415,-45.2897521789507,-45.881811074136,282.752091633634,-2.41480546734384,-24.0541190623206,1.46413794533578,0.99944054315344,-5 to -55 dB,17.9331892068739,11.4791666666667,-55.0204306255506,-38.229539965215,-45.564679802637,189.394288192114,-2.02813063464761,-15.9419647555372,1.36488539645565,0.9911133874628,-5 to -55 dB,11.6079806003077,7.79166666666667,-46.0229569769829,-28.8254484347687,-Inf,0,7.16717174364251,-1.62364703933585,0.939681203321603,0.984563244727386,-5 to -55 dB,0,7.79166666666667
100,23,full,1,1,1,1,-3.85,-61.0183243109357,-45.2709880825495,-45.8910610642591,281.598803532075,-1.81638056634702,-15.4816535288506,1.46402671914901,0.999439138211046,-5 to -55 dB,16.8820616749553,15.6666666666667,-61.1123709192113,-45.2927587050503,-45.8907982111435,285.02995337895,-2.47506309113139,-24.0474833120146,1.46417112637038,0.99944087936838,-5 to -55 dB,17.1365347973258,11.4791666666667,-55.0141170595915,-38.2289224684129,-45.5279002539135,190.744570168551,-2.0459880150722,-15.9262356667839,1.36496783588239,0.99113579929289,-5 to -55 dB,10.7822352841959,7.79166666666667,-46.0200913433622,-28.8365745768,-Inf,0,7.07975562964245,-1.48350492204433,1.02771742609428,0.975403747343197,-5 to -55 dB,0,7.79166666666667
100,24,full,1,1,1,1,-3.8,-61.0183243109357,-45.2709880825495,-46.1095589958185,280.640557141375,-1.81638056634702,-15.4816535288506,1.46402671914901,0.999439138211046,-5 to -55 dB,16.9799287025468,15.6666666666667,-61.1135858397254,-45.297393256639,-46.1139911910619,284.690916855378,-2.47844148526377,-24.0414174697812,1.46418599014234,0.999441015801341,-5 to -55 dB,17.2361708571274,11.4791666666667,-55.0058292506882,-38.2207202396362,-45.7280299114367,189.564383616714,-2.05091822962149,-15.9322197284554,1.36496733914635,0.991152947207501,-5 to -55 dB,10.9352396216364,7.77083333333333,-46.2629403579689,-28.8476650831288,-Inf,0,6.98913801494814,-1.46518117208895,0.963836064848384,0.984686468808182,-5 to -55 dB,0,7.77083333333333
100,25,full,1,1,1,1,-3.75,-61.0183243109357,-45.2709880825495,-46.4773625396985,280.311451108382,-1.81638056634702,-15.4816535288506,1.46402671914901,0.999439138211046,-5 to -55 dB,17.1966693890183,15.6666666666667,-61.1110797490109,-45.2980637561435,-46.4834174591971,284.610135247375,-2.47540715109559,-24.0191024825085,1.46417099326878,0.999440873825442,-5 to -55 dB,17.4498838546575,11.4583333333333,-54.99517846266,-38.2101589186133,-46.0470348601633,188.89551736,-2.04174020358106,-15.9353891332255,1.36489867151846,0.991165193348727,-5 to -55 dB,11.1233562779708,7.77083333333333,-46.6555166572431,-29.0255380230743,-Inf,0,6.47257168530385,-1.87779134019521,0.943160191053424,0.984657936765223,-5 to -55 dB,0,7.77083333333333
100,26,full,1,1,1,1,-3.7,-61.0183243109357,-45.2709880825495,-46.9061121203733,273.826941154417,-1.81638056634702,-15.4816535288506,1.46402671914901,0.999439138211046,-5 to -55 dB,16.4024834090172,15.6666666666667,-61.098270921463,-45.2920688018214,-46.9117122415177,277.845062685893,-2.44001856858461,-24.0298811526906,1.46415070292876,0.99944067223881,-5 to -55 dB,16.6426736794738,11.4583333333333,-54.9903248813545,-38.2093394288438,-46.5131952563866,182.358681040992,-2.03972244904308,-15.9357081685107,1.36487848424038,0.991182277041012,-5 to -55 dB,10.2902690343242,7.77083333333333,-47.1045155685638,-31.032943332383,-Inf,0,5.74039455177005,-1.96100381177933,0.972697019223046,0.988100345066493,-5 to -55 dB,0,7.77083333333333
100,27,full,1,1,1,1,-3.65,-61.0183243109357,-45.2709880825495,-46.8855002770849,271.916629222078,-1.81638056634702,-15.4816535288506,1.46402671914901,0.999439138211046,-5 to -55 dB,16.5129899474323,15.6666666666667,-61.1112642221867,-45.2978251818671,-46.8874703790027,276.414890442515,-2.47592469902933,-24.0161425515736,1.46417099326878,0.999440873825442,-5 to -55 dB,16.7664860344193,11.4583333333333,-54.9861197610232,-38.2113334223512,-46.4696293558931,180.530318931963,-2.03142699902109,-15.9384666217953,1.364853699489,0.991199891374045,-5 to -55 dB,10.4198254573175,7.77083333333333,-47.0548683333744,-29.259609340957,-Inf,0,5.53445029768267,-1.93340623011537,0.96960789437445,0.983335643205871,-5 to -55 dB,0,7.77083333333333
100,28,full,1,1,1,1,-3.6,-61.0183243109357,-45.2709880825495,-46.7933001821178,273.371520033634,-1.81638056634702,-15.4816535288506,1.46402671914901,0.999439138211046,-5 to -55 dB,16.8536116115911,15.6666666666667,-61.0977485991094,-45.2911564440206,-46.7975762013951,277.05747264253,-2.43857918074174,-24.0304055400642,1.46414574495123,0.999440626609645,-5 to -55 dB,17.092436779491,11.4583333333333,-54.9864754483184,-38.2169669039181,-46.4125482244376,182.16140655325,-2.0270267841642,-15.9396556924177,1.36483315483877,0.991218650879441,-5 to -55 dB,10.7060938578594,7.77083333333333,-46.9628225980247,-29.2365354997164,-Inf,0,5.44202069796151,-2.51590708804813,0.954934820764532,0.985751079815796,-5 to -55 dB,0,7.77083333333333
100,29,full,1,1,1,1,-3.55,-61.0183243109357,-45.2709880825495,-46.9268095396543,271.813639009027,-1.81638056634702,-15.4816535288506,1.46402671914901,0.999439138211046,-5 to -55 dB,16.4599396161143,15.6666666666667,-61.0950238751367,-45.2922676789104,-46.9259285765963,275.916095602548,-2.43107065952201,-24.0352218774779,1.4641430962121,0.99944059676426,-5 to -55 dB,16.6973518657036,11.4583333333333,-54.9914667318175,-38.2260127702289,-46.5051577293453,180.91273323222,-2.02671414388042,-15.939195454511,1.36481251378005,0.991238332246228,-5 to -55 dB,10.352653238232,7.77083333333333,-47.0848876275863,-29.4092519554927,-Inf,0,5.43542009447104,-2.19967961290307,0.975737833989945,0.983642558543494,-5 to -55 dB,0,7.77083333333333
100,30,full,1,1,1,1,-3.5,-61.0183243109357,-45.2709880825495,-46.9428969937019,275.951349081601,-1.81638056634702,-15.4816535288506,1.46402671914901,0.999439138211046,-5 to -55 dB,16.5790342026274,15.6666666666667,-61.0955889162851,-45.2940274113971,-46.9467310490536,279.843562578864,-2.42874070730608,-24.0594852128176,1.4641430962121,0.99944059676426,-5 to -55 dB,16.8159069709636,11.4791666666667,-55.0057399453469,-38.24531355704,-46.5451293885381,185.391902357662,-2.04260364503259,-15.9323113123065,1.36482990172417,0.991262062271657,-5 to -55 dB,10.4596929203617,7.77083333333333,-47.1163605437242,-29.2702670433713,-Inf,0,5.13035129221784,-3.31743847336493,0.974673504096146,0.984766639671696,-5 to -55 dB,0,7.77083333333333
100,31,full,1,1,1,1,-3.45,-61.0183243109357,-45.2709880825495,-46.9994328074641,275.6200050967,-1.81638056634702,-15.4816535288506,1.46402671914901,0.999439138211046,-5 to -55 dB,16.1457125161838,15.6666666666667,-61.0891733879111,-45.2921408580882,-47.0038794501944,279.15632213272,-2.41109905646059,-24.0707719456529,1.46413794533578,0.99944054315344,-5 to -55 dB,16.3760723518226,11.4791666666667,-55.0164241877826,-38.2602508065318,-46.5464606066339,185.288996575935,-2.04119605473976,-15.9238695773717,1.36480490472399,0.991283492341388,-5 to -55 dB,10.0474987651972,7.79166666666667,-47.1624049065853,-31.066249255296,-Inf,0,5.32154899485891,-3.33030915661805,0.989326882505916,0.986110217395262,-5 to -55 dB,0,7.79166666666667
100,32,full,1,1,1,1,-3.4,-61.0183243109357,-45.2709880825495,-47.067533213383,276.442629992537,-1.81638056634702,-15.4816535288506,1.46402671914901,0.999439138211046,-5 to -55 dB,16.1582108036849,15.6666666666667,-61.0963605353312,-45.2962027934874,-47.067281603171,280.316123407636,-2.43041747550733,-24.0484175686302,1.46414557406794,0.999440619530307,-5 to -55 dB,16.3970363665719,11.4791666666667,-55.0239118079687,-38.2707099093636,-46.6466648161817,185.760065220732,-2.02366273229985,-15.938394916981,1.364750785029,0.991303557714502,-5 to -55 dB,10.0430714425067,7.79166666666667,-47.234874075978,-29.3848129066955,-Inf,0,5.31639780761628,-3.34058691919393,1.04193463302831,0.973916010042331,-5 to -55 dB,0,7.79166666666667
100,33,full,1,1,1,1,-3.35,-61.0183243109357,-45.2709880825495,-46.8248559643825,277.248766531572,-1.81638056634702,-15.4816535288506,1.46402671914901,0.999439138211046,-5 to -55 dB,16.1246455685952,15.6666666666667,-61.1102387114505,-45.2983147091274,-46.8336361407771,281.418595508533,-2.46749309669863,-24.0634397714681,1.46416852005226,0.999440851260776,-5 to -55 dB,16.3768508983576,11.5,-55.0453105125428,-38.299663999639,-46.374219764998,187.374881502479,-2.03438874565764,-15.9250216002107,1.36473490502739,0.991327886938141,-5 to -55 dB,10.0172135334617,7.8125,-47.0008925925064,-29.1447226703639,-Inf,0,5.95943850659576,-2.73687340738665,1.03277896789218,0.979202048896331,-5 to -55 dB,0,7.8125
100,34,full,1,1,1,1,-3.3,-61.0183243109357,-45.2709880825495,-46.7877528066381,277.184792285396,-1.81638056634702,-15.4816535288506,1.46402671914901,0.999439138211046,-5 to -55 dB,16.6967524485264,15.6666666666667,-61.0999207748339,-45.2948642350451,-46.7895996651058,281.280936375672,-2.4448576902168,-24.0613974635969,1.46415566575367,0.999440718074933,-5 to -55 dB,16.9380126634348,11.5,-55.0635961839394,-38.3173599593758,-46.3315521909944,187.333731504389,-2.02904849255138,-15.9261593573443,1.36471083405546,0.991352943462935,-5 to -55 dB,10.6322032979449,7.83333333333333,-46.9577857423135,-29.1713181838958,-Inf,0,6.31049455090869,-1.86058535309475,0.990847689274464,0.982957507491587,-5 to -55 dB,0,7.83333333333333
100,35,full,1,1,1,1,-3.25,-61.0183243109357,-45.2709880825495,-46.350111012215,279.656800599991,-1.81638056634702,-15.4816535288506,1.46402671914901,0.999439138211046,-5 to -55 dB,16.6704674616765,15.6666666666667,-61.0914039234319,-45.2923436861902,-46.358187403253,283.092188396208,-2.42130014512218,-24.0802615154109,1.46413813870003,0.999440551153673,-5 to -55 dB,16.9038172024558,11.5208333333333,-55.0832767117919,-38.3436996939047,-45.9190876096284,190.454893408047,-2.02007628640232,-15.9288162881652,1.36469163343406,0.991379667394138,-5 to -55 dB,10.6312011733928,7.85416666666667,-46.5328122122073,-29.0537641454985,-Inf,0,7.01897326224007,-0.955698727354267,1.01116146779229,0.981515009560781,-5 to -55 dB,0,7.85416666666667
100,36,full,1,1,1,1,-3.2,-61.0183243109357,-45.2709880825495,-46.1083222869321,284.404105925251,-1.81638056634702,-15.4816535288506,1.46402671914901,0.999439138211046,-5 to -55 dB,16.4910897423756,15.6666666666667,-61.0970702958651,-45.2944343927082,-46.1157597751489,287.881718292366,-2.43726870412832,-24.1075827547558,1.46414326894603,0.999440603922697,-5 to -55 dB,16.7291623112721,11.5416666666667,-55.110358241618,-38.3817838201878,-45.7148933839582,196.760766176964,-2.02212727344411,-15.9204846164398,1.36467319221843,0.991407879240235,-5 to -55 dB,10.5174919765053,7.875,-46.2652652829083,-28.9301515158191,-Inf,0,7.66837955163633,0.0770639027437842,1.01744831114569,0.985280219489,-5 to -55 dB,0,7.875
100,37,full,1,1,1,1,-3.15,-61.0183243109357,-45.2709880825495,-45.4249368001873,290.992426689479,-1.81638056634702,-15.4816535288506,1.46402671914901,0.999439138211046,-5 to -55 dB,17.2623717936905,15.6666666666667,-61.0906216553358,-45.2918497514526,-45.4288625065713,294.355687397027,-2.41686888522081,-24.127045848256,1.46413794533578,0.99944054315344,-5 to -55 dB,17.4937109482686,11.5625,-55.1346233546792,-38.4127356484487,-45.100036417135,203.889368884423,-2.00876058924758,-15.9241777253737,1.36463693563397,0.991436178135403,-5 to -55 dB,11.2682246095758,7.89583333333333,-45.5567600280073,-28.4793276532638,-Inf,0,8.42995476482801,1.56664458363208,1.02204054782035,0.981093637676946,-5 to -55 dB,0,7.89583333333333
100,38,full,1,1,1,1,-3.1,-61.0183243109357,-45.2709880825495,-45.2528875161847,290.609487600031,-1.81638056634702,-15.4816535288506,1.46402671914901,0.999439138211046,-5 to -55 dB,16.9339250974517,15.6666666666667,-61.1004546952049,-45.2980985874599,-45.2605868885471,294.54179352918,-2.44348294297151,-24.1101427162477,1.46416312357564,0.999440787411537,-5 to -55 dB,17.176472026883,11.5625,-55.1668721316803,-38.4434813204743,-44.9596230059992,204.134348813227,-2.00816329748984,-15.9204019613351,1.36462498175482,0.991467996937985,-5 to -55 dB,10.9765158463711,7.9375,-45.3824317732544,-28.4616946449513,-Inf,0,9.05965027364847,1.98969553863428,1.07431260358165,0.973098290379852,-5 to -55 dB,0,7.9375
100,39,full,1,1,1,1,-3.05,-61.0183243109357,-45.2709880825495,-45.0301257600246,296.66110405503,-1.81638056634702,-15.4816535288506,1.46402671914901,0.999439138211046,-5 to -55 dB,17.3795968288101,15.6666666666667,-61.0973808413433,-45.2971944689725,-45.0392700990081,300.199974138927,-2.42883915917996,-24.1288521177377,1.46414326894603,0.999440603922697,-5 to -55 dB,17.617874603872,11.5833333333333,-55.199002739045,-38.4816676976537,-44.7609292829088,210.646794414349,-1.99899127007065,-15.9215511663158,1.36461031192958,0.991501391140362,-5 to -55 dB,11.4856738950003,7.95833333333333,-45.128424921096,-28.2593958019364,-Inf,0,9.42613470825459,2.15277278087345,1.05201444400872,0.975099996582624,-5 to -55 dB,0,7.95833333333333
100,40,full,1,1,1,1,-3,-61.0183243109357,-45.2709880825495,-45.9136425975794,287.532458145211,-1.81638056634702,-15.4816535288506,1.46402671914901,0.999439138211046,-5 to -55 dB,16.4569160253099,15.6666666666667,-61.1049502799966,-45.2971299097602,-45.9202780612024,291.405298390121,-2.44663293856921,-24.1381712183552,1.46416328996945,0.999440794337407,-5 to -55 dB,16.70080945925,11.625,-55.2336541998646,-38.5252135691593,-45.5970509527817,201.455566190647,-1.98910116427977,-15.9227849228682,1.36459751794935,0.991536788517954,-5 to -55 dB,10.5112094171975,8,-46.0673558903725,-28.9472888863003,-Inf,0,8.73567976443444,1.50827651374416,1.09804133292762,0.972718378139285,-5 to -55 dB,0,8
100,41,full,1,1,1,1,-2.95,-61.0183243109357,-45.2709880825495,-46.471724360369,273.839390157291,-1.81638056634702,-15.4816535288506,1.46402671914901,0.999439138211046,-5 to -55 dB,15.5837198198948,15.6666666666667,-61.1056195805028,-45.2977851853508,-46.474404253021,278.015942600339,-2.44802026353239,-24.1556957390345,1.46416328996945,0.999440794337407,-5 to -55 dB,15.8284457738901,11.6458333333333,-55.2710230545359,-38.570002983952,-46.1118240749963,188.778205413548,-1.97615191650229,-15.9238334998632,1.36458699993221,0.991574350026899,-5 to -55 dB,9.62868104794898,8.02083333333333,-46.6189285436852,-29.6383084480836,-Inf,0,8.25892177253554,0.806926150634619,1.12207559076676,0.974565614376463,-5 to -55 dB,0,8.02083333333333
100,42,full,1,1,1,1,-2.9,-61.0183243109357,-45.2709880825495,-46.9377835348624,266.646285448262,-1.81638056634702,-15.4816535288506,1.46402671914901,0.999439138211046,-5 to -55 dB,15.2419570527827,15.6666666666667,-61.0969422295579,-45.2955453287809,-46.9414462116804,270.743346331373,-2.43410775756391,-24.1838646851066,1.46414326894603,0.999440603922697,-5 to -55 dB,15.4766451795715,11.6666666666667,-55.3138893663913,-38.6200341024992,-46.5331289985659,182.171805202612,-1.97685287174759,-15.9214485884206,1.3645792231276,0.991614252374313,-5 to -55 dB,9.26565389636933,8.0625,-47.0929219115471,-30.1244190494027,-Inf,0,7.69986899037575,0.207043919504775,1.11808095717353,0.980294555151356,-5 to -55 dB,0,8.0625
100,43,full,1,1,1,1,-2.85,-61.0183243109357,-45.2709880825495,-47.4603241490772,260.899152192597,-1.81638056634702,-15.4816535288506,1.46402671914901,0.999439138211046,-5 to -55 dB,13.3865984728756,15.6666666666667,-61.0941142428102,-45.295578027084,-47.4527685512788,264.717407011012,-2.42426310798388,-24.210323822806,1.46413813870003,0.999440551153673,-5 to -55 dB,13.6191101336424,11.6875,-55.3553661286068,-38.6677966534024,-47.0449359235474,176.987578303294,-1.96866511780514,-15.9232686451879,1.36456035227915,0.991655481411772,-5 to -55 dB,7.44567026552345,8.10416666666667,-47.6166177898682,-30.6309088381136,-Inf,0,7.10898622019825,-0.543992993559318,1.27897644717842,0.965046601912372,-5 to -55 dB,0,8.10416666666667
100,44,full,1,1,1,1,-2.8,-61.0183243109357,-45.2709880825495,-47.8660283170458,258.295796549445,-1.81638056634702,-15.4816535288506,1.46402671914901,0.999439138211046,-5 to -55 dB,13.5761959961947,15.6666666666667,-61.087098399773,-45.2932697442081,-47.8699860193397,261.768851774765,-2.39825824647582,-24.236377519865,1.46413794533578,0.99944054315344,-5 to -55 dB,13.799423981532,11.7291666666667,-55.4052135819181,-38.7257322054549,-47.3369973951595,175.245996612982,-1.97483209157723,-15.9196246619945,1.36457415430388,0.991701875137339,-5 to -55 dB,7.59276574051036,8.14583333333333,-48.0477514031787,-30.8938097783615,-Inf,0,7.11296893029041,-1.26178709172726,1.20607721043593,0.975518832335163,-5 to -55 dB,0,8.14583333333333
100,45,full,1,1,1,1,-2.75,-61.0183243109357,-45.2709880825495,-47.6828740013518,256.85313348725,-1.81638056634702,-15.4816535288506,1.46402671914901,0.999439138211046,-5 to -55 dB,13.9207551617497,15.6666666666667,-61.0875541652961,-45.2937849566666,-47.6809494927789,260.410473067852,-2.39801928309562,-24.2619716098869,1.46413545013922,0.999440519638949,-5 to -55 dB,14.1434800970243,11.75,-55.4469755299138,-38.7753511312434,-47.2310950626744,174.281798576294,-1.95389951677919,-15.9258338716077,1.36446394458985,0.991740496701755,-5 to -55 dB,7.93280332222695,8.1875,-47.8735033009655,-30.9711121105729,-Inf,0,7.12317190200417,-0.484844678530937,1.18871941497955,0.97659634865075,-5 to -55 dB,0,8.1875
100,46,full,1,1,1,1,-2.7,-61.0183243109357,-45.2709880825495,-48.0056144015359,250.862884981129,-1.81638056634702,-15.4816535288506,1.46402671914901,0.999439138211046,-5 to -55 dB,12.8245385735739,15.6666666666667,-61.0925802799205,-45.2928254014823,-48.0116678995734,254.141619914977,-2.41008313006169,-24.2812483866422,1.46413813870003,0.999440551153673,-5 to -55 dB,13.0515121566362,11.7916666666667,-55.4938386030122,-38.8328463150004,-47.5212477109337,169.064099921095,-1.93620124177719,-15.9296121487838,1.36445564931189,0.991790487552889,-5 to -55 dB,6.86849532111761,8.25,-48.2114890734133,-33.0123715470171,-Inf,0,6.72699991157196,-0.279480597486781,1.26839331472933,0.971084614033523,-5 to -55 dB,0,8.25
100,47,full,1,1,1,1,-2.65,-61.0183243109357,-45.2709880825495,-48.3922727241349,248.530138367741,-1.81638056634702,-15.4816535288506,1.46402671914901,0.999439138211046,-5 to -55 dB,12.192038488422,15.6666666666667,-61.1043312941827,-45.2960369359081,-48.408625355396,252.172347367247,-2.449808355141,-24.2949414477009,1.46416328996945,0.999440794337407,-5 to -55 dB,12.4293533330431,11.8125,-55.5472411689569,-38.8934107240039,-47.8242671471681,167.740703029757,-1.9290184549429,-15.9282039256869,1.36449039560559,0.99184694554137,-5 to -55 dB,6.25384117995267,8.29166666666667,-48.6251380530231,-33.2561726614979,-Inf,0,6.69346911851393,-0.44612427724198,1.28255281320221,0.97831744986726,-5 to -55 dB,0,8.29166666666667
100,48,full,1,1,1,1,-2.6,-61.0183243109357,-45.2709880825495,-49.0873749823348,248.903303965585,-1.81638056634702,-15.4816535288506,1.46402671914901,0.999439138211046,-5 to -55 dB,11.1982439717317,15.6666666666667,-61.1067496540852,-45.294593143801,-49.0931313261854,252.759123882135,-2.4522217838964,-24.3191466219891,1.46416328996945,0.999440794337407,-5 to -55 dB,11.4366885476875,11.8541666666667,-55.6048915331554,-38.9588011996141,-48.4393633836493,169.337959987557,-1.92030651240286,-15.9238178695545,1.36451464672855,0.991905777405066,-5 to -55 dB,5.32282959939591,8.35416666666667,-49.3599252318923,-33.4534199243125,-Inf,0,6.11563174600318,-0.61695553013677,1.3236564935218,0.975951890167171,-5 to -55 dB,0,8.35416666666667
100,49,full,1,1,1,1,-2.55,-61.0183243109357,-45.2709880825495,-49.6142869324222,221.56191565758,-1.81638056634702,-15.4816535288506,1.46402671914901,0.999439138211046,-5 to -55 dB,11.9544508765251,15.6666666666667,-61.1110955627113,-45.2973986442097,-49.6267280184161,225.801406684474,-2.46081979983736,-24.3425396205604,1.46416852005226,0.999440851260776,-5 to -55 dB,12.1954347546439,11.8958333333333,-55.6640294999431,-39.0273152494008,-48.9141508305727,144.403724150849,-1.92338786133769,-15.9205818358873,1.36464669976178,0.991976953151412,-5 to -55 dB,6.03277832829363,8.39583333333333,-49.9002956025465,-34.3035960763851,-Inf,0,6.65078892423493,-2.51536295764757,1.26363493985831,0.981890427175989,-5 to -55 dB,0,8.39583333333333
100,50,full,1,1,1,1,-2.5,-61.0183243109357,-45.2709880825495,-49.974253050071,201.557079054861,-1.81638056634702,-15.4816535288506,1.46402671914901,0.999439138211046,-5 to -55 dB,11.2830591075033,15.6666666666667,-61.0975367350219,-45.2859525190487,-49.975651242243,205.374530732658,-2.43003016242495,-24.3850025531077,1.46414326894603,0.999440603922697,-5 to -55 dB,11.509484835183,11.9375,-55.7206691695791,-39.0984755691738,-49.2969243365027,126.644266278231,-1.91497806411069,-15.9310929771803,1.3646202613498,0.992038697302425,-5 to -55 dB,5.3594110378035,8.45833333333333,-50.3035042467684,-35.3552143198746,-Inf,0,5.970053950782,-3.30559076949527,1.27345117179554,0.985822709704801,-5 to -55 dB,0,8.45833333333333
100,51,full,1,1,1,1,-2.45,-61.0183243109357,-45.2709880825495,-49.7990201841674,225.273968336191,-1.81638056634702,-15.4816535288506,1.46402671914901,0.999439138211046,-5 to -55 dB,11.5944164132761,15.6666666666667,-61.0899894758325,-45.286197120396,-49.8053052884389,228.986028774024,-2.39898680710124,-24.4225077733686,1.46413794533578,0.99944054315344,-5 to -55 dB,11.8109307105645,11.9791666666667,-55.7722244481451,-39.1142615439393,-49.1075704191565,148.525249058226,-1.8889821746143,-15.9527549749052,1.36459316483319,0.992104380289837,-5 to -55 dB,5.73350199896466,8.52083333333333,-50.1404187913133,-34.8334106056945,-Inf,0,6.83562842731036,-0.416202418910763,1.27958096038419,0.983665545219747,-5 to -55 dB,0,8.52083333333333
100,52,full,1,1,1,1,-2.4,-61.0183243109357,-45.2709880825495,-50.7998718620431,183.289456739426,-1.81638056634702,-15.4816535288506,1.46402671914901,0.999439138211046,-5 to -55 dB,10.717694183647,15.6666666666667,-61.0924081659784,-45.2907335508221,-50.7997006026513,186.947733004466,-2.39768521420114,-24.4510635485509,1.46413813870003,0.999440551153673,-5 to -55 dB,10.9356241164358,12.0208333333333,-55.9220665698138,-39.3792312789752,-49.9763781146272,115.891067319847,-1.82211050530098,-15.9495851073175,1.36471066001752,0.992186153418032,-5 to -55 dB,4.81973836881911,8.66666666666667,-51.2342364879576,-36.4507652969588,-Inf,0,5.89525038722976,-1.62330331474791,1.27730714142387,0.988871175743639,-5 to -55 dB,0,8.66666666666667
100,53,full,1,1,1,1,-2.35,-61.0183243109357,-45.2709880825495,-51.3964562401769,158.719337427259,-1.81638056634702,-15.4816535288506,1.46402671914901,0.999439138211046,-5 to -55 dB,9.89515078130806,15.6666666666667,-61.0869200365804,-45.2869778557884,-51.4045060438349,161.796635968444,-2.36456621296569,-24.4586522895508,1.46413545013923,0.999440519638949,-5 to -55 dB,10.1039889164979,12.0833333333333,-56.0494718542623,-39.5305335313325,-50.4822671099596,92.8109612349673,-1.69002499000233,-15.9669170666752,1.36465811485963,0.992258613109505,-5 to -55 dB,3.98466586603583,8.8125,-51.9462596950547,-37.3476320750052,-Inf,0,5.38184717145857,-3.55137474335155,1.2873051706024,0.990636172685613,-5 to -55 dB,0,8.8125
100,54,full,1,1,1,1,-2.3,-61.0183243109357,-45.2709880825495,-52.2377487705968,145.78872566647,-1.81638056634702,-15.4816535288506,1.46402671914901,0.999439138211046,-5 to -55 dB,8.446128984983,15.6666666666667,-61.0934690323559,-45.2871500463418,-52.239455987441,148.679714034592,-2.38769214747467,-24.4851074992359,1.46413813870003,0.999440551153673,-5 to -55 dB,8.66095246565724,12.125,-56.1951509812213,-39.6909694325775,-51.2187594372383,82.6465268316489,-1.61952338830586,-15.9630897624437,1.36477992506201,0.992350110082572,-5 to -55 dB,2.60268703266755,8.95833333333333,-52.8791023318691,-38.114699935458,-Inf,0,4.74318633629646,-3.85805240746765,1.36264099815651,0.988745060299235,-5 to -55 dB,0,8.95833333333333
100,55,full,1,1,1,1,-2.25,-61.0183243109357,-45.2709880825495,-52.9158609807341,137.641429726758,-1.81638056634702,-15.4816535288506,1.46402671914901,0.999439138211046,-5 to -55 dB,8.59752936968443,15.6666666666667,-61.0903391725021,-45.284036819373,-52.9152583819263,140.811361691027,-2.38657882531505,-24.5787312451975,1.46413794533578,0.99944054315344,-5 to -55 dB,8.80928764569536,12.0416666666667,-56.316841004676,-39.8359995039103,-51.7120885507234,76.674306918162,-1.55972937815757,-15.9815143113831,1.36490510040772,0.992447059281535,-5 to -55 dB,2.65858757443315,9.10416666666667,-53.6790707721516,-38.4026063850236,-Inf,0,3.76404709299871,-7.28909036015987,1.31688893110746,0.991667501120392,-5 to -55 dB,0,9.10416666666667
100,56,full,1,1,1,1,-2.2,-61.0183243109357,-45.2709880825495,-53.1142221645255,135.83738914585,-1.81638056634702,-15.4816535288506,1.46402671914901,0.999439138211046,-5 to -55 dB,7.59462716394555,15.6666666666667,-61.0941579520127,-45.2870466207772,-53.1233487336526,139.305537241061,-2.38903762069088,-24.6099085494601,1.46413813870003,0.999440551153673,-5 to -55 dB,7.81045008103519,12.0833333333333,-56.4664962118079,-39.9985807791199,-52.0564827559165,78.4487180151588,-1.509428076491,-15.9689974556518,1.36512821606114,0.992557461225263,-5 to -55 dB,1.80354206493092,9.25,-53.8608478535953,-38.4695162353883,-Inf,0,3.72873953239585,-8.12576284826843,1.38237581146695,0.99201444604832,-5 to -55 dB,0,9.25
100,57,full,1,1,1,1,-2.15,-61.0183243109357,-45.2709880825495,-53.1786915954469,143.328862634948,-1.81638056634702,-15.4816535288506,1.46402671914901,0.999439138211046,-5 to -55 dB,7.82551220108592,15.6666666666667,-61.102860852996,-45.2886173119982,-53.1920261189973,147.369761217933,-2.40845090049927,-24.6371150973975,1.46416312357564,0.999440787411537,-5 to -55 dB,8.0469410929028,12.1458333333333,-56.6025002155022,-40.1491537208616,-52.0848505437547,87.8149993507943,-1.482164238913,-15.9682780693108,1.36536660005942,0.992674964658016,-5 to -55 dB,2.02561612558002,9.39583333333333,-53.9588715726988,-38.3974400234749,-Inf,0,3.94868608191199,-9.20829537461765,1.33224179896092,0.99567687003344,-5 to -55 dB,0,9.39583333333333
100,58,full,1,1,1,1,-2.1,-61.0183243109357,-45.2709880825495,-53.1867181178008,145.107090260639,-1.81638056634702,-15.4816535288506,1.46402671914901,0.999439138211046,-5 to -55 dB,7.62870287952888,15.6666666666667,-61.1056135700764,-45.2913804810766,-53.1893697767664,149.134486653633,-2.41464449724119,-24.6711970266722,1.46416328996945,0.999440794337407,-5 to -55 dB,7.85143516221447,12.1875,-56.7430012258446,-40.3066083405999,-52.1422132104915,91.0875807488154,-1.42192295214631,-15.9608166800254,1.36578633905187,0.99281329950235,-5 to -55 dB,1.90248073955256,9.54166666666667,-53.9999515223045,-38.382623345732,-Inf,0,3.98605864487247,-9.3091060021918,1.34450711490059,0.995633361609706,-5 to -55 dB,0,9.54166666666667
100,59,full,1,1,1,1,-2.05,-61.0183243109357,-45.2709880825495,-53.2483533212375,146.681037750499,-1.81638056634702,-15.4816535288506,1.46402671914901,0.999439138211046,-5 to -55 dB,8.02539452064829,15.6666666666667,-61.1100322190847,-45.2940060945219,-53.2621269209585,151.087482450542,-2.41595593629875,-24.7044863814846,1.46416343903338,0.999440800537703,-5 to -55 dB,8.2487400125194,12.25,-56.8935459340152,-40.4607718111422,-52.3377887437169,95.0942668315956,-1.446369607875,-15.9409891399683,1.36645848017349,0.992978082591414,-5 to -55 dB,2.269340602801,9.6875,-54.0989074431467,-38.3997423809909,-Inf,0,3.93392551371703,-9.4246217601667,1.32777203610135,0.993634950554079,-5 to -55 dB,0,9.6875
100,60,full,1,1,1,1,-2,-61.0183243109357,-45.2709880825495,-53.5079972222036,137.467366845552,-1.81638056634702,-15.4816535288506,1.46402671914901,0.999439138211046,-5 to -55 dB,7.37998631374095,15.6666666666667,-61.10713116604,-45.2912899589312,-53.52884014443,141.347706573283,-2.40553202951292,-24.6506853859152,1.46416328996945,0.999440794337407,-5 to -55 dB,7.59900421420165,12.2916666666667,-57.019064748505,-40.6176198361022,-52.5978315328619,88.7625817461862,-1.40658256198798,-15.9448183720043,1.36684669373125,0.993126536411378,-5 to -55 dB,1.72134814998453,9.83333333333333,-54.3723991933243,-38.723922761514,-Inf,0,3.44956572382848,-9.84362463095,1.33558239399523,0.99666133565744,-5 to -55 dB,0,9.83333333333333
100,61,full,1,1,1,1,-1.95,-61.0183243109357,-45.2709880825495,-53.9277926133962,126.686667908112,-1.81638056634702,-15.4816535288506,1.46402671914901,0.999439138211046,-5 to -55 dB,7.44195854995286,15.6666666666667,-61.1079573020617,-45.294888453599,-53.93497579845,130.530440648341,-2.38352366404809,-24.6893012412813,1.46416328996945,0.999440794337407,-5 to -55 dB,7.65802410173348,12.3541666666667,-57.1250395315446,-40.7610330411393,-52.8735968537909,79.4603954131051,-1.33197203069825,-15.9667412239706,1.3672045777155,0.993280452159756,-5 to -55 dB,1.73916021355002,9.97916666666667,-54.8060483976383,-39.1645015023508,-Inf,0,3.26554757288495,-10.0228816955391,1.32635782067436,0.995839865131743,-5 to -55 dB,0,9.97916666666667
100,62,full,1,1,1,1,-1.9,-61.0183243109357,-45.2709880825495,-54.1619797060957,118.404759865255,-1.81638056634702,-15.4816535288506,1.46402671914901,0.999439138211046,-5 to -55 dB,6.71441387735081,15.6666666666667,-61.1003505929261,-45.2926281637654,-54.166640869448,121.754295543823,-2.36227932690903,-24.7371806470323,1.46414574495123,0.999440626609645,-5 to -55 dB,6.92081695429559,12.4166666666667,-57.2559361823809,-40.9197013967214,-53.1512350869181,73.2455319578361,-1.2553025931166,-15.9612203407083,1.36787046337836,0.993464242828612,-5 to -55 dB,1.19836099306605,10.125,-55.1765558052908,-39.4563362836076,-Inf,0,2.724638004181,-10.5447443317998,1.34964260574734,0.996754259331999,-5 to -55 dB,0,10.125
100,63,full,1,1,1,1,-1.85,-61.0183243109357,-45.2709880825495,-54.3045388991139,108.965636346866,-1.81638056634702,-15.4816535288506,1.46402671914901,0.999439138211046,-5 to -55 dB,6.63968643563236,15.6666666666667,-61.1048531315226,-45.2965817510565,-54.3123564066541,112.413020134208,-2.369846277379,-24.7736866546278,1.46416328996945,0.999440794337407,-5 to -55 dB,6.8484929089716,12.4791666666667,-57.3703123490241,-41.0678146725381,-53.205047364604,66.6204092611072,-1.21733694245893,-15.9708025940708,1.36841815893632,0.99364552565068,-5 to -55 dB,1.07789125091603,10.2708333333333,-55.4425921823083,-39.7974072384086,-Inf,0,2.62286111356248,-10.9235649696063,1.35009225640957,0.996037615333635,-5 to -55 dB,0,10.2708333333333
100,64,full,1,1,1,1,-1.8,-61.0183243109357,-45.2709880825495,-54.6291691397558,101.733348765358,-1.81638056634702,-15.4816535288506,1.46402671914901,0.999439138211046,-5 to -55 dB,6.0857461564446,15.6666666666667,-61.1098347885869,-45.29839985416,-54.6362580473689,105.077959413423,-2.38149052769936,-24.8104633602839,1.46416343903339,0.999440800537703,-5 to -55 dB,6.29761031108613,12.5416666666667,-57.497791589634,-41.2228017370054,-53.4593006700026,61.0840436295125,-1.15997358856484,-15.9651661410784,1.3692124047559,0.993853462781922,-5 to -55 dB,0.679383492238654,10.4166666666667,-55.7680868761819,-41.2988528052305,-Inf,0,2.53958792918313,-11.1401572525145,1.36456072255285,0.996155316203825,-5 to -55 dB,0,10.4166666666667
100,65,full,1,1,1,1,-1.75,-61.0183243109357,-45.2709880825495,-54.6379415709488,94.6733705092378,-1.81638056634702,-15.4816535288506,1.46402671914901,0.999439138211046,-5 to -55 dB,5.82955579499157,15.6666666666667,-61.098282569372,-45.2971122418389,-54.6729236606001,97.5593408053275,-2.26227330852878,-22.6416303592347,1.46415318470225,0.999440695172589,-5 to -55 dB,5.99931271040729,13.375,-57.628064575506,-41.3879974923834,-53.4831934874608,56.2864732625358,-1.1709656669214,-15.954930349912,1.37046485957702,0.994106278842924,-5 to -55 dB,0.646654068739591,10.5625,-55.9076170559564,-41.5064283695023,-Inf,0,2.40774732962669,-11.448337503289,1.37088084798436,0.997409584130992,-5 to -55 dB,0,10.5625
100,66,full,1,1,1,1,-1.7,-61.0183243109357,-45.2709880825495,-54.8596804664699,93.240867130544,-1.81638056634702,-15.4816535288506,1.46402671914901,0.999439138211046,-5 to -55 dB,5.59868720306868,15.6666666666667,-61.0951716400859,-45.2992777688056,-54.8845120468565,96.1306971732545,-2.21098488881709,-22.5268345307828,1.4641430962121,0.99944059676426,-5 to -55 dB,5.76277255414254,13.4375,-57.7309454637854,-41.5375901787623,-53.7838543122102,56.4801336604498,-1.1094782376511,-15.9710937740077,1.37134786057122,0.994333547222785,-5 to -55 dB,0.673288201941114,10.7083333333333,-56.0518126474526,-41.6022101824781,-Inf,0,2.27247585695833,-11.7535197451008,1.38628855900762,0.996597009871608,-5 to -55 dB,0,10.7083333333333
100,67,full,1,1,1,1,-1.65,-61.0183243109357,-45.2709880825495,-54.9587951088897,91.5048711460534,-1.81638056634702,-15.4816535288506,1.46402671914901,0.999439138211046,-5 to -55 dB,5.40741196448551,15.6666666666667,-61.1004279252599,-45.2968990148685,-54.9820853131944,94.5711953841176,-2.19848438328558,-22.4707146843974,1.46416312357564,0.999440787411537,-5 to -55 dB,5.57274278540741,13.5208333333333,-57.8422140091426,-41.6998543843566,-53.9100913528601,57.1994601159405,-1.07499788752743,-15.9770152417345,1.37259240397601,0.994594532256635,-5 to -55 dB,0.679734370853904,10.8541666666667,-56.193324271076,-41.8085065477098,-Inf,0,2.00523767841772,-12.1738537219089,1.38667549793408,0.99704026043588,-5 to -55 dB,0,10.8541666666667
100,68,full,1,1,1,1,-1.6,-61.0183243109357,-45.2709880825495,-55.0736365576762,88.4760289754641,-1.81638056634702,-15.4816535288506,1.46402671914901,0.999439138211046,-5 to -55 dB,5.44143335087044,15.6666666666667,-61.1035431050654,-45.3011871903829,-55.1101030629548,91.4755263131953,-2.17615925482349,-22.483988055454,1.46416328996945,0.999440794337407,-5 to -55 dB,5.60757575223894,13.5833333333333,-57.9814083020792,-41.8709009451624,-54.0555712304069,57.1823036506814,-1.09483187264986,-15.9527064281739,1.3743015636451,0.994891961890158,-5 to -55 dB,0.521814434293719,11,-56.4339543568693,-41.913182986472,-Inf,0,1.91212793540782,-12.4712518100887,1.38241913686549,0.997060001126468,-5 to -55 dB,0,11
100,69,full,1,1,1,1,-1.55,-61.0183243109357,-45.2709880825495,-55.2426335017671,85.9299392429183,-1.81638056634702,-15.4816535288506,1.46402671914901,0.999439138211046,-5 to -55 dB,4.60868990988145,15.6666666666667,-61.1058573528533,-45.3035499860764,-55.284600981464,88.9726896938485,-2.17942062303518,-22.5460335287069,1.46416328996945,0.999440794337407,-5 to -55 dB,4.77448625248357,13.6458333333333,-58.0920759466543,-42.0299415038937,-54.2002005746033,56.1155770696846,-1.04887686759919,-15.9560911762695,1.37607182531794,0.995202382943442,-5 to -55 dB,1.08920640796218,11.1458333333333,-56.5978840732822,-42.0304367755926,-Inf,0,1.78214185298104,-12.8287068109958,1.45021503641525,0.995191522182002,-5 to -55 dB,0,11.1458333333333
100,70,full,1,1,1,1,-1.5,-61.0183243109357,-45.2709880825495,-55.4361579924017,79.8577071645435,-1.81638056634702,-15.4816535288506,1.46402671914901,0.999439138211046,-5 to -55 dB,4.78266701946699,15.6666666666667,-61.1061440475493,-45.2994248665507,-55.4368280940309,83.0261370782811,-2.17045547017028,-22.3718427952717,1.46416343903339,0.999440800537703,-5 to -55 dB,4.945610725718,13.7291666666667,-58.2071921650396,-43.3764896407287,-54.4318286692618,52.5498211993162,-1.00949269525573,-15.9533990525223,1.37839899768421,0.995555019697644,-5 to -55 dB,0.553209156251167,11.2916666666667,-56.9074681057692,-42.3367516814597,-Inf,0,1.61884455674096,-13.0377029706479,1.39928772858532,0.997397301536582,-5 to -55 dB,0,11.2916666666667
100,71,full,1,1,1,1,-1.45,-61.0183243109357,-45.2709880825495,-55.5507649482057,76.5001051680663,-1.81638056634702,-15.4816535288506,1.46402671914901,0.999439138211046,-5 to -55 dB,4.69672952713033,15.6666666666667,-61.1063819790148,-45.3021351561679,-55.568963975152,79.5946246282629,-2.16598649437335,-22.0079570323205,1.46416343903339,0.999440800537703,-5 to -55 dB,4.85681637472101,13.7916666666667,-58.3000400649581,-43.5370295744315,-54.6023256586995,50.9824393264997,-0.9503655110924,-15.9720630616573,1.38090191949498,0.99589610691658,-5 to -55 dB,0.592254937118814,11.4375,-56.9964972298658,-42.3761103807074,-Inf,0,1.57562904949405,-13.2958503691155,1.38423419768981,0.998226129604018,-5 to -55 dB,0,11.4375
100,72,full,1,1,1,1,-1.4,-61.0183243109357,-45.2709880825495,-55.6890729740524,74.8728938593489,-1.81638056634702,-15.4816535288506,1.46402671914901,0.999439138211046,-5 to -55 dB,4.25051653269665,15.6666666666667,-61.0952431746838,-45.2932918243905,-55.7326422328283,78.0219747284213,-2.14101862868328,-21.8087758551474,1.4641430962121,0.99944059676426,-5 to -55 dB,4.39648197337025,13.875,-58.4112651393086,-43.6985849118341,-54.7652002500697,49.9137847678349,-0.92195377148534,-15.9704452492606,1.38365082849006,0.99623748108946,-5 to -55 dB,0.73309283494482,11.5833333333333,-57.2013804484146,-42.5674360928486,-Inf,0,1.53271302513312,-13.3976003358857,1.40223083709597,0.99817680820308,-5 to -55 dB,0,11.5833333333333
100,73,full,1,1,1,1,-1.35,-61.0183243109357,-45.2709880825495,-55.7725803868109,72.2505421555201,-1.81638056634702,-15.4816535288506,1.46402671914901,0.999439138211046,-5 to -55 dB,4.13937431359869,15.6666666666667,-61.1096223116122,-45.3033986115815,-55.8322739859391,75.4489424593098,-2.18939973447082,-22.3599518098845,1.46417099326878,0.999440873825442,-5 to -55 dB,4.29776327544298,13.9375,-58.5048839620781,-43.8542506135574,-54.7928917681225,48.3833773288476,-0.862016387984637,-15.9854751883996,1.38671295594588,0.996580939455714,-5 to -55 dB,0.676617749429689,11.7291666666667,-57.4254179606848,-42.8872890149375,-Inf,0,1.65404580509801,-13.5488416659835,1.41098879378166,0.997542805827273,-5 to -55 dB,0,11.7291666666667
100,74,full,1,1,1,1,-1.3,-61.0183243109357,-45.2709880825495,-55.9624570505629,67.3446109789681,-1.81638056634702,-15.4816535288506,1.46402671914901,0.999439138211046,-5 to -55 dB,4.4447595344287,15.6666666666667,-61.1049826311665,-45.3010662416546,-56.0067844795113,70.7573620118222,-2.17494867015735,-22.7245488211457,1.46416328996945,0.999440794337407,-5 to -55 dB,4.59247226135628,14.0208333333333,-58.6297806439464,-44.0283678398778,-55.0190273099171,46.1053836389659,-0.86716800206443,-15.9670689859979,1.39033131956821,0.996930130318605,-5 to -55 dB,0.606033947396712,11.875,-57.5923948350969,-42.9043163729482,-Inf,0,1.46537049084655,-13.5844777082966,1.36272124921102,0.998795737094778,-5 to -55 dB,0,11.875
100,75,full,1,1,1,1,-1.25,-61.0183243109357,-45.2709880825495,-56.1311617848666,63.5489172138869,-1.81638056634702,-15.4816535288506,1.46402671914901,0.999439138211046,-5 to -55 dB,3.50478225135424,15.6666666666667,-61.0893425178048,-45.2943330619505,-56.1633862585911,66.5996669026922,-2.13459219519059,-21.9318530667912,1.46413794533578,0.99944054315344,-5 to -55 dB,3.63699957306916,14.0833333333333,-58.7291666135756,-44.1713368846343,-55.1152856487112,43.5399078859236,-0.816010984571198,-15.9734829189349,1.39363988040544,0.997240198694287,-5 to -55 dB,0.896114366269123,12.0208333333333,-57.7371450915938,-43.0283457531843,-Inf,0,1.22747544959051,-13.6669300178792,1.43618019510994,0.997687774230496,-5 to -55 dB,0,12.0208333333333
100,76,full,1,1,1,1,-1.2,-61.0183243109357,-45.2709880825495,-56.2816446667722,62.2655454108055,-1.81638056634702,-15.4816535288506,1.46402671914901,0.999439138211046,-5 to -55 dB,3.1622794663273,15.6666666666667,-61.1031593374135,-45.2998042081149,-56.3219260092094,65.1819717186683,-2.16457017823313,-20.9750880849529,1.46416328996945,0.999440794337407,-5 to -55 dB,3.30472757052074,14.1666666666667,-58.8467819522253,-44.3263447778751,-55.2812189233707,42.1734338117093,-0.812951336119212,-15.9599031558137,1.39704932068234,0.997522970358136,-5 to -55 dB,1.00077396823965,12.1666666666667,-57.886352260917,-43.1176703851075,-Inf,0,1.11168640353389,-13.7469962020831,1.44075921071172,0.997921399830198,-5 to -55 dB,0,12.1666666666667
100,77,full,1,1,1,1,-1.15,-61.0183243109357,-45.2709880825495,-56.25003423701,60.5035284199315,-1.81638056634702,-15.4816535288506,1.46402671914901,0.999439138211046,-5 to -55 dB,3.58161860909266,15.6666666666667,-61.1052768124732,-45.2913329523636,-56.2995467552319,63.1865499174445,-2.17018051851448,-21.2443803706333,1.46416343903338,0.999440800537703,-5 to -55 dB,3.72436800875522,14.2291666666667,-58.9697401330907,-44.4662228167454,-55.267235664187,40.8953538266768,-0.850559587167268,-15.9395713163065,1.40046290943799,0.997766522132612,-5 to -55 dB,0.471495025625185,12.3125,-58.0480528018791,-43.1899379179902,-Inf,0,1.34638284359838,-13.6277441696444,1.41864828048927,0.998391845616133,-5 to -55 dB,0,12.3125
100,78,full,1,1,1,1,-1.1,-61.0183243109357,-45.2709880825495,-56.2795771035541,58.1297989568857,-1.81638056634702,-15.4816535288506,1.46402671914901,0.999439138211046,-5 to -55 dB,2.93118548423236,15.6666666666667,-61.1179141962242,-45.3059368723745,-56.3474840902539,61.9757050130564,-2.2052252346566,-22.6690887161455,1.46418640056258,0.999441032969688,-5 to -55 dB,3.08445129700262,14.3125,-59.0409140043804,-44.5612976129284,-55.3447350412212,38.2512619351149,-0.785640402382939,-15.9710964421902,1.40371768548395,0.997960870141291,-5 to -55 dB,0.758646776642231,12.4583333333333,-58.1876680772331,-43.3241684090829,-Inf,0,1.05415326430717,-13.7740484073716,1.43976840104541,0.998214222748581,-5 to -55 dB,0,12.4583333333333
100,79,full,1,1,1,1,-1.05,-61.0183243109357,-45.2709880825495,-56.3458879504549,55.6359142535804,-1.81638056634702,-15.4816535288506,1.46402671914901,0.999439138211046,-5 to -55 dB,2.28320298344741,15.6666666666667,-61.0796963992762,-45.2880026440091,-56.3902449754459,58.037220043229,-2.09748085358653,-20.7800147054746,1.46413521614412,0.999440509937338,-5 to -55 dB,2.39501818775284,14.3958333333333,-59.1477787199537,-44.6642692343585,-55.507120095112,36.3468230056442,-0.826265744800906,-15.9648120520849,1.40703809002856,0.998109657732216,-5 to -55 dB,1.23847658589032,12.6041666666667,-58.3265918224942,-43.4595006896834,-Inf,0,0.886013759898953,-13.9720232000229,1.46125145914608,0.998810988632181,-5 to -55 dB,0,12.6041666666667
100,80,full,1,1,1,1,-1,-61.0183243109357,-45.2709880825495,-56.4950794041449,49.906448514379,-1.81638056634702,-15.4816535288506,1.46402671914901,0.999439138211046,-5 to -55 dB,2.48341343422212,15.6666666666667,-61.0753961542517,-45.285999737055,-56.5289216867978,52.2335399363587,-2.08936758611004,-20.7083484059523,1.46413521614412,0.999440509937338,-5 to -55 dB,2.58663170995808,14.4791666666667,-59.205521516904,-44.717255689388,-55.6625630246881,32.8731430000516,-0.777373497695286,-16.0077027729378,1.40994773084773,0.998202240900896,-5 to -55 dB,0.895887960045526,12.75,-58.52741040168,-43.564254306738,-Inf,0,0.495469801775222,-13.9614716186138,1.44104429774812,0.998688810368837,-5 to -55 dB,0,12.75
100,81,full,1,1,1,1,-0.95,-61.0183243109357,-45.2709880825495,-56.5808606207625,46.9037248605053,-1.81638056634702,-15.4816535288506,1.46402671914901,0.999439138211046,-5 to -55 dB,2.4849751360219,15.6666666666667,-61.0886652322189,-45.2903792490715,-56.612416343738,49.7542073235013,-2.11924532926559,-21.836918462794,1.46413794533578,0.99944054315344,-5 to -55 dB,2.59705669334441,14.5625,-59.3047503846921,-44.7929369113822,-55.8291186682195,33.063379798419,-0.826040731564235,-16.0067651585867,1.41320905940514,0.998287969895596,-5 to -55 dB,0.767841512584906,12.8958333333333,-58.6674715014828,-43.7444113987305,-Inf,0,0.482213436972361,-14.1062975458601,1.4282519039455,0.999046450436011,-5 to -55 dB,0,12.8958333333333
100,82,full,1,1,1,1,-0.9,-61.0183243109357,-45.2709880825495,-56.7170986066487,43.1446768755939,-1.81638056634702,-15.4816535288506,1.46402671914901,0.999439138211046,-5 to -55 dB,1.99161070485408,15.6666666666667,-61.0821559767344,-45.2847529536189,-56.7607782458159,45.7973119814057,-2.12489357168997,-22.4389379797712,1.46413521614412,0.999440509937338,-5 to -55 dB,2.11847730538847,14.0208333333333,-59.408624859074,-44.8552151856719,-55.9910129476655,30.0998073167565,-0.852592690773171,-15.9905455995772,1.41688780846485,0.998399305032258,-5 to -55 dB,1.05933142496744,13.0416666666667,-58.9607421687767,-43.9320540956233,-Inf,0,0.187418382656807,-14.1012890194798,1.44355653473993,0.999110274791368,-5 to -55 dB,0,13.0416666666667
100,83,full,1,1,1,1,-0.85,-61.0183243109357,-45.2709880825495,-57.0215327990232,37.6519114042805,-1.81638056634702,-15.4816535288506,1.46402671914901,0.999439138211046,-5 to -55 dB,2.03790786546485,15.6666666666667,-61.0958532769119,-45.2911759405618,-57.0418820846682,40.1156684084952,-2.16310522379354,-22.1004608436525,1.46413813870003,0.999440551153673,-5 to -55 dB,2.17273639307724,14.1041666666667,-59.5165475105193,-44.9356830102187,-56.2705686563956,26.1839958916519,-0.894254558006562,-15.9073322385517,1.42101279887722,0.998524993598761,-5 to -55 dB,0.859548090901183,13.1875,-59.1362574262751,-44.0481833768437,-Inf,0,0.336549839323734,-14.1017171581604,1.44494723677324,0.998781710578154,-5 to -55 dB,0,13.1875
100,84,full,1,1,1,1,-0.8,-61.0183243109357,-45.2709880825495,-57.2944164699919,34.0050012295732,-1.81638056634702,-15.4816535288506,1.46402671914901,0.999439138211046,-5 to -55 dB,1.46348226878298,15.6666666666667,-61.0986469051361,-45.2897969784717,-57.3351989173746,36.2625687806247,-2.16747533101291,-21.8041734371642,1.46414326894603,0.999440603922697,-5 to -55 dB,1.59786032599997,14.1875,-59.6006006468234,-44.9862999506422,-56.5905608789978,25.5290635008286,-0.853890363093094,-15.9853088361343,1.4249767675999,0.998642496409691,-5 to -55 dB,1.287525307741,13.3333333333333,-59.4286658967646,-44.175569356094,-Inf,0,-0.45621418556999,-14.0366138827923,1.46575350984694,0.99871589619043,-5 to -55 dB,0,13.3333333333333
100,85,full,1,1,1,1,-0.75,-61.0183243109357,-45.2709880825495,-57.2767660765297,32.3118921490257,-1.81638056634702,-15.4816535288506,1.46402671914901,0.999439138211046,-5 to -55 dB,1.5439362603098,15.6666666666667,-61.1012118972329,-45.2931459398943,-57.2924450464891,34.7170168810966,-2.17198834722436,-21.637355910282,1.46415318470225,0.999440695172589,-5 to -55 dB,1.6785039030203,14.2708333333333,-59.7348186641581,-45.0658524844201,-56.6443844320126,26.6536131923809,-0.895266594224501,-15.9427810005167,1.42930022740844,0.998766089166753,-5 to -55 dB,0.940585118518818,13.4791666666667,-59.5202669956077,-44.1867408319407,-Inf,0,-0.595032495012543,-14.1516755231926,1.43961622696077,0.999472227125558,-5 to -55 dB,0,13.4791666666667
100,86,full,1,1,1,1,-0.7,-61.0183243109357,-45.2709880825495,-57.3202624301794,29.0594186952668,-1.81638056634702,-15.4816535288506,1.46402671914901,0.999439138211046,-5 to -55 dB,1.52490948208353,15.6666666666667,-61.0920034284189,-45.293887089714,-57.3538560774821,31.3736706149981,-2.1362600857158,-21.1010544314301,1.46413794533578,0.99944054315344,-5 to -55 dB,1.64228784796017,14.375,-59.8297116010599,-45.1074054349801,-56.7857154999103,25.3030907061992,-0.922043840736014,-15.843252330108,1.43303294636754,0.99885923115614,-5 to -55 dB,0.928962696188518,13.625,-59.611913589773,-44.3017259074132,-Inf,0,-0.59959235263886,-14.307115435172,1.4507059492111,0.99887781501493,-5 to -55 dB,0,13.625
100,87,full,1,1,1,1,-0.65,-61.0183243109357,-45.2709880825495,-57.4268587782111,27.883533407217,-1.81638056634702,-15.4816535288506,1.46402671914901,0.999439138211046,-5 to -55 dB,1.39310427491736,15.6666666666667,-61.0846418113477,-45.2891133268077,-57.4547269924678,29.9446504209267,-2.10564489735396,-20.8094897368211,1.46413772554871,0.999440534067968,-5 to -55 dB,1.50315530970213,14.4583333333333,-59.9020294364622,-45.1386079025237,-56.8857801970694,24.9033636692989,-0.913714111211044,-15.9017747094004,1.43638224758764,0.998923239630597,-5 to -55 dB,0.828092001270763,13.7708333333333,-59.6568750213167,-44.3979051409193,-Inf,0,-0.714089348384297,-14.4397318915038,1.46436101211508,0.999268621130083,-5 to -55 dB,0,13.7708333333333
100,88,full,1,1,1,1,-0.6,-61.0183243109357,-45.2709880825495,-57.5014528627017,21.8053068851908,-1.81638056634702,-15.4816535288506,1.46402671914901,0.999439138211046,-5 to -55 dB,0.884340152310256,15.6666666666667,-61.1063098936717,-45.3015593819986,-57.5581208205585,23.4194412678615,-2.14928792673944,-21.0004479788327,1.46416328996945,0.999440794337407,-5 to -55 dB,1.00856618529462,14.5416666666667,-59.9837571996302,-45.185128710262,-57.0549685416177,23.188849664599,-0.937829390938496,-16.0000802800998,1.43972326938073,0.998988755317584,-5 to -55 dB,1.18756638092137,13.9166666666667,-59.8960082468696,-44.5342428833797,-Inf,0,-1.07299028282542,-14.4509813767043,1.4759511018309,0.999253366215818,-5 to -55 dB,0,13.9166666666667
100,89,full,1,1,1,1,-0.55,-61.0183243109357,-45.2709880825495,-57.5891819735378,22.4673347765032,-1.81638056634702,-15.4816535288506,1.46402671914901,0.999439138211046,-5 to -55 dB,1.03519948432975,15.6666666666667,-61.0845750266687,-45.2909381716592,-57.6161219725958,24.3529315673524,-2.07110511368184,-20.7442304909913,1.46413772554871,0.999440534067968,-5 to -55 dB,1.13494619090852,14.6458333333333,-60.0876869550723,-45.2129619657563,-57.0846887392285,22.5765037410933,-1.02208474881028,-16.0118047812812,1.4429948883725,0.999050742333236,-5 to -55 dB,0.89542219596274,14.0625,-60.0685906347361,-44.5536379229876,-Inf,0,-1.34794798224012,-14.5420080810094,1.4740697277705,0.999224955240912,-5 to -55 dB,0,14.0625
100,90,full,1,1,1,1,-0.5,-61.0183243109357,-45.2709880825495,-57.5970008868349,22.2114647861599,-1.81638056634702,-15.4816535288506,1.46402671914901,0.999439138211046,-5 to -55 dB,0.996745114059214,15.6666666666667,-61.0869909393881,-45.2975027776054,-57.629941734749,24.2078311767043,-2.07422921050502,-20.1188840975531,1.46413545013922,0.999440519638949,-5 to -55 dB,1.09231324991079,14.7291666666667,-60.178549834134,-45.2443577174623,-57.1530557204097,23.1313307443296,-1.07057900848944,-15.9708412815228,1.44610525377726,0.999118955759596,-5 to -55 dB,0.810302548286447,14.2083333333333,-60.1437987685612,-44.6540624166934,-Inf,0,-1.22998686070106,-14.7058317594532,1.46533227365036,0.999445485869255,-5 to -55 dB,0,14.2083333333333
100,91,full,1,1,1,1,-0.45,-61.0183243109357,-45.2709880825495,-57.7579702582843,21.9884531205803,-1.81638056634702,-15.4816535288506,1.46402671914901,0.999439138211046,-5 to -55 dB,0.843569882925574,15.6666666666667,-61.0924311456789,-45.2993468662103,-57.7918107344153,23.2866513073402,-2.07975412945561,-20.2330758949499,1.46413794533578,0.99944054315344,-5 to -55 dB,0.945115382817764,14.6666666666667,-60.2774564606674,-45.279676851821,-57.3572617188553,22.9191411272052,-1.15766853388604,-15.8615813502385,1.44900236041686,0.999180786194269,-5 to -55 dB,0.775123506421199,14.3541666666667,-60.2943814999468,-44.7043503781797,-Inf,0,-1.66583706411402,-14.765505354122,1.47137666134703,0.998990734632244,-5 to -55 dB,0,14.3541666666667
100,92,full,1,1,1,1,-0.4,-61.0183243109357,-45.2709880825495,-57.7452526660875,18.1154459233405,-1.81638056634702,-15.4816535288506,1.46402671914901,0.999439138211046,-5 to -55 dB,0.678587880079162,15.6666666666667,-61.0807054928819,-45.296065179343,-57.782490627709,19.9584328436372,-1.91830043487806,-17.0071130187397,1.46413794533578,0.99944054315344,-5 to -55 dB,0.695457510556124,15.6666666666667,-60.3536543548263,-45.2748694815809,-57.4115347549176,19.8473051890089,-1.20241762834141,-15.8459602018907,1.45175994382921,0.999230428193584,-5 to -55 dB,1.30122835996383,14.5,-60.4227983750245,-44.8945139944688,-Inf,0,-1.81281790467711,-14.919868233761,1.50966375026511,0.998560507968363,-5 to -55 dB,0,14.5
100,93,full,1,1,1,1,-0.35,-61.0183243109357,-45.2709880825495,-57.7122990467715,18.7502101875826,-1.81638056634702,-15.4816535288506,1.46402671914901,0.999439138211046,-5 to -55 dB,0.729946314137965,15.6666666666667,-61.0901135271218,-45.3066044725654,-57.7420567931623,20.7914038888118,-1.94017120458199,-17.1905723794223,1.46414574495123,0.999440626609645,-5 to -55 dB,0.768257349818591,15.6666666666667,-60.454103992418,-45.3089278466341,-57.3977730278851,20.0935020576962,-1.28795786546587,-15.9281404743844,1.45413530604342,0.99928091234309,-5 to -55 dB,0.969673534797728,14.6458333333333,-60.3995655661909,-44.8923775338951,-Inf,0,-1.93431247323649,-15.1178132281899,1.51042837622336,0.998951110952785,-5 to -55 dB,0,14.6458333333333
100,94,full,1,1,1,1,-0.3,-61.0183243109357,-45.2709880825495,-57.7855297613912,16.2889170905378,-1.81638056634702,-15.4816535288506,1.46402671914901,0.999439138211046,-5 to -55 dB,0.576045286125024,15.6666666666667,-61.0928791692262,-45.300665919575,-57.8128582762428,17.7679530060864,-1.94818091420135,-17.1593136988242,1.46416312357564,0.999440787411537,-5 to -55 dB,0.600378881011274,15.6666666666667,-60.522975768592,-45.3021988613693,-57.7305724134906,17.1526605176694,-1.32668487055129,-15.9533766220966,1.45624386367832,0.999321979957253,-5 to -55 dB,0.953713498321641,14.7916666666667,-60.4821036056103,-44.9795977514292,-Inf,0,-1.90036070695391,-15.1622253618126,1.50799690944652,0.99894517981104,-5 to -55 dB,0,14.7916666666667
100,95,full,1,1,1,1,-0.25,-61.0183243109357,-45.2709880825495,-57.8760526390015,17.5503334720473,-1.81638056634702,-15.4816535288506,1.46402671914901,0.999439138211046,-5 to -55 dB,0.594221583700656,15.6666666666667,-61.1181452567371,-45.3154519483232,-57.9345641136871,18.9139540493265,-2.01494825869519,-17.6949959655712,1.46423419757989,0.999441495954755,-5 to -55 dB,0.689139719751783,15.6875,-60.6418038538511,-45.3174790203416,-57.8889881204184,16.4097214395441,-1.49239311655441,-15.9386339503641,1.45831176817391,0.999360449187535,-5 to -55 dB,0.316430151920939,14.9375,-60.5411603757837,-44.9843293602578,-Inf,0,-1.69055247316315,-15.3478726278558,1.47173858705575,0.999547415804702,-5 to -55 dB,0,14.9375
100,96,full,1,1,1,1,-0.2,-61.0183243109357,-45.2709880825495,-57.9640292749754,15.8919561617865,-1.81638056634702,-15.4816535288506,1.46402671914901,0.999439138211046,-5 to -55 dB,0.653096380237466,15.6666666666667,-61.116175542504,-45.305009392231,-58.046416507688,17.8323364672965,-2.04682245108419,-17.5190683590464,1.46419383722035,0.999441101388597,-5 to -55 dB,0.714864726111693,15.5416666666667,-60.7202168406899,-45.3209035525925,-58.0544618252493,16.0077279802055,-1.55187673577795,-15.6858731337505,1.459871858291,0.999388037547896,-5 to -55 dB,0.569769813165905,15.0833333333333,-60.6225392596903,-44.9002677198564,-Inf,0,-1.64878585886057,-15.421401235978,1.4782693680674,0.998565573811993,-5 to -55 dB,0,15.0833333333333
100,97,full,1,1,1,1,-0.15,-61.0183243109357,-45.2709880825495,-58.5391344725346,13.5916487576644,-1.81638056634702,-15.4816535288506,1.46402671914901,0.999439138211046,-5 to -55 dB,0.70610589027777,15.6666666666667,-61.1116741122953,-45.2979812213199,-58.62460479805,14.0521585138346,-2.03927979835606,-16.9499940909553,1.46418861879963,0.9994410448784,-5 to -55 dB,0.693049764921819,15.5416666666667,-60.7849740289833,-45.3034642800587,-58.6870467289627,13.7474901176017,-1.59939141145663,-15.711885108441,1.46131144102317,0.999405997988797,-5 to -55 dB,0.883254042331237,15.2291666666667,-60.8786575510721,-45.1425040347876,-Inf,0,-1.77395416939298,-15.2776117380943,1.50949896963304,0.998916416150633,-5 to -55 dB,0,15.2291666666667
100,98,full,1,1,1,1,-0.1,-61.0183243109357,-45.2709880825495,-59.0266522513268,14.5860169546169,-1.81638056634702,-15.4816535288506,1.46402671914901,0.999439138211046,-5 to -55 dB,0.818625125820361,15.6666666666667,-61.1113157942277,-45.3047022590381,-59.1148631779601,15.700537092989,-1.99828962038965,-16.8505858285741,1.46418627333517,0.999441027648362,-5 to -55 dB,0.778257732305411,15.8333333333333,-60.8801916131598,-45.3028664663706,-59.2386212108536,15.708144394498,-1.73662188702401,-15.609989596555,1.46259225081058,0.999421427126701,-5 to -55 dB,0.964782207901832,15.375,-60.9686654638056,-45.149001024175,-Inf,0,-1.87646655393042,-15.3231649191822,1.50916077560463,0.997681768515787,-5 to -55 dB,0,15.375
100,99,full,1,1,1,1,-0.05,-61.0183243109357,-45.2709880825495,-59.6708544544728,11.7375847142278,-1.81638056634702,-15.4816535288506,1.46402671914901,0.999439138211046,-5 to -55 dB,0.633554060411003,15.6666666666667,-61.0716725833127,-45.2910472601422,-59.7428049062123,12.5192576655534,-1.92866663959338,-16.3436888526659,1.46413494870938,0.999440498865481,-5 to -55 dB,0.603888664148811,15.6458333333333,-60.9368866637066,-45.2895326287421,-59.9392786039795,12.5110009486682,-1.75512816993755,-15.6938031043349,1.4634023980596,0.999431163996637,-5 to -55 dB,0.714364995323572,15.5208333333333,-61.0025263658756,-45.1821978114307,-Inf,0,-2.09466128685483,-15.3988192879872,1.49020968072866,0.998946871088236,-5 to -55 dB,0,15.5208333333333
100,100,full,1,1,1,1,0,-61.0183243109357,-45.2709880825495,-Inf,-0.115347283891013,-1.81638056634702,-15.4816535288506,1.46402671914901,0.999439138211046,-5 to -55 dB,0,15.6666666666667,-60.9944120821323,-45.2625673237172,-92.2027968238965,1.57427384769831,-1.76708332116319,-14.6497366631881,1.46400712980721,0.999438811461076,-5 to -55 dB,0.0196350107363255,15.6666666666667,-60.9000199100603,-45.2351098632976,-82.567270758069,3.96988941285066,-1.52380338727535,-15.9115313564993,1.4638107658909,0.999436248642298,-5 to -55 dB,0.118504852462125,15.6666666666667,-61.0183243109357,-45.2709880825495,-Inf,0,-1.81638056634702,-15.4816535288506,1.46402671914901,0.999439138211046,-5 to -55 dB,0,15.6666666666667
1,101,full,1,1,1,1,5,-46.2240927885674,-29.3581884478413,-46.0456839856503,277.103109487861,7.50738373283123,0.367883094910309,0.92841481643138,0.978361273675621,-5 to -55 dB,21.599567322495,8.64583333333333,-48.40790319335,-32.9962734695854,-48.1202764393091,221.21314585913,5.6447506025503,-2.50262989300603,0.994355174388493,0.975409110383794,-5 to -55 dB,19.8828992947915,13.2916666666667,-51.8875930637296,-38.0349367742184,-51.4072405581755,158.639642248579,7.54954935598228,1.12406666341785,0.913530092502635,0.987886748786099,-5 to -55 dB,20.2290164061763,15.8125,-61.0044009768046,-45.2079806918164,-Inf,0,-1.92987289224407,-15.6896247536188,1.47780733165995,0.999277087780194,-5 to -55 dB,0,15.8125
10,101,full,1,1,1,1,4.55,-46.8721112500335,-29.1488370827975,-46.6529842632347,276.094142413431,6.66202218213184,-1.86473761069137,0.954176804334825,0.985978426743846,-5 to -55 dB,19.077779689934,8.14583333333333,-49.3510304207103,-33.2547644393629,-48.9770410785228,210.393581287708,4.49463559702368,-5.46668499572566,0.992003399469207,0.987304669745639,-5 to -55 dB,17.1228753575596,13.2916666666667,-53.7084167008785,-38.994963299987,-53.0493752188201,142.896638297487,5.80171932973277,-1.54072836271716,0.989489139407328,0.986739966239035,-5 to -55 dB,17.8253640380413,15.8125,-61.0044009768046,-45.2079806918164,-Inf,0,-1.92987289224407,-15.6896247536188,1.47780733165995,0.999277087780194,-5 to -55 dB,0,15.8125
20,101,full,1,1,1,1,4.05,-46.0431525225309,-28.8048735510328,-45.9132777977207,279.138950258919,7.29460133803481,-1.81121369955504,0.963029430713793,0.983251233875828,-5 to -55 dB,20.3430961357424,7.83333333333333,-48.6770288383055,-33.0161115845889,-48.4533989201747,217.008497447824,4.90133589105916,-4.76569778080875,1.00299189375247,0.985247485331896,-5 to -55 dB,18.3069346941386,13.2916666666667,-52.7882424235948,-38.3568678313532,-52.3037560827969,145.261122072791,6.64752402924066,-0.899512528642745,1.05388069835264,0.98365625696575,-5 to -55 dB,16.8272427448797,15.8125,-61.0044009768046,-45.2079806918164,-Inf,0,-1.92987289224407,-15.6896247536188,1.47780733165995,0.999277087780194,-5 to -55 dB,0,15.8125
25,101,full,1,1,1,1,3.8,-46.6555166572431,-29.0255380230743,-46.5164505644948,278.999453025182,6.47257168530385,-1.87779134019521,0.943160191053424,0.984657936765223,-5 to -55 dB,18.7285353226114,7.77083333333333,-48.9359236021794,-32.9097497725394,-48.7151721967272,218.171424497307,4.67455398795072,-5.29835583937234,0.972435413785643,0.985507202734745,-5 to -55 dB,17.0398907881842,13.2916666666667,-53.2584389461598,-38.7346458057121,-52.6662707496449,145.948490212743,6.3093185928669,-1.28833066336093,1.1174917999622,0.981949615884886,-5 to -55 dB,15.1833362249751,15.8125,-61.0044009768046,-45.2079806918164,-Inf,0,-1.92987289224407,-15.6896247536188,1.47780733165995,0.999277087780194,-5 to -55 dB,0,15.8125
40,101,full,1,1,1,1,3.05,-46.0673558903725,-28.9472888863003,-45.9288791682662,286.266190701468,8.73567976443444,1.50827651374416,1.09804133292762,0.972718378139285,-5 to -55 dB,17.3480102064648,8,-48.6996348727623,-33.1228099201516,-48.4524697740619,229.857860592241,6.60733481758777,-1.8185761681262,1.13769187783592,0.975999084825938,-5 to -55 dB,15.1390299879396,13.2916666666667,-52.2868722979805,-38.4930836328506,-51.7442788453567,159.110972561365,8.78581544997402,2.15279062515301,1.25521238182085,0.985111737502189,-5 to -55 dB,12.8612034725196,15.8125,-61.0044009768046,-45.2079806918164,-Inf,0,-1.92987289224407,-15.6896247536188,1.47780733165995,0.999277087780194,-5 to -55 dB,0,15.8125
60,101,full,1,1,1,1,2.05,-54.3723991933243,-38.723922761514,-53.4694309621494,135.879228979772,3.44956572382848,-9.84362463095,1.33558239399523,0.99666133565744,-5 to -55 dB,7.69645374285358,9.83333333333333,-56.02499072649,-41.3245596580179,-54.7643736111582,92.6187506890847,1.37703759918755,-10.9082574324429,1.3472368009494,0.997578360246319,-5 to -55 dB,6.27619308187064,14.125,-59.0789884052542,-43.553280222075,-57.0012954064091,55.4459979326509,0.760502190550294,-10.1877652565777,1.31133580142628,0.999119069106285,-5 to -55 dB,5.36521941313005,15.8125,-61.0044009768046,-45.2079806918164,-Inf,0,-1.92987289224407,-15.6896247536188,1.47780733165995,0.999277087780194,-5 to -55 dB,0,15.8125
75,101,full,1,1,1,1,1.3,-57.7371450915938,-43.0283457531843,-56.1103333012867,62.0034538168911,1.22747544959051,-13.6669300178792,1.43618019510994,0.997687774230496,-5 to -55 dB,3.5621749804542,12.0208333333333,-58.1919947176637,-43.3263054097726,-56.4269758427947,50.4907699025312,0.835723937914608,-12.4069752343753,1.43970171442171,0.997825300389622,-5 to -55 dB,3.25422496464316,14.75,-60.2130250225156,-43.7595199307373,-57.4883916546552,31.8875438032006,-0.880829380969563,-14.2176962504304,1.39849913818276,0.998170039580181,-5 to -55 dB,2.56667319072516,15.8125,-61.0044009768046,-45.2079806918164,-Inf,0,-1.92987289224407,-15.6896247536188,1.47780733165995,0.999277087780194,-5 to -55 dB,0,15.8125
80,101,full,1,1,1,1,1.05,-58.52741040168,-43.564254306738,-56.4337637319067,49.2897374191969,0.495469801775222,-13.9614716186138,1.44104429774812,0.998688810368837,-5 to -55 dB,2.5325018799085,12.75,-58.8113157639689,-43.727588487202,-56.6139006544836,46.8367847482659,0.233997270596185,-10.880685157821,1.44233876623662,0.998750864650799,-5 to -55 dB,2.37530784678603,14.8333333333333,-60.4666964678768,-43.723383990802,-57.6088503033267,32.3339895962302,-1.86022963788459,-14.3287710230964,1.42024798639335,0.999180679852398,-5 to -55 dB,1.30000629868798,15.8125,-61.0044009768046,-45.2079806918164,-Inf,0,-1.92987289224407,-15.6896247536188,1.47780733165995,0.999277087780194,-5 to -55 dB,0,15.8125
90,101,full,1,1,1,1,0.55,-60.1437987685612,-44.6540624166934,-57.5497804766766,22.126142286425,-1.22998686070106,-14.7058317594532,1.46533227365036,0.999445485869255,-5 to -55 dB,1.05815958519858,14.2083333333333,-60.2762797512476,-44.712405591195,-57.6210597458054,21.6322504707466,-1.26448206657626,-13.0066778495064,1.46541551636329,0.9994510078024,-5 to -55 dB,1.02554639614657,16.1458333333333,-61.1853126766662,-44.6139235376176,-57.9889418078871,19.1758269973934,-2.69726650983131,-14.86804425913,1.45600311887303,0.999252145139619,-5 to -55 dB,0.793329904837865,15.8125,-61.0044009768046,-45.2079806918164,-Inf,0,-1.92987289224407,-15.6896247536188,1.47780733165995,0.999277087780194,-5 to -55 dB,0,15.8125
100,101,full,1,1,1,1,0.05,-61.0183243109357,-45.2709880825495,-59.4060506674965,11.6149693217242,-1.81638056634702,-15.4816535288506,1.46402671914901,0.999439138211046,-5 to -55 dB,0.487021548932466,15.6666666666667,-61.0913540922317,-45.2944287607663,-59.5251535987001,12.5906421925819,-1.98311813619374,-17.3148183204484,1.46413813870003,0.999440551153673,-5 to -55 dB,0.510279701722468,15.7291666666667,-61.0844024660612,-45.2575271982533,-59.7535610927806,11.7718767373226,-1.89531865234528,-15.981696895086,1.46436710430368,0.999443679832733,-5 to -55 dB,0.525607376467578,15.8125,-61.0044009768046,-45.2079806918164,-Inf,0,-1.92987289224407,-15.6896247536188,1.47780733165995,0.999277087780194,-5 to -55 dB,0,15.8125
